
 /----------------------------------------------------------------------------\
 |                                                                            |
 |  yosys -- Yosys Open SYnthesis Suite                                       |
 |                                                                            |
 |  Copyright (C) 2012 - 2019  Clifford Wolf <clifford@clifford.at>           |
 |                                                                            |
 |  Permission to use, copy, modify, and/or distribute this software for any  |
 |  purpose with or without fee is hereby granted, provided that the above    |
 |  copyright notice and this permission notice appear in all copies.         |
 |                                                                            |
 |  THE SOFTWARE IS PROVIDED "AS IS" AND THE AUTHOR DISCLAIMS ALL WARRANTIES  |
 |  WITH REGARD TO THIS SOFTWARE INCLUDING ALL IMPLIED WARRANTIES OF          |
 |  MERCHANTABILITY AND FITNESS. IN NO EVENT SHALL THE AUTHOR BE LIABLE FOR   |
 |  ANY SPECIAL, DIRECT, INDIRECT, OR CONSEQUENTIAL DAMAGES OR ANY DAMAGES    |
 |  WHATSOEVER RESULTING FROM LOSS OF USE, DATA OR PROFITS, WHETHER IN AN     |
 |  ACTION OF CONTRACT, NEGLIGENCE OR OTHER TORTIOUS ACTION, ARISING OUT OF   |
 |  OR IN CONNECTION WITH THE USE OR PERFORMANCE OF THIS SOFTWARE.            |
 |                                                                            |
 \----------------------------------------------------------------------------/

 Yosys 0.9 (git sha1 1979e0b)


-- Parsing `jtag_tap.v' using frontend `verilog' --

1. Executing Verilog-2005 frontend: jtag_tap.v
Parsing Verilog input from `jtag_tap.v' to AST representation.
Generating RTLIL representation for module `\jtag_tap'.
jtag_tap.v:75: Warning: System task `$display' outside initial block is unsupported.
jtag_tap.v:207: Warning: System task `$display' outside initial block is unsupported.
jtag_tap.v:216: Warning: System task `$display' outside initial block is unsupported.
jtag_tap.v:240: Warning: System task `$display' outside initial block is unsupported.
jtag_tap.v:242: Warning: System task `$display' outside initial block is unsupported.
jtag_tap.v:251: Warning: System task `$display' outside initial block is unsupported.
jtag_tap.v:273: Warning: System task `$display' outside initial block is unsupported.
jtag_tap.v:277: Warning: System task `$display' outside initial block is unsupported.
jtag_tap.v:285: Warning: System task `$display' outside initial block is unsupported.
jtag_tap.v:291: Warning: System task `$display' outside initial block is unsupported.
jtag_tap.v:292: Warning: System task `$display' outside initial block is unsupported.
jtag_tap.v:295: Warning: System task `$display' outside initial block is unsupported.
Successfully finished Verilog frontend.

-- Parsing `jtag_debug_cdc.v' using frontend `verilog' --

2. Executing Verilog-2005 frontend: jtag_debug_cdc.v
Parsing Verilog input from `jtag_debug_cdc.v' to AST representation.
Generating RTLIL representation for module `\jtag_debug_cdc'.
jtag_debug_cdc.v:32: Warning: System task `$display' outside initial block is unsupported.
jtag_debug_cdc.v:41: Warning: System task `$display' outside initial block is unsupported.
jtag_debug_cdc.v:50: Warning: System task `$display' outside initial block is unsupported.
jtag_debug_cdc.v:107: Warning: System task `$display' outside initial block is unsupported.
jtag_debug_cdc.v:111: Warning: System task `$display' outside initial block is unsupported.
jtag_debug_cdc.v:115: Warning: System task `$display' outside initial block is unsupported.
jtag_debug_cdc.v:119: Warning: System task `$display' outside initial block is unsupported.
Successfully finished Verilog frontend.

-- Parsing `riscv.v' using frontend `verilog' --

3. Executing Verilog-2005 frontend: riscv.v
Parsing Verilog input from `riscv.v' to AST representation.
Generating RTLIL representation for module `\femtoPLL'.
Generating RTLIL representation for module `\Clockworks'.
Generating RTLIL representation for module `\gpio_ctrl_ip'.
Generating RTLIL representation for module `\timer_ip'.
Generating RTLIL representation for module `\corescore_emitter_uart'.
Generating RTLIL representation for module `\Memory'.
Generating RTLIL representation for module `\Processor'.
riscv.v:292: Warning: System task `$display' outside initial block is unsupported.
riscv.v:300: Warning: System task `$display' outside initial block is unsupported.
riscv.v:314: Warning: System task `$display' outside initial block is unsupported.
riscv.v:320: Warning: System task `$display' outside initial block is unsupported.
riscv.v:341: Warning: System task `$display' outside initial block is unsupported.
riscv.v:347: Warning: System task `$display' outside initial block is unsupported.
riscv.v:355: Warning: System task `$display' outside initial block is unsupported.
riscv.v:356: Warning: System task `$display' outside initial block is unsupported.
riscv.v:361: Warning: System task `$display' outside initial block is unsupported.
riscv.v:403: Warning: System task `$display' outside initial block is unsupported.
riscv.v:409: Warning: System task `$display' outside initial block is unsupported.
riscv.v:412: Warning: System task `$display' outside initial block is unsupported.
riscv.v:415: Warning: System task `$display' outside initial block is unsupported.
riscv.v:440: Warning: System task `$display' outside initial block is unsupported.
riscv.v:446: Warning: System task `$display' outside initial block is unsupported.
Note: Assuming pure combinatorial block at riscv.v:445 in
compliance with IEC 62142(E):2005 / IEEE Std. 1364.1(E):2002. Recommending
use of @* instead of @(...) for better match of synthesis and simulation.
Generating RTLIL representation for module `\SOC'.
Successfully finished Verilog frontend.

-- Running command `synth_ice40 -top SOC -json SOC.json' --

4. Executing SYNTH_ICE40 pass.

4.1. Executing Verilog-2005 frontend: /usr/bin/../share/yosys/ice40/cells_sim.v
Parsing Verilog input from `/usr/bin/../share/yosys/ice40/cells_sim.v' to AST representation.
Generating RTLIL representation for module `\SB_IO'.
Generating RTLIL representation for module `\SB_GB_IO'.
Generating RTLIL representation for module `\SB_GB'.
Generating RTLIL representation for module `\SB_LUT4'.
Generating RTLIL representation for module `\SB_CARRY'.
Generating RTLIL representation for module `\SB_DFF'.
Generating RTLIL representation for module `\SB_DFFE'.
Generating RTLIL representation for module `\SB_DFFSR'.
Generating RTLIL representation for module `\SB_DFFR'.
Generating RTLIL representation for module `\SB_DFFSS'.
Generating RTLIL representation for module `\SB_DFFS'.
Generating RTLIL representation for module `\SB_DFFESR'.
Generating RTLIL representation for module `\SB_DFFER'.
Generating RTLIL representation for module `\SB_DFFESS'.
Generating RTLIL representation for module `\SB_DFFES'.
Generating RTLIL representation for module `\SB_DFFN'.
Generating RTLIL representation for module `\SB_DFFNE'.
Generating RTLIL representation for module `\SB_DFFNSR'.
Generating RTLIL representation for module `\SB_DFFNR'.
Generating RTLIL representation for module `\SB_DFFNSS'.
Generating RTLIL representation for module `\SB_DFFNS'.
Generating RTLIL representation for module `\SB_DFFNESR'.
Generating RTLIL representation for module `\SB_DFFNER'.
Generating RTLIL representation for module `\SB_DFFNESS'.
Generating RTLIL representation for module `\SB_DFFNES'.
Generating RTLIL representation for module `\SB_RAM40_4K'.
Generating RTLIL representation for module `\SB_RAM40_4KNR'.
Generating RTLIL representation for module `\SB_RAM40_4KNW'.
Generating RTLIL representation for module `\SB_RAM40_4KNRNW'.
Generating RTLIL representation for module `\ICESTORM_LC'.
Generating RTLIL representation for module `\SB_PLL40_CORE'.
Generating RTLIL representation for module `\SB_PLL40_PAD'.
Generating RTLIL representation for module `\SB_PLL40_2_PAD'.
Generating RTLIL representation for module `\SB_PLL40_2F_CORE'.
Generating RTLIL representation for module `\SB_PLL40_2F_PAD'.
Generating RTLIL representation for module `\SB_WARMBOOT'.
Generating RTLIL representation for module `\SB_SPRAM256KA'.
Generating RTLIL representation for module `\SB_HFOSC'.
Generating RTLIL representation for module `\SB_LFOSC'.
Generating RTLIL representation for module `\SB_RGBA_DRV'.
Generating RTLIL representation for module `\SB_LED_DRV_CUR'.
Generating RTLIL representation for module `\SB_RGB_DRV'.
Generating RTLIL representation for module `\SB_I2C'.
Generating RTLIL representation for module `\SB_SPI'.
Generating RTLIL representation for module `\SB_LEDDA_IP'.
Generating RTLIL representation for module `\SB_FILTER_50NS'.
Generating RTLIL representation for module `\SB_IO_I3C'.
Generating RTLIL representation for module `\SB_IO_OD'.
Generating RTLIL representation for module `\SB_MAC16'.
Successfully finished Verilog frontend.

4.2. Executing HIERARCHY pass (managing design hierarchy).

4.2.1. Analyzing design hierarchy..
Top module:  \SOC
Used module:     \corescore_emitter_uart
Used module:     \timer_ip
Used module:     \gpio_ctrl_ip
Used module:     \jtag_debug_cdc
Used module:     \jtag_tap
Used module:     \Memory
Used module:     \Processor
Used module:     \Clockworks

4.2.2. Executing AST frontend in derive mode using pre-parsed AST for module `\Clockworks'.
Parameter \SLOW = 0
Generating RTLIL representation for module `$paramod\Clockworks\SLOW=0'.

4.2.3. Analyzing design hierarchy..
Top module:  \SOC
Used module:     \corescore_emitter_uart
Used module:     \timer_ip
Used module:     \gpio_ctrl_ip
Used module:     \jtag_debug_cdc
Used module:     \jtag_tap
Used module:     \Memory
Used module:     \Processor
Used module:     $paramod\Clockworks\SLOW=0

4.2.4. Analyzing design hierarchy..
Top module:  \SOC
Used module:     \corescore_emitter_uart
Used module:     \timer_ip
Used module:     \gpio_ctrl_ip
Used module:     \jtag_debug_cdc
Used module:     \jtag_tap
Used module:     \Memory
Used module:     \Processor
Used module:     $paramod\Clockworks\SLOW=0
Removing unused module `\Clockworks'.
Removing unused module `\femtoPLL'.
Removed 2 unused modules.

4.3. Executing PROC pass (convert processes to netlists).

4.3.1. Executing PROC_CLEAN pass (remove empty switches from decision trees).
Removing empty process `Processor.$proc$riscv.v:116$385'.
Removing empty process `Processor.$proc$riscv.v:445$277'.
Removing empty process `Processor.$proc$riscv.v:439$276'.
Found and cleaned up 3 empty switches in `\Processor.$proc$riscv.v:406$259'.
Removing empty process `Processor.$proc$riscv.v:406$259'.
Found and cleaned up 1 empty switch in `\Processor.$proc$riscv.v:401$258'.
Removing empty process `Processor.$proc$riscv.v:401$258'.
Removing empty process `Memory.$proc$riscv.v:30$108'.
Found and cleaned up 4 empty switches in `\jtag_debug_cdc.$proc$jtag_debug_cdc.v:65$27'.
Found and cleaned up 2 empty switches in `\jtag_tap.$proc$jtag_tap.v:289$17'.
Removing empty process `jtag_tap.$proc$jtag_tap.v:289$17'.
Found and cleaned up 2 empty switches in `\jtag_tap.$proc$jtag_tap.v:282$13'.
Removing empty process `jtag_tap.$proc$jtag_tap.v:282$13'.
Cleaned up 12 empty switches.

4.3.2. Executing PROC_RMDEAD pass (remove dead branches from decision trees).
Marked 1 switch rules as full_case in process $proc$riscv.v:718$417 in module SOC.
Marked 1 switch rules as full_case in process $proc$riscv.v:710$414 in module SOC.
Marked 1 switch rules as full_case in process $proc$riscv.v:696$409 in module SOC.
Marked 3 switch rules as full_case in process $proc$riscv.v:289$249 in module Processor.
Marked 1 switch rules as full_case in process $proc$riscv.v:185$208 in module Processor.
Removed 1 dead cases from process $proc$riscv.v:170$202 in module Processor.
Marked 1 switch rules as full_case in process $proc$riscv.v:170$202 in module Processor.
Marked 3 switch rules as full_case in process $proc$emitter_uart.v:24$76 in module corescore_emitter_uart.
Removed 1 dead cases from process $proc$timer_ip.v:137$70 in module timer_ip.
Marked 2 switch rules as full_case in process $proc$timer_ip.v:137$70 in module timer_ip.
Marked 5 switch rules as full_case in process $proc$timer_ip.v:79$62 in module timer_ip.
Marked 1 switch rules as full_case in process $proc$timer_ip.v:62$59 in module timer_ip.
Marked 1 switch rules as full_case in process $proc$gpio_ctrl_ip.v:52$44 in module gpio_ctrl_ip.
Marked 1 switch rules as full_case in process $proc$gpio_ctrl_ip.v:36$41 in module gpio_ctrl_ip.
Marked 1 switch rules as full_case in process $proc$clockworks.v:103$420 in module $paramod\Clockworks\SLOW=0.
Marked 1 switch rules as full_case in process $proc$jtag_debug_cdc.v:65$27 in module jtag_debug_cdc.
Marked 1 switch rules as full_case in process $proc$jtag_debug_cdc.v:45$25 in module jtag_debug_cdc.
Marked 1 switch rules as full_case in process $proc$jtag_debug_cdc.v:36$23 in module jtag_debug_cdc.
Marked 1 switch rules as full_case in process $proc$jtag_debug_cdc.v:27$21 in module jtag_debug_cdc.
Marked 2 switch rules as full_case in process $proc$jtag_tap.v:204$6 in module jtag_tap.
Marked 2 switch rules as full_case in process $proc$jtag_tap.v:188$2 in module jtag_tap.
Removed 1 dead cases from process $proc$jtag_tap.v:74$1 in module jtag_tap.
Marked 18 switch rules as full_case in process $proc$jtag_tap.v:74$1 in module jtag_tap.
Removed a total of 3 dead cases.

4.3.3. Executing PROC_INIT pass (extract init attributes).
Found init rule in `\Processor.$proc$riscv.v:281$386'.
  Set init value: \state = 3'000
Found init rule in `\Processor.$proc$riscv.v:65$319'.
  Set init value: \PC = 0
Found init rule in `\corescore_emitter_uart.$proc$emitter_uart.v:18$84'.
  Set init value: \cnt = 1'0
Found init rule in `$paramod\Clockworks\SLOW=0.$proc$clockworks.v:98$424'.
  Set init value: \reset_cnt = 16'0000000000000000
Found init rule in `\jtag_tap.$proc$jtag_tap.v:62$20'.
  Set init value: \tdo_reg = 1'0
  Set init value: \state = 4'0000
  Set init value: \ir = 4'0000
  Set init value: \ir_shift = 4'0000
  Set init value: \dr_shift = 0
  Set init value: \bypass_bit = 1'0
  Set init value: \debug_ctrl_reg = 0

4.3.4. Executing PROC_ARST pass (detect async resets in processes).
Found async reset \resetn in `\SOC.$proc$riscv.v:718$417'.
Found async reset \resetn in `\SOC.$proc$riscv.v:710$414'.
Found async reset \resetn in `\SOC.$proc$riscv.v:696$409'.
Found async reset \rst_n in `\gpio_ctrl_ip.$proc$gpio_ctrl_ip.v:36$41'.
Found async reset \RESET in `$paramod\Clockworks\SLOW=0.$proc$clockworks.v:103$420'.
Found async reset \reset in `\jtag_debug_cdc.$proc$jtag_debug_cdc.v:65$27'.
Found async reset \trst in `\jtag_debug_cdc.$proc$jtag_debug_cdc.v:45$25'.
Found async reset \trst in `\jtag_debug_cdc.$proc$jtag_debug_cdc.v:36$23'.
Found async reset \trst in `\jtag_debug_cdc.$proc$jtag_debug_cdc.v:27$21'.
Found async reset \trst in `\jtag_tap.$proc$jtag_tap.v:74$1'.

4.3.5. Executing PROC_MUX pass (convert decision trees to multiplexers).
Creating decoders for process `\SOC.$proc$riscv.v:718$417'.
     1/1: $0\LED_EXT[0:0]
Creating decoders for process `\SOC.$proc$riscv.v:710$414'.
     1/1: $0\LEDS[0:0]
Creating decoders for process `\SOC.$proc$riscv.v:696$409'.
     1/2: $0\timeout_d[0:0]
     2/2: $0\led_toggle[0:0]
Creating decoders for process `\Processor.$proc$riscv.v:141$278'.
     1/3: $0$func$\flip32$riscv.v:149$141$\flip32[31:0]$279
     2/3: $0$func$\flip32$riscv.v:149$143$\flip32[31:0]$280
     3/3: $0$func$\flip32$riscv.v:149$143$\x[31:0]$281
Creating decoders for process `\Processor.$proc$riscv.v:281$386'.
     1/1: $1\state[2:0]
Creating decoders for process `\Processor.$proc$riscv.v:110$320'.
     1/65: $0\i[31:0]
     2/65: $0$memwr$\RegisterBank$riscv.v:112$176_DATA[31:0]$384
     3/65: $0$memwr$\RegisterBank$riscv.v:112$176_ADDR[31:0]$383
     4/65: $0$memwr$\RegisterBank$riscv.v:112$175_DATA[31:0]$382
     5/65: $0$memwr$\RegisterBank$riscv.v:112$175_ADDR[31:0]$381
     6/65: $0$memwr$\RegisterBank$riscv.v:112$174_DATA[31:0]$380
     7/65: $0$memwr$\RegisterBank$riscv.v:112$174_ADDR[31:0]$379
     8/65: $0$memwr$\RegisterBank$riscv.v:112$173_DATA[31:0]$378
     9/65: $0$memwr$\RegisterBank$riscv.v:112$173_ADDR[31:0]$377
    10/65: $0$memwr$\RegisterBank$riscv.v:112$172_DATA[31:0]$376
    11/65: $0$memwr$\RegisterBank$riscv.v:112$172_ADDR[31:0]$375
    12/65: $0$memwr$\RegisterBank$riscv.v:112$171_DATA[31:0]$374
    13/65: $0$memwr$\RegisterBank$riscv.v:112$171_ADDR[31:0]$373
    14/65: $0$memwr$\RegisterBank$riscv.v:112$170_DATA[31:0]$372
    15/65: $0$memwr$\RegisterBank$riscv.v:112$170_ADDR[31:0]$371
    16/65: $0$memwr$\RegisterBank$riscv.v:112$169_DATA[31:0]$370
    17/65: $0$memwr$\RegisterBank$riscv.v:112$169_ADDR[31:0]$369
    18/65: $0$memwr$\RegisterBank$riscv.v:112$168_DATA[31:0]$368
    19/65: $0$memwr$\RegisterBank$riscv.v:112$168_ADDR[31:0]$367
    20/65: $0$memwr$\RegisterBank$riscv.v:112$167_DATA[31:0]$366
    21/65: $0$memwr$\RegisterBank$riscv.v:112$167_ADDR[31:0]$365
    22/65: $0$memwr$\RegisterBank$riscv.v:112$166_DATA[31:0]$364
    23/65: $0$memwr$\RegisterBank$riscv.v:112$166_ADDR[31:0]$363
    24/65: $0$memwr$\RegisterBank$riscv.v:112$165_DATA[31:0]$362
    25/65: $0$memwr$\RegisterBank$riscv.v:112$165_ADDR[31:0]$361
    26/65: $0$memwr$\RegisterBank$riscv.v:112$164_DATA[31:0]$360
    27/65: $0$memwr$\RegisterBank$riscv.v:112$164_ADDR[31:0]$359
    28/65: $0$memwr$\RegisterBank$riscv.v:112$163_DATA[31:0]$358
    29/65: $0$memwr$\RegisterBank$riscv.v:112$163_ADDR[31:0]$357
    30/65: $0$memwr$\RegisterBank$riscv.v:112$162_DATA[31:0]$356
    31/65: $0$memwr$\RegisterBank$riscv.v:112$162_ADDR[31:0]$355
    32/65: $0$memwr$\RegisterBank$riscv.v:112$161_DATA[31:0]$354
    33/65: $0$memwr$\RegisterBank$riscv.v:112$161_ADDR[31:0]$353
    34/65: $0$memwr$\RegisterBank$riscv.v:112$160_DATA[31:0]$352
    35/65: $0$memwr$\RegisterBank$riscv.v:112$160_ADDR[31:0]$351
    36/65: $0$memwr$\RegisterBank$riscv.v:112$159_DATA[31:0]$350
    37/65: $0$memwr$\RegisterBank$riscv.v:112$159_ADDR[31:0]$349
    38/65: $0$memwr$\RegisterBank$riscv.v:112$158_DATA[31:0]$348
    39/65: $0$memwr$\RegisterBank$riscv.v:112$158_ADDR[31:0]$347
    40/65: $0$memwr$\RegisterBank$riscv.v:112$157_DATA[31:0]$346
    41/65: $0$memwr$\RegisterBank$riscv.v:112$157_ADDR[31:0]$345
    42/65: $0$memwr$\RegisterBank$riscv.v:112$156_DATA[31:0]$344
    43/65: $0$memwr$\RegisterBank$riscv.v:112$156_ADDR[31:0]$343
    44/65: $0$memwr$\RegisterBank$riscv.v:112$155_DATA[31:0]$342
    45/65: $0$memwr$\RegisterBank$riscv.v:112$155_ADDR[31:0]$341
    46/65: $0$memwr$\RegisterBank$riscv.v:112$154_DATA[31:0]$340
    47/65: $0$memwr$\RegisterBank$riscv.v:112$154_ADDR[31:0]$339
    48/65: $0$memwr$\RegisterBank$riscv.v:112$153_DATA[31:0]$338
    49/65: $0$memwr$\RegisterBank$riscv.v:112$153_ADDR[31:0]$337
    50/65: $0$memwr$\RegisterBank$riscv.v:112$152_DATA[31:0]$336
    51/65: $0$memwr$\RegisterBank$riscv.v:112$152_ADDR[31:0]$335
    52/65: $0$memwr$\RegisterBank$riscv.v:112$151_DATA[31:0]$334
    53/65: $0$memwr$\RegisterBank$riscv.v:112$151_ADDR[31:0]$333
    54/65: $0$memwr$\RegisterBank$riscv.v:112$150_DATA[31:0]$332
    55/65: $0$memwr$\RegisterBank$riscv.v:112$150_ADDR[31:0]$331
    56/65: $0$memwr$\RegisterBank$riscv.v:112$149_DATA[31:0]$330
    57/65: $0$memwr$\RegisterBank$riscv.v:112$149_ADDR[31:0]$329
    58/65: $0$memwr$\RegisterBank$riscv.v:112$148_DATA[31:0]$328
    59/65: $0$memwr$\RegisterBank$riscv.v:112$148_ADDR[31:0]$327
    60/65: $0$memwr$\RegisterBank$riscv.v:112$147_DATA[31:0]$326
    61/65: $0$memwr$\RegisterBank$riscv.v:112$147_ADDR[31:0]$325
    62/65: $0$memwr$\RegisterBank$riscv.v:112$146_DATA[31:0]$324
    63/65: $0$memwr$\RegisterBank$riscv.v:112$146_ADDR[31:0]$323
    64/65: $0$memwr$\RegisterBank$riscv.v:112$145_DATA[31:0]$322
    65/65: $0$memwr$\RegisterBank$riscv.v:112$145_ADDR[31:0]$321
Creating decoders for process `\Processor.$proc$riscv.v:65$319'.
     1/1: $1\PC[31:0]
Creating decoders for process `\Processor.$proc$riscv.v:141$282'.
     1/3: $0$func$\flip32$riscv.v:156$142$\flip32[31:0]$283
     2/3: $0$func$\flip32$riscv.v:156$144$\flip32[31:0]$284
     3/3: $0$func$\flip32$riscv.v:156$144$\x[31:0]$285
Creating decoders for process `\Processor.$proc$riscv.v:289$249'.
     1/9: $0$memwr$\RegisterBank$riscv.v:332$177_EN[31:0]$252
     2/9: $0$memwr$\RegisterBank$riscv.v:332$177_DATA[31:0]$251
     3/9: $0$memwr$\RegisterBank$riscv.v:332$177_ADDR[4:0]$250
     4/9: $0\rs2[31:0]
     5/9: $0\rs1[31:0]
     6/9: $0\PC[31:0]
     7/9: $0\instr[31:0]
     8/9: $0\state[2:0]
     9/9: $0\debug_halted[0:0]
Creating decoders for process `\Processor.$proc$riscv.v:185$208'.
     1/2: $1\takeBranch[0:0]
     2/2: $0\takeBranch[0:0]
Creating decoders for process `\Processor.$proc$riscv.v:170$202'.
     1/2: $1\aluOut[31:0]
     2/2: $0\aluOut[31:0]
Creating decoders for process `\Memory.$proc$riscv.v:36$89'.
     1/13: $0$memwr$\MEM$riscv.v:40$85_EN[31:0]$92
     2/13: $0$memwr$\MEM$riscv.v:40$85_DATA[31:0]$91
     3/13: $0$memwr$\MEM$riscv.v:40$85_ADDR[29:0]$90
     4/13: $0$memwr$\MEM$riscv.v:41$86_EN[31:0]$95
     5/13: $0$memwr$\MEM$riscv.v:41$86_DATA[31:0]$94
     6/13: $0$memwr$\MEM$riscv.v:41$86_ADDR[29:0]$93
     7/13: $0$memwr$\MEM$riscv.v:42$87_EN[31:0]$98
     8/13: $0$memwr$\MEM$riscv.v:42$87_DATA[31:0]$97
     9/13: $0$memwr$\MEM$riscv.v:42$87_ADDR[29:0]$96
    10/13: $0$memwr$\MEM$riscv.v:43$88_EN[31:0]$101
    11/13: $0$memwr$\MEM$riscv.v:43$88_DATA[31:0]$100
    12/13: $0$memwr$\MEM$riscv.v:43$88_ADDR[29:0]$99
    13/13: $0\mem_rdata[31:0]
Creating decoders for process `\corescore_emitter_uart.$proc$emitter_uart.v:18$84'.
     1/1: $1\cnt[0:0]
Creating decoders for process `\corescore_emitter_uart.$proc$emitter_uart.v:24$76'.
     1/3: $0\data[9:0]
     2/3: $0\cnt[0:0]
     3/3: $0\o_ready[0:0]
Creating decoders for process `\timer_ip.$proc$timer_ip.v:137$70'.
     1/1: $0\rdata[31:0]
Creating decoders for process `\timer_ip.$proc$timer_ip.v:79$62'.
     1/5: $0\ctrl_reg[31:0] [31:1]
     2/5: $0\ctrl_reg[31:0] [0]
     3/5: $0\stat_timeout[0:0]
     4/5: $0\value_reg[31:0]
     5/5: $0\presc_cnt[15:0]
Creating decoders for process `\timer_ip.$proc$timer_ip.v:62$59'.
     1/1: $0\load_reg[31:0]
Creating decoders for process `\timer_ip.$proc$timer_ip.v:48$50'.
     1/1: $0\en_d[0:0]
Creating decoders for process `\gpio_ctrl_ip.$proc$gpio_ctrl_ip.v:52$44'.
     1/2: $1\bus_rdata[31:0]
     2/2: $0\bus_rdata[31:0]
Creating decoders for process `\gpio_ctrl_ip.$proc$gpio_ctrl_ip.v:36$41'.
     1/2: $0\gpio_dir[31:0]
     2/2: $0\gpio_data[31:0]
Creating decoders for process `$paramod\Clockworks\SLOW=0.$proc$clockworks.v:98$424'.
     1/1: $1\reset_cnt[15:0]
Creating decoders for process `$paramod\Clockworks\SLOW=0.$proc$clockworks.v:103$420'.
     1/1: $0\reset_cnt[15:0]
Creating decoders for process `\jtag_debug_cdc.$proc$jtag_debug_cdc.v:65$27'.
     1/10: $0\resume_toggle_d[0:0]
     2/10: $0\reset_sync2_d[0:0]
     3/10: $0\reset_sync2[0:0]
     4/10: $0\reset_sync1[0:0]
     5/10: $0\resume_sync2_d[0:0]
     6/10: $0\resume_sync2[0:0]
     7/10: $0\resume_sync1[0:0]
     8/10: $0\halt_sync2_d[0:0]
     9/10: $0\halt_sync2[0:0]
    10/10: $0\halt_sync1[0:0]
Creating decoders for process `\jtag_debug_cdc.$proc$jtag_debug_cdc.v:45$25'.
     1/1: $0\reset_toggle[0:0]
Creating decoders for process `\jtag_debug_cdc.$proc$jtag_debug_cdc.v:36$23'.
     1/1: $0\resume_toggle[0:0]
Creating decoders for process `\jtag_debug_cdc.$proc$jtag_debug_cdc.v:27$21'.
     1/1: $0\halt_toggle[0:0]
Creating decoders for process `\jtag_tap.$proc$jtag_tap.v:62$20'.
     1/8: $1\debug_ctrl_reg[31:0]
     2/8: $1\tdo_reg[0:0]
     3/8: $1\bypass_bit[0:0]
     4/8: $1\dr_shift[31:0]
     5/8: $0\idcode[31:0]
     6/8: $1\ir_shift[3:0]
     7/8: $1\ir[3:0]
     8/8: $1\state[3:0]
Creating decoders for process `\jtag_tap.$proc$jtag_tap.v:267$9'.
     1/4: $0\debug_reset_req[0:0]
     2/4: $0\debug_resume_req[0:0]
     3/4: $0\debug_halt_req[0:0]
     4/4: $0\debug_ctrl_reg[31:0]
Creating decoders for process `\jtag_tap.$proc$jtag_tap.v:204$6'.
     1/3: $0\bypass_bit[0:0]
     2/3: $0\dr_shift[31:0]
     3/3: $0\tdo_reg[0:0]
Creating decoders for process `\jtag_tap.$proc$jtag_tap.v:188$2'.
     1/2: $0\ir_shift[3:0]
     2/2: $0\ir[3:0]
Creating decoders for process `\jtag_tap.$proc$jtag_tap.v:74$1'.
     1/1: $0\state[3:0]

4.3.6. Executing PROC_DLATCH pass (convert process syncs to latches).
No latch inferred for signal `\Processor.$func$\flip32$riscv.v:149$141$\flip32' from process `\Processor.$proc$riscv.v:141$278'.
No latch inferred for signal `\Processor.$func$\flip32$riscv.v:149$143$\flip32' from process `\Processor.$proc$riscv.v:141$278'.
No latch inferred for signal `\Processor.$func$\flip32$riscv.v:149$143$\x' from process `\Processor.$proc$riscv.v:141$278'.
No latch inferred for signal `\Processor.\i' from process `\Processor.$proc$riscv.v:110$320'.
No latch inferred for signal `\Processor.$memwr$\RegisterBank$riscv.v:112$145_ADDR' from process `\Processor.$proc$riscv.v:110$320'.
No latch inferred for signal `\Processor.$memwr$\RegisterBank$riscv.v:112$145_DATA' from process `\Processor.$proc$riscv.v:110$320'.
No latch inferred for signal `\Processor.$memwr$\RegisterBank$riscv.v:112$146_ADDR' from process `\Processor.$proc$riscv.v:110$320'.
No latch inferred for signal `\Processor.$memwr$\RegisterBank$riscv.v:112$146_DATA' from process `\Processor.$proc$riscv.v:110$320'.
No latch inferred for signal `\Processor.$memwr$\RegisterBank$riscv.v:112$147_ADDR' from process `\Processor.$proc$riscv.v:110$320'.
No latch inferred for signal `\Processor.$memwr$\RegisterBank$riscv.v:112$147_DATA' from process `\Processor.$proc$riscv.v:110$320'.
No latch inferred for signal `\Processor.$memwr$\RegisterBank$riscv.v:112$148_ADDR' from process `\Processor.$proc$riscv.v:110$320'.
No latch inferred for signal `\Processor.$memwr$\RegisterBank$riscv.v:112$148_DATA' from process `\Processor.$proc$riscv.v:110$320'.
No latch inferred for signal `\Processor.$memwr$\RegisterBank$riscv.v:112$149_ADDR' from process `\Processor.$proc$riscv.v:110$320'.
No latch inferred for signal `\Processor.$memwr$\RegisterBank$riscv.v:112$149_DATA' from process `\Processor.$proc$riscv.v:110$320'.
No latch inferred for signal `\Processor.$memwr$\RegisterBank$riscv.v:112$150_ADDR' from process `\Processor.$proc$riscv.v:110$320'.
No latch inferred for signal `\Processor.$memwr$\RegisterBank$riscv.v:112$150_DATA' from process `\Processor.$proc$riscv.v:110$320'.
No latch inferred for signal `\Processor.$memwr$\RegisterBank$riscv.v:112$151_ADDR' from process `\Processor.$proc$riscv.v:110$320'.
No latch inferred for signal `\Processor.$memwr$\RegisterBank$riscv.v:112$151_DATA' from process `\Processor.$proc$riscv.v:110$320'.
No latch inferred for signal `\Processor.$memwr$\RegisterBank$riscv.v:112$152_ADDR' from process `\Processor.$proc$riscv.v:110$320'.
No latch inferred for signal `\Processor.$memwr$\RegisterBank$riscv.v:112$152_DATA' from process `\Processor.$proc$riscv.v:110$320'.
No latch inferred for signal `\Processor.$memwr$\RegisterBank$riscv.v:112$153_ADDR' from process `\Processor.$proc$riscv.v:110$320'.
No latch inferred for signal `\Processor.$memwr$\RegisterBank$riscv.v:112$153_DATA' from process `\Processor.$proc$riscv.v:110$320'.
No latch inferred for signal `\Processor.$memwr$\RegisterBank$riscv.v:112$154_ADDR' from process `\Processor.$proc$riscv.v:110$320'.
No latch inferred for signal `\Processor.$memwr$\RegisterBank$riscv.v:112$154_DATA' from process `\Processor.$proc$riscv.v:110$320'.
No latch inferred for signal `\Processor.$memwr$\RegisterBank$riscv.v:112$155_ADDR' from process `\Processor.$proc$riscv.v:110$320'.
No latch inferred for signal `\Processor.$memwr$\RegisterBank$riscv.v:112$155_DATA' from process `\Processor.$proc$riscv.v:110$320'.
No latch inferred for signal `\Processor.$memwr$\RegisterBank$riscv.v:112$156_ADDR' from process `\Processor.$proc$riscv.v:110$320'.
No latch inferred for signal `\Processor.$memwr$\RegisterBank$riscv.v:112$156_DATA' from process `\Processor.$proc$riscv.v:110$320'.
No latch inferred for signal `\Processor.$memwr$\RegisterBank$riscv.v:112$157_ADDR' from process `\Processor.$proc$riscv.v:110$320'.
No latch inferred for signal `\Processor.$memwr$\RegisterBank$riscv.v:112$157_DATA' from process `\Processor.$proc$riscv.v:110$320'.
No latch inferred for signal `\Processor.$memwr$\RegisterBank$riscv.v:112$158_ADDR' from process `\Processor.$proc$riscv.v:110$320'.
No latch inferred for signal `\Processor.$memwr$\RegisterBank$riscv.v:112$158_DATA' from process `\Processor.$proc$riscv.v:110$320'.
No latch inferred for signal `\Processor.$memwr$\RegisterBank$riscv.v:112$159_ADDR' from process `\Processor.$proc$riscv.v:110$320'.
No latch inferred for signal `\Processor.$memwr$\RegisterBank$riscv.v:112$159_DATA' from process `\Processor.$proc$riscv.v:110$320'.
No latch inferred for signal `\Processor.$memwr$\RegisterBank$riscv.v:112$160_ADDR' from process `\Processor.$proc$riscv.v:110$320'.
No latch inferred for signal `\Processor.$memwr$\RegisterBank$riscv.v:112$160_DATA' from process `\Processor.$proc$riscv.v:110$320'.
No latch inferred for signal `\Processor.$memwr$\RegisterBank$riscv.v:112$161_ADDR' from process `\Processor.$proc$riscv.v:110$320'.
No latch inferred for signal `\Processor.$memwr$\RegisterBank$riscv.v:112$161_DATA' from process `\Processor.$proc$riscv.v:110$320'.
No latch inferred for signal `\Processor.$memwr$\RegisterBank$riscv.v:112$162_ADDR' from process `\Processor.$proc$riscv.v:110$320'.
No latch inferred for signal `\Processor.$memwr$\RegisterBank$riscv.v:112$162_DATA' from process `\Processor.$proc$riscv.v:110$320'.
No latch inferred for signal `\Processor.$memwr$\RegisterBank$riscv.v:112$163_ADDR' from process `\Processor.$proc$riscv.v:110$320'.
No latch inferred for signal `\Processor.$memwr$\RegisterBank$riscv.v:112$163_DATA' from process `\Processor.$proc$riscv.v:110$320'.
No latch inferred for signal `\Processor.$memwr$\RegisterBank$riscv.v:112$164_ADDR' from process `\Processor.$proc$riscv.v:110$320'.
No latch inferred for signal `\Processor.$memwr$\RegisterBank$riscv.v:112$164_DATA' from process `\Processor.$proc$riscv.v:110$320'.
No latch inferred for signal `\Processor.$memwr$\RegisterBank$riscv.v:112$165_ADDR' from process `\Processor.$proc$riscv.v:110$320'.
No latch inferred for signal `\Processor.$memwr$\RegisterBank$riscv.v:112$165_DATA' from process `\Processor.$proc$riscv.v:110$320'.
No latch inferred for signal `\Processor.$memwr$\RegisterBank$riscv.v:112$166_ADDR' from process `\Processor.$proc$riscv.v:110$320'.
No latch inferred for signal `\Processor.$memwr$\RegisterBank$riscv.v:112$166_DATA' from process `\Processor.$proc$riscv.v:110$320'.
No latch inferred for signal `\Processor.$memwr$\RegisterBank$riscv.v:112$167_ADDR' from process `\Processor.$proc$riscv.v:110$320'.
No latch inferred for signal `\Processor.$memwr$\RegisterBank$riscv.v:112$167_DATA' from process `\Processor.$proc$riscv.v:110$320'.
No latch inferred for signal `\Processor.$memwr$\RegisterBank$riscv.v:112$168_ADDR' from process `\Processor.$proc$riscv.v:110$320'.
No latch inferred for signal `\Processor.$memwr$\RegisterBank$riscv.v:112$168_DATA' from process `\Processor.$proc$riscv.v:110$320'.
No latch inferred for signal `\Processor.$memwr$\RegisterBank$riscv.v:112$169_ADDR' from process `\Processor.$proc$riscv.v:110$320'.
No latch inferred for signal `\Processor.$memwr$\RegisterBank$riscv.v:112$169_DATA' from process `\Processor.$proc$riscv.v:110$320'.
No latch inferred for signal `\Processor.$memwr$\RegisterBank$riscv.v:112$170_ADDR' from process `\Processor.$proc$riscv.v:110$320'.
No latch inferred for signal `\Processor.$memwr$\RegisterBank$riscv.v:112$170_DATA' from process `\Processor.$proc$riscv.v:110$320'.
No latch inferred for signal `\Processor.$memwr$\RegisterBank$riscv.v:112$171_ADDR' from process `\Processor.$proc$riscv.v:110$320'.
No latch inferred for signal `\Processor.$memwr$\RegisterBank$riscv.v:112$171_DATA' from process `\Processor.$proc$riscv.v:110$320'.
No latch inferred for signal `\Processor.$memwr$\RegisterBank$riscv.v:112$172_ADDR' from process `\Processor.$proc$riscv.v:110$320'.
No latch inferred for signal `\Processor.$memwr$\RegisterBank$riscv.v:112$172_DATA' from process `\Processor.$proc$riscv.v:110$320'.
No latch inferred for signal `\Processor.$memwr$\RegisterBank$riscv.v:112$173_ADDR' from process `\Processor.$proc$riscv.v:110$320'.
No latch inferred for signal `\Processor.$memwr$\RegisterBank$riscv.v:112$173_DATA' from process `\Processor.$proc$riscv.v:110$320'.
No latch inferred for signal `\Processor.$memwr$\RegisterBank$riscv.v:112$174_ADDR' from process `\Processor.$proc$riscv.v:110$320'.
No latch inferred for signal `\Processor.$memwr$\RegisterBank$riscv.v:112$174_DATA' from process `\Processor.$proc$riscv.v:110$320'.
No latch inferred for signal `\Processor.$memwr$\RegisterBank$riscv.v:112$175_ADDR' from process `\Processor.$proc$riscv.v:110$320'.
No latch inferred for signal `\Processor.$memwr$\RegisterBank$riscv.v:112$175_DATA' from process `\Processor.$proc$riscv.v:110$320'.
No latch inferred for signal `\Processor.$memwr$\RegisterBank$riscv.v:112$176_ADDR' from process `\Processor.$proc$riscv.v:110$320'.
No latch inferred for signal `\Processor.$memwr$\RegisterBank$riscv.v:112$176_DATA' from process `\Processor.$proc$riscv.v:110$320'.
No latch inferred for signal `\Processor.$func$\flip32$riscv.v:156$142$\flip32' from process `\Processor.$proc$riscv.v:141$282'.
No latch inferred for signal `\Processor.$func$\flip32$riscv.v:156$144$\flip32' from process `\Processor.$proc$riscv.v:141$282'.
No latch inferred for signal `\Processor.$func$\flip32$riscv.v:156$144$\x' from process `\Processor.$proc$riscv.v:141$282'.
No latch inferred for signal `\Processor.\takeBranch' from process `\Processor.$proc$riscv.v:185$208'.
No latch inferred for signal `\Processor.\aluOut' from process `\Processor.$proc$riscv.v:170$202'.
No latch inferred for signal `\gpio_ctrl_ip.\bus_rdata' from process `\gpio_ctrl_ip.$proc$gpio_ctrl_ip.v:52$44'.
No latch inferred for signal `\jtag_tap.\idcode' from process `\jtag_tap.$proc$jtag_tap.v:62$20'.

4.3.7. Executing PROC_DFF pass (convert process syncs to FFs).
Creating register for signal `\SOC.\LED_EXT' using process `\SOC.$proc$riscv.v:718$417'.
  created $adff cell `$procdff$840' with positive edge clock and negative level reset.
Creating register for signal `\SOC.\LEDS' using process `\SOC.$proc$riscv.v:710$414'.
  created $adff cell `$procdff$841' with positive edge clock and negative level reset.
Creating register for signal `\SOC.\led_toggle' using process `\SOC.$proc$riscv.v:696$409'.
  created $adff cell `$procdff$842' with positive edge clock and negative level reset.
Creating register for signal `\SOC.\timeout_d' using process `\SOC.$proc$riscv.v:696$409'.
  created $adff cell `$procdff$843' with positive edge clock and negative level reset.
Creating register for signal `\Processor.\debug_halted' using process `\Processor.$proc$riscv.v:289$249'.
  created $dff cell `$procdff$844' with positive edge clock.
Creating register for signal `\Processor.\state' using process `\Processor.$proc$riscv.v:289$249'.
  created $dff cell `$procdff$845' with positive edge clock.
Creating register for signal `\Processor.\instr' using process `\Processor.$proc$riscv.v:289$249'.
  created $dff cell `$procdff$846' with positive edge clock.
Creating register for signal `\Processor.\PC' using process `\Processor.$proc$riscv.v:289$249'.
  created $dff cell `$procdff$847' with positive edge clock.
Creating register for signal `\Processor.\rs1' using process `\Processor.$proc$riscv.v:289$249'.
  created $dff cell `$procdff$848' with positive edge clock.
Creating register for signal `\Processor.\rs2' using process `\Processor.$proc$riscv.v:289$249'.
  created $dff cell `$procdff$849' with positive edge clock.
Creating register for signal `\Processor.$memwr$\RegisterBank$riscv.v:332$177_ADDR' using process `\Processor.$proc$riscv.v:289$249'.
  created $dff cell `$procdff$850' with positive edge clock.
Creating register for signal `\Processor.$memwr$\RegisterBank$riscv.v:332$177_DATA' using process `\Processor.$proc$riscv.v:289$249'.
  created $dff cell `$procdff$851' with positive edge clock.
Creating register for signal `\Processor.$memwr$\RegisterBank$riscv.v:332$177_EN' using process `\Processor.$proc$riscv.v:289$249'.
  created $dff cell `$procdff$852' with positive edge clock.
Creating register for signal `\Memory.$memwr$\MEM$riscv.v:40$85_ADDR' using process `\Memory.$proc$riscv.v:36$89'.
  created $dff cell `$procdff$853' with positive edge clock.
Creating register for signal `\Memory.\mem_rdata' using process `\Memory.$proc$riscv.v:36$89'.
  created $dff cell `$procdff$854' with positive edge clock.
Creating register for signal `\Memory.$memwr$\MEM$riscv.v:40$85_DATA' using process `\Memory.$proc$riscv.v:36$89'.
  created $dff cell `$procdff$855' with positive edge clock.
Creating register for signal `\Memory.$memwr$\MEM$riscv.v:40$85_EN' using process `\Memory.$proc$riscv.v:36$89'.
  created $dff cell `$procdff$856' with positive edge clock.
Creating register for signal `\Memory.$memwr$\MEM$riscv.v:41$86_ADDR' using process `\Memory.$proc$riscv.v:36$89'.
  created $dff cell `$procdff$857' with positive edge clock.
Creating register for signal `\Memory.$memwr$\MEM$riscv.v:41$86_DATA' using process `\Memory.$proc$riscv.v:36$89'.
  created $dff cell `$procdff$858' with positive edge clock.
Creating register for signal `\Memory.$memwr$\MEM$riscv.v:41$86_EN' using process `\Memory.$proc$riscv.v:36$89'.
  created $dff cell `$procdff$859' with positive edge clock.
Creating register for signal `\Memory.$memwr$\MEM$riscv.v:42$87_ADDR' using process `\Memory.$proc$riscv.v:36$89'.
  created $dff cell `$procdff$860' with positive edge clock.
Creating register for signal `\Memory.$memwr$\MEM$riscv.v:42$87_DATA' using process `\Memory.$proc$riscv.v:36$89'.
  created $dff cell `$procdff$861' with positive edge clock.
Creating register for signal `\Memory.$memwr$\MEM$riscv.v:42$87_EN' using process `\Memory.$proc$riscv.v:36$89'.
  created $dff cell `$procdff$862' with positive edge clock.
Creating register for signal `\Memory.$memwr$\MEM$riscv.v:43$88_ADDR' using process `\Memory.$proc$riscv.v:36$89'.
  created $dff cell `$procdff$863' with positive edge clock.
Creating register for signal `\Memory.$memwr$\MEM$riscv.v:43$88_DATA' using process `\Memory.$proc$riscv.v:36$89'.
  created $dff cell `$procdff$864' with positive edge clock.
Creating register for signal `\Memory.$memwr$\MEM$riscv.v:43$88_EN' using process `\Memory.$proc$riscv.v:36$89'.
  created $dff cell `$procdff$865' with positive edge clock.
Creating register for signal `\corescore_emitter_uart.\o_ready' using process `\corescore_emitter_uart.$proc$emitter_uart.v:24$76'.
  created $dff cell `$procdff$866' with positive edge clock.
Creating register for signal `\corescore_emitter_uart.\cnt' using process `\corescore_emitter_uart.$proc$emitter_uart.v:24$76'.
  created $dff cell `$procdff$867' with positive edge clock.
Creating register for signal `\corescore_emitter_uart.\data' using process `\corescore_emitter_uart.$proc$emitter_uart.v:24$76'.
  created $dff cell `$procdff$868' with positive edge clock.
Creating register for signal `\timer_ip.\rdata' using process `\timer_ip.$proc$timer_ip.v:137$70'.
  created $dff cell `$procdff$869' with positive edge clock.
Creating register for signal `\timer_ip.\ctrl_reg' using process `\timer_ip.$proc$timer_ip.v:79$62'.
  created $dff cell `$procdff$870' with positive edge clock.
Creating register for signal `\timer_ip.\value_reg' using process `\timer_ip.$proc$timer_ip.v:79$62'.
  created $dff cell `$procdff$871' with positive edge clock.
Creating register for signal `\timer_ip.\stat_timeout' using process `\timer_ip.$proc$timer_ip.v:79$62'.
  created $dff cell `$procdff$872' with positive edge clock.
Creating register for signal `\timer_ip.\presc_cnt' using process `\timer_ip.$proc$timer_ip.v:79$62'.
  created $dff cell `$procdff$873' with positive edge clock.
Creating register for signal `\timer_ip.\load_reg' using process `\timer_ip.$proc$timer_ip.v:62$59'.
  created $dff cell `$procdff$874' with positive edge clock.
Creating register for signal `\timer_ip.\en_d' using process `\timer_ip.$proc$timer_ip.v:48$50'.
  created $dff cell `$procdff$875' with positive edge clock.
Creating register for signal `\gpio_ctrl_ip.\gpio_data' using process `\gpio_ctrl_ip.$proc$gpio_ctrl_ip.v:36$41'.
  created $adff cell `$procdff$876' with positive edge clock and negative level reset.
Creating register for signal `\gpio_ctrl_ip.\gpio_dir' using process `\gpio_ctrl_ip.$proc$gpio_ctrl_ip.v:36$41'.
  created $adff cell `$procdff$877' with positive edge clock and negative level reset.
Creating register for signal `$paramod\Clockworks\SLOW=0.\reset_cnt' using process `$paramod\Clockworks\SLOW=0.$proc$clockworks.v:103$420'.
  created $adff cell `$procdff$878' with positive edge clock and negative level reset.
Creating register for signal `\jtag_debug_cdc.\halt_sync1' using process `\jtag_debug_cdc.$proc$jtag_debug_cdc.v:65$27'.
  created $adff cell `$procdff$879' with positive edge clock and positive level reset.
Creating register for signal `\jtag_debug_cdc.\halt_sync2' using process `\jtag_debug_cdc.$proc$jtag_debug_cdc.v:65$27'.
  created $adff cell `$procdff$880' with positive edge clock and positive level reset.
Creating register for signal `\jtag_debug_cdc.\halt_sync2_d' using process `\jtag_debug_cdc.$proc$jtag_debug_cdc.v:65$27'.
  created $adff cell `$procdff$881' with positive edge clock and positive level reset.
Creating register for signal `\jtag_debug_cdc.\resume_sync1' using process `\jtag_debug_cdc.$proc$jtag_debug_cdc.v:65$27'.
  created $adff cell `$procdff$882' with positive edge clock and positive level reset.
Creating register for signal `\jtag_debug_cdc.\resume_sync2' using process `\jtag_debug_cdc.$proc$jtag_debug_cdc.v:65$27'.
  created $adff cell `$procdff$883' with positive edge clock and positive level reset.
Creating register for signal `\jtag_debug_cdc.\resume_sync2_d' using process `\jtag_debug_cdc.$proc$jtag_debug_cdc.v:65$27'.
  created $adff cell `$procdff$884' with positive edge clock and positive level reset.
Creating register for signal `\jtag_debug_cdc.\reset_sync1' using process `\jtag_debug_cdc.$proc$jtag_debug_cdc.v:65$27'.
  created $adff cell `$procdff$885' with positive edge clock and positive level reset.
Creating register for signal `\jtag_debug_cdc.\reset_sync2' using process `\jtag_debug_cdc.$proc$jtag_debug_cdc.v:65$27'.
  created $adff cell `$procdff$886' with positive edge clock and positive level reset.
Creating register for signal `\jtag_debug_cdc.\reset_sync2_d' using process `\jtag_debug_cdc.$proc$jtag_debug_cdc.v:65$27'.
  created $adff cell `$procdff$887' with positive edge clock and positive level reset.
Creating register for signal `\jtag_debug_cdc.\resume_toggle_d' using process `\jtag_debug_cdc.$proc$jtag_debug_cdc.v:65$27'.
  created $adff cell `$procdff$888' with positive edge clock and positive level reset.
Creating register for signal `\jtag_debug_cdc.\reset_toggle' using process `\jtag_debug_cdc.$proc$jtag_debug_cdc.v:45$25'.
  created $adff cell `$procdff$889' with positive edge clock and positive level reset.
Creating register for signal `\jtag_debug_cdc.\resume_toggle' using process `\jtag_debug_cdc.$proc$jtag_debug_cdc.v:36$23'.
  created $adff cell `$procdff$890' with positive edge clock and positive level reset.
Creating register for signal `\jtag_debug_cdc.\halt_toggle' using process `\jtag_debug_cdc.$proc$jtag_debug_cdc.v:27$21'.
  created $adff cell `$procdff$891' with positive edge clock and positive level reset.
Creating register for signal `\jtag_tap.\debug_resume_req' using process `\jtag_tap.$proc$jtag_tap.v:267$9'.
  created $dff cell `$procdff$892' with positive edge clock.
Creating register for signal `\jtag_tap.\debug_reset_req' using process `\jtag_tap.$proc$jtag_tap.v:267$9'.
  created $dff cell `$procdff$893' with positive edge clock.
Creating register for signal `\jtag_tap.\debug_halt_req' using process `\jtag_tap.$proc$jtag_tap.v:267$9'.
  created $dff cell `$procdff$894' with positive edge clock.
Creating register for signal `\jtag_tap.\debug_ctrl_reg' using process `\jtag_tap.$proc$jtag_tap.v:267$9'.
  created $dff cell `$procdff$895' with positive edge clock.
Creating register for signal `\jtag_tap.\tdo_reg' using process `\jtag_tap.$proc$jtag_tap.v:204$6'.
  created $dff cell `$procdff$896' with positive edge clock.
Creating register for signal `\jtag_tap.\dr_shift' using process `\jtag_tap.$proc$jtag_tap.v:204$6'.
  created $dff cell `$procdff$897' with positive edge clock.
Creating register for signal `\jtag_tap.\bypass_bit' using process `\jtag_tap.$proc$jtag_tap.v:204$6'.
  created $dff cell `$procdff$898' with positive edge clock.
Creating register for signal `\jtag_tap.\ir' using process `\jtag_tap.$proc$jtag_tap.v:188$2'.
  created $dff cell `$procdff$899' with positive edge clock.
Creating register for signal `\jtag_tap.\ir_shift' using process `\jtag_tap.$proc$jtag_tap.v:188$2'.
  created $dff cell `$procdff$900' with positive edge clock.
Creating register for signal `\jtag_tap.\state' using process `\jtag_tap.$proc$jtag_tap.v:74$1'.
  created $adff cell `$procdff$901' with positive edge clock and positive level reset.

4.3.8. Executing PROC_CLEAN pass (remove empty switches from decision trees).
Removing empty process `SOC.$proc$riscv.v:718$417'.
Removing empty process `SOC.$proc$riscv.v:710$414'.
Found and cleaned up 1 empty switch in `\SOC.$proc$riscv.v:696$409'.
Removing empty process `SOC.$proc$riscv.v:696$409'.
Removing empty process `Processor.$proc$riscv.v:141$278'.
Removing empty process `Processor.$proc$riscv.v:281$386'.
Removing empty process `Processor.$proc$riscv.v:110$320'.
Removing empty process `Processor.$proc$riscv.v:65$319'.
Removing empty process `Processor.$proc$riscv.v:141$282'.
Found and cleaned up 7 empty switches in `\Processor.$proc$riscv.v:289$249'.
Removing empty process `Processor.$proc$riscv.v:289$249'.
Found and cleaned up 1 empty switch in `\Processor.$proc$riscv.v:185$208'.
Removing empty process `Processor.$proc$riscv.v:185$208'.
Found and cleaned up 1 empty switch in `\Processor.$proc$riscv.v:170$202'.
Removing empty process `Processor.$proc$riscv.v:170$202'.
Found and cleaned up 5 empty switches in `\Memory.$proc$riscv.v:36$89'.
Removing empty process `Memory.$proc$riscv.v:36$89'.
Removing empty process `corescore_emitter_uart.$proc$emitter_uart.v:18$84'.
Found and cleaned up 5 empty switches in `\corescore_emitter_uart.$proc$emitter_uart.v:24$76'.
Removing empty process `corescore_emitter_uart.$proc$emitter_uart.v:24$76'.
Found and cleaned up 3 empty switches in `\timer_ip.$proc$timer_ip.v:137$70'.
Removing empty process `timer_ip.$proc$timer_ip.v:137$70'.
Found and cleaned up 9 empty switches in `\timer_ip.$proc$timer_ip.v:79$62'.
Removing empty process `timer_ip.$proc$timer_ip.v:79$62'.
Found and cleaned up 3 empty switches in `\timer_ip.$proc$timer_ip.v:62$59'.
Removing empty process `timer_ip.$proc$timer_ip.v:62$59'.
Removing empty process `timer_ip.$proc$timer_ip.v:48$50'.
Found and cleaned up 1 empty switch in `\gpio_ctrl_ip.$proc$gpio_ctrl_ip.v:52$44'.
Removing empty process `gpio_ctrl_ip.$proc$gpio_ctrl_ip.v:52$44'.
Found and cleaned up 2 empty switches in `\gpio_ctrl_ip.$proc$gpio_ctrl_ip.v:36$41'.
Removing empty process `gpio_ctrl_ip.$proc$gpio_ctrl_ip.v:36$41'.
Removing empty process `$paramod\Clockworks\SLOW=0.$proc$clockworks.v:98$424'.
Removing empty process `$paramod\Clockworks\SLOW=0.$proc$clockworks.v:103$420'.
Removing empty process `jtag_debug_cdc.$proc$jtag_debug_cdc.v:65$27'.
Found and cleaned up 1 empty switch in `\jtag_debug_cdc.$proc$jtag_debug_cdc.v:45$25'.
Removing empty process `jtag_debug_cdc.$proc$jtag_debug_cdc.v:45$25'.
Found and cleaned up 1 empty switch in `\jtag_debug_cdc.$proc$jtag_debug_cdc.v:36$23'.
Removing empty process `jtag_debug_cdc.$proc$jtag_debug_cdc.v:36$23'.
Found and cleaned up 1 empty switch in `\jtag_debug_cdc.$proc$jtag_debug_cdc.v:27$21'.
Removing empty process `jtag_debug_cdc.$proc$jtag_debug_cdc.v:27$21'.
Removing empty process `jtag_tap.$proc$jtag_tap.v:62$20'.
Found and cleaned up 1 empty switch in `\jtag_tap.$proc$jtag_tap.v:267$9'.
Removing empty process `jtag_tap.$proc$jtag_tap.v:267$9'.
Found and cleaned up 4 empty switches in `\jtag_tap.$proc$jtag_tap.v:204$6'.
Removing empty process `jtag_tap.$proc$jtag_tap.v:204$6'.
Found and cleaned up 3 empty switches in `\jtag_tap.$proc$jtag_tap.v:188$2'.
Removing empty process `jtag_tap.$proc$jtag_tap.v:188$2'.
Found and cleaned up 17 empty switches in `\jtag_tap.$proc$jtag_tap.v:74$1'.
Removing empty process `jtag_tap.$proc$jtag_tap.v:74$1'.
Cleaned up 66 empty switches.

4.4. Executing FLATTEN pass (flatten design).
Using template $paramod\Clockworks\SLOW=0 for cells of type $paramod\Clockworks\SLOW=0.
Using template jtag_tap for cells of type jtag_tap.
Using template jtag_debug_cdc for cells of type jtag_debug_cdc.
Using template Processor for cells of type Processor.
Using template Memory for cells of type Memory.
Using template gpio_ctrl_ip for cells of type gpio_ctrl_ip.
Using template timer_ip for cells of type timer_ip.
Using template corescore_emitter_uart for cells of type corescore_emitter_uart.
<suppressed ~8 debug messages>
No more expansions possible.
Deleting now unused module Processor.
Deleting now unused module Memory.
Deleting now unused module corescore_emitter_uart.
Deleting now unused module timer_ip.
Deleting now unused module gpio_ctrl_ip.
Deleting now unused module $paramod\Clockworks\SLOW=0.
Deleting now unused module jtag_debug_cdc.
Deleting now unused module jtag_tap.

4.5. Executing TRIBUF pass.

4.6. Executing DEMINOUT pass (demote inout ports to input or output).

4.7. Executing OPT_EXPR pass (perform const folding).
Optimizing module SOC.
<suppressed ~31 debug messages>

4.8. Executing OPT_CLEAN pass (remove unused cells and wires).
Finding unused cells or wires in module \SOC..
Removed 24 unused cells and 426 unused wires.
<suppressed ~32 debug messages>

4.9. Executing CHECK pass (checking for obvious problems).
checking module SOC..
found and reported 0 problems.

4.10. Executing OPT pass (performing simple optimizations).

4.10.1. Executing OPT_EXPR pass (perform const folding).
Optimizing module SOC.

4.10.2. Executing OPT_MERGE pass (detect identical cells).
Finding identical cells in module `\SOC'.
<suppressed ~159 debug messages>
Removed a total of 53 cells.

4.10.3. Executing OPT_MUXTREE pass (detect dead branches in mux trees).
Running muxtree optimizer on module \SOC..
  Creating internal representation of mux trees.
  Evaluating internal representation of mux trees.
  Analyzing evaluation results.
Removed 0 multiplexer ports.
<suppressed ~66 debug messages>

4.10.4. Executing OPT_REDUCE pass (consolidate $*mux and $reduce_* inputs).
  Optimizing cells in module \SOC.
    New input vector for $reduce_or cell $techmap\tap0.$procmux$740_ANY: { $techmap\tap0.$procmux$740_CMP [0] $techmap\tap0.$procmux$740_CMP [1] $techmap\tap0.$procmux$740_CMP [2] $techmap\tap0.$eq$jtag_tap.v:272$11_Y }
    New input vector for $reduce_or cell $techmap\UART.$reduce_or$emitter_uart.v:22$73: { \UART.data [0] \UART.data [1] \UART.data [2] \UART.data [3] \UART.data [4] \UART.data [5] \UART.data [6] \UART.data [7] \UART.data [8] \UART.data [9] }
    New input vector for $reduce_or cell $reduce_or$riscv.v:630$396: { \mem_wmask [0] \mem_wmask [1] \mem_wmask [2] \mem_wmask [3] }
    New input vector for $reduce_and cell $techmap\CW.$reduce_and$clockworks.v:100$419: { \CW.reset_cnt [0] \CW.reset_cnt [1] \CW.reset_cnt [2] \CW.reset_cnt [3] \CW.reset_cnt [4] \CW.reset_cnt [5] \CW.reset_cnt [6] \CW.reset_cnt [7] \CW.reset_cnt [8] \CW.reset_cnt [9] \CW.reset_cnt [10] \CW.reset_cnt [11] \CW.reset_cnt [12] \CW.reset_cnt [13] \CW.reset_cnt [14] \CW.reset_cnt [15] }
    Consolidated identical input bits for $mux cell $techmap\CPU.$procmux$427:
      Old ports: A=0, B=32'11111111111111111111111111111111, Y=$techmap\CPU.$procmux$427_Y
      New ports: A=1'0, B=1'1, Y=$techmap\CPU.$procmux$427_Y [0]
      New connections: $techmap\CPU.$procmux$427_Y [31:1] = { $techmap\CPU.$procmux$427_Y [0] $techmap\CPU.$procmux$427_Y [0] $techmap\CPU.$procmux$427_Y [0] $techmap\CPU.$procmux$427_Y [0] $techmap\CPU.$procmux$427_Y [0] $techmap\CPU.$procmux$427_Y [0] $techmap\CPU.$procmux$427_Y [0] $techmap\CPU.$procmux$427_Y [0] $techmap\CPU.$procmux$427_Y [0] $techmap\CPU.$procmux$427_Y [0] $techmap\CPU.$procmux$427_Y [0] $techmap\CPU.$procmux$427_Y [0] $techmap\CPU.$procmux$427_Y [0] $techmap\CPU.$procmux$427_Y [0] $techmap\CPU.$procmux$427_Y [0] $techmap\CPU.$procmux$427_Y [0] $techmap\CPU.$procmux$427_Y [0] $techmap\CPU.$procmux$427_Y [0] $techmap\CPU.$procmux$427_Y [0] $techmap\CPU.$procmux$427_Y [0] $techmap\CPU.$procmux$427_Y [0] $techmap\CPU.$procmux$427_Y [0] $techmap\CPU.$procmux$427_Y [0] $techmap\CPU.$procmux$427_Y [0] $techmap\CPU.$procmux$427_Y [0] $techmap\CPU.$procmux$427_Y [0] $techmap\CPU.$procmux$427_Y [0] $techmap\CPU.$procmux$427_Y [0] $techmap\CPU.$procmux$427_Y [0] $techmap\CPU.$procmux$427_Y [0] $techmap\CPU.$procmux$427_Y [0] }
    New ctrl vector for $pmux cell $techmap\CPU.$procmux$522: { $techmap\CPU.$eq$riscv.v:420$268_Y $techmap\CPU.$eq$riscv.v:420$267_Y $techmap\CPU.$procmux$465_CMP $techmap\CPU.$eq$riscv.v:422$272_Y $auto$opt_reduce.cc:132:opt_mux$903 }
    Consolidated identical input bits for $mux cell $techmap\RAM.$procmux$566:
      Old ports: A=0, B=255, Y=$techmap\RAM.$0$memwr$\MEM$riscv.v:40$85_EN[31:0]$92
      New ports: A=1'0, B=1'1, Y=$techmap\RAM.$0$memwr$\MEM$riscv.v:40$85_EN[31:0]$92 [0]
      New connections: $techmap\RAM.$0$memwr$\MEM$riscv.v:40$85_EN[31:0]$92 [31:1] = { 24'000000000000000000000000 $techmap\RAM.$0$memwr$\MEM$riscv.v:40$85_EN[31:0]$92 [0] $techmap\RAM.$0$memwr$\MEM$riscv.v:40$85_EN[31:0]$92 [0] $techmap\RAM.$0$memwr$\MEM$riscv.v:40$85_EN[31:0]$92 [0] $techmap\RAM.$0$memwr$\MEM$riscv.v:40$85_EN[31:0]$92 [0] $techmap\RAM.$0$memwr$\MEM$riscv.v:40$85_EN[31:0]$92 [0] $techmap\RAM.$0$memwr$\MEM$riscv.v:40$85_EN[31:0]$92 [0] $techmap\RAM.$0$memwr$\MEM$riscv.v:40$85_EN[31:0]$92 [0] }
    Consolidated identical input bits for $mux cell $techmap\RAM.$procmux$572:
      Old ports: A=0, B=65280, Y=$techmap\RAM.$0$memwr$\MEM$riscv.v:41$86_EN[31:0]$95
      New ports: A=1'0, B=1'1, Y=$techmap\RAM.$0$memwr$\MEM$riscv.v:41$86_EN[31:0]$95 [8]
      New connections: { $techmap\RAM.$0$memwr$\MEM$riscv.v:41$86_EN[31:0]$95 [31:9] $techmap\RAM.$0$memwr$\MEM$riscv.v:41$86_EN[31:0]$95 [7:0] } = { 16'0000000000000000 $techmap\RAM.$0$memwr$\MEM$riscv.v:41$86_EN[31:0]$95 [8] $techmap\RAM.$0$memwr$\MEM$riscv.v:41$86_EN[31:0]$95 [8] $techmap\RAM.$0$memwr$\MEM$riscv.v:41$86_EN[31:0]$95 [8] $techmap\RAM.$0$memwr$\MEM$riscv.v:41$86_EN[31:0]$95 [8] $techmap\RAM.$0$memwr$\MEM$riscv.v:41$86_EN[31:0]$95 [8] $techmap\RAM.$0$memwr$\MEM$riscv.v:41$86_EN[31:0]$95 [8] $techmap\RAM.$0$memwr$\MEM$riscv.v:41$86_EN[31:0]$95 [8] 8'00000000 }
    Consolidated identical input bits for $mux cell $techmap\RAM.$procmux$578:
      Old ports: A=0, B=16711680, Y=$techmap\RAM.$0$memwr$\MEM$riscv.v:42$87_EN[31:0]$98
      New ports: A=1'0, B=1'1, Y=$techmap\RAM.$0$memwr$\MEM$riscv.v:42$87_EN[31:0]$98 [16]
      New connections: { $techmap\RAM.$0$memwr$\MEM$riscv.v:42$87_EN[31:0]$98 [31:17] $techmap\RAM.$0$memwr$\MEM$riscv.v:42$87_EN[31:0]$98 [15:0] } = { 8'00000000 $techmap\RAM.$0$memwr$\MEM$riscv.v:42$87_EN[31:0]$98 [16] $techmap\RAM.$0$memwr$\MEM$riscv.v:42$87_EN[31:0]$98 [16] $techmap\RAM.$0$memwr$\MEM$riscv.v:42$87_EN[31:0]$98 [16] $techmap\RAM.$0$memwr$\MEM$riscv.v:42$87_EN[31:0]$98 [16] $techmap\RAM.$0$memwr$\MEM$riscv.v:42$87_EN[31:0]$98 [16] $techmap\RAM.$0$memwr$\MEM$riscv.v:42$87_EN[31:0]$98 [16] $techmap\RAM.$0$memwr$\MEM$riscv.v:42$87_EN[31:0]$98 [16] 16'0000000000000000 }
    Consolidated identical input bits for $mux cell $techmap\RAM.$procmux$584:
      Old ports: A=0, B=32'11111111000000000000000000000000, Y=$techmap\RAM.$0$memwr$\MEM$riscv.v:43$88_EN[31:0]$101
      New ports: A=1'0, B=1'1, Y=$techmap\RAM.$0$memwr$\MEM$riscv.v:43$88_EN[31:0]$101 [24]
      New connections: { $techmap\RAM.$0$memwr$\MEM$riscv.v:43$88_EN[31:0]$101 [31:25] $techmap\RAM.$0$memwr$\MEM$riscv.v:43$88_EN[31:0]$101 [23:0] } = { $techmap\RAM.$0$memwr$\MEM$riscv.v:43$88_EN[31:0]$101 [24] $techmap\RAM.$0$memwr$\MEM$riscv.v:43$88_EN[31:0]$101 [24] $techmap\RAM.$0$memwr$\MEM$riscv.v:43$88_EN[31:0]$101 [24] $techmap\RAM.$0$memwr$\MEM$riscv.v:43$88_EN[31:0]$101 [24] $techmap\RAM.$0$memwr$\MEM$riscv.v:43$88_EN[31:0]$101 [24] $techmap\RAM.$0$memwr$\MEM$riscv.v:43$88_EN[31:0]$101 [24] $techmap\RAM.$0$memwr$\MEM$riscv.v:43$88_EN[31:0]$101 [24] 24'000000000000000000000000 }
    New input vector for $reduce_or cell $auto$opt_reduce.cc:126:opt_mux$902: { $techmap\CPU.$eq$riscv.v:423$274_Y $techmap\CPU.$eq$riscv.v:418$265_Y $techmap\CPU.$eq$riscv.v:417$260_Y }
  Optimizing cells in module \SOC.
    Consolidated identical input bits for $mux cell $techmap\CPU.$procmux$430:
      Old ports: A=$techmap\CPU.$procmux$427_Y, B=0, Y=$techmap\CPU.$procmux$430_Y
      New ports: A=$techmap\CPU.$procmux$427_Y [0], B=1'0, Y=$techmap\CPU.$procmux$430_Y [0]
      New connections: $techmap\CPU.$procmux$430_Y [31:1] = { $techmap\CPU.$procmux$430_Y [0] $techmap\CPU.$procmux$430_Y [0] $techmap\CPU.$procmux$430_Y [0] $techmap\CPU.$procmux$430_Y [0] $techmap\CPU.$procmux$430_Y [0] $techmap\CPU.$procmux$430_Y [0] $techmap\CPU.$procmux$430_Y [0] $techmap\CPU.$procmux$430_Y [0] $techmap\CPU.$procmux$430_Y [0] $techmap\CPU.$procmux$430_Y [0] $techmap\CPU.$procmux$430_Y [0] $techmap\CPU.$procmux$430_Y [0] $techmap\CPU.$procmux$430_Y [0] $techmap\CPU.$procmux$430_Y [0] $techmap\CPU.$procmux$430_Y [0] $techmap\CPU.$procmux$430_Y [0] $techmap\CPU.$procmux$430_Y [0] $techmap\CPU.$procmux$430_Y [0] $techmap\CPU.$procmux$430_Y [0] $techmap\CPU.$procmux$430_Y [0] $techmap\CPU.$procmux$430_Y [0] $techmap\CPU.$procmux$430_Y [0] $techmap\CPU.$procmux$430_Y [0] $techmap\CPU.$procmux$430_Y [0] $techmap\CPU.$procmux$430_Y [0] $techmap\CPU.$procmux$430_Y [0] $techmap\CPU.$procmux$430_Y [0] $techmap\CPU.$procmux$430_Y [0] $techmap\CPU.$procmux$430_Y [0] $techmap\CPU.$procmux$430_Y [0] $techmap\CPU.$procmux$430_Y [0] }
  Optimizing cells in module \SOC.
    Consolidated identical input bits for $mux cell $techmap\CPU.$procmux$433:
      Old ports: A=0, B=$techmap\CPU.$procmux$430_Y, Y=$techmap\CPU.$procmux$433_Y
      New ports: A=1'0, B=$techmap\CPU.$procmux$430_Y [0], Y=$techmap\CPU.$procmux$433_Y [0]
      New connections: $techmap\CPU.$procmux$433_Y [31:1] = { $techmap\CPU.$procmux$433_Y [0] $techmap\CPU.$procmux$433_Y [0] $techmap\CPU.$procmux$433_Y [0] $techmap\CPU.$procmux$433_Y [0] $techmap\CPU.$procmux$433_Y [0] $techmap\CPU.$procmux$433_Y [0] $techmap\CPU.$procmux$433_Y [0] $techmap\CPU.$procmux$433_Y [0] $techmap\CPU.$procmux$433_Y [0] $techmap\CPU.$procmux$433_Y [0] $techmap\CPU.$procmux$433_Y [0] $techmap\CPU.$procmux$433_Y [0] $techmap\CPU.$procmux$433_Y [0] $techmap\CPU.$procmux$433_Y [0] $techmap\CPU.$procmux$433_Y [0] $techmap\CPU.$procmux$433_Y [0] $techmap\CPU.$procmux$433_Y [0] $techmap\CPU.$procmux$433_Y [0] $techmap\CPU.$procmux$433_Y [0] $techmap\CPU.$procmux$433_Y [0] $techmap\CPU.$procmux$433_Y [0] $techmap\CPU.$procmux$433_Y [0] $techmap\CPU.$procmux$433_Y [0] $techmap\CPU.$procmux$433_Y [0] $techmap\CPU.$procmux$433_Y [0] $techmap\CPU.$procmux$433_Y [0] $techmap\CPU.$procmux$433_Y [0] $techmap\CPU.$procmux$433_Y [0] $techmap\CPU.$procmux$433_Y [0] $techmap\CPU.$procmux$433_Y [0] $techmap\CPU.$procmux$433_Y [0] }
  Optimizing cells in module \SOC.
    Consolidated identical input bits for $mux cell $techmap\CPU.$procmux$436:
      Old ports: A=$techmap\CPU.$procmux$433_Y, B=0, Y=$techmap\CPU.$0$memwr$\RegisterBank$riscv.v:332$177_EN[31:0]$252
      New ports: A=$techmap\CPU.$procmux$433_Y [0], B=1'0, Y=$techmap\CPU.$0$memwr$\RegisterBank$riscv.v:332$177_EN[31:0]$252 [0]
      New connections: $techmap\CPU.$0$memwr$\RegisterBank$riscv.v:332$177_EN[31:0]$252 [31:1] = { $techmap\CPU.$0$memwr$\RegisterBank$riscv.v:332$177_EN[31:0]$252 [0] $techmap\CPU.$0$memwr$\RegisterBank$riscv.v:332$177_EN[31:0]$252 [0] $techmap\CPU.$0$memwr$\RegisterBank$riscv.v:332$177_EN[31:0]$252 [0] $techmap\CPU.$0$memwr$\RegisterBank$riscv.v:332$177_EN[31:0]$252 [0] $techmap\CPU.$0$memwr$\RegisterBank$riscv.v:332$177_EN[31:0]$252 [0] $techmap\CPU.$0$memwr$\RegisterBank$riscv.v:332$177_EN[31:0]$252 [0] $techmap\CPU.$0$memwr$\RegisterBank$riscv.v:332$177_EN[31:0]$252 [0] $techmap\CPU.$0$memwr$\RegisterBank$riscv.v:332$177_EN[31:0]$252 [0] $techmap\CPU.$0$memwr$\RegisterBank$riscv.v:332$177_EN[31:0]$252 [0] $techmap\CPU.$0$memwr$\RegisterBank$riscv.v:332$177_EN[31:0]$252 [0] $techmap\CPU.$0$memwr$\RegisterBank$riscv.v:332$177_EN[31:0]$252 [0] $techmap\CPU.$0$memwr$\RegisterBank$riscv.v:332$177_EN[31:0]$252 [0] $techmap\CPU.$0$memwr$\RegisterBank$riscv.v:332$177_EN[31:0]$252 [0] $techmap\CPU.$0$memwr$\RegisterBank$riscv.v:332$177_EN[31:0]$252 [0] $techmap\CPU.$0$memwr$\RegisterBank$riscv.v:332$177_EN[31:0]$252 [0] $techmap\CPU.$0$memwr$\RegisterBank$riscv.v:332$177_EN[31:0]$252 [0] $techmap\CPU.$0$memwr$\RegisterBank$riscv.v:332$177_EN[31:0]$252 [0] $techmap\CPU.$0$memwr$\RegisterBank$riscv.v:332$177_EN[31:0]$252 [0] $techmap\CPU.$0$memwr$\RegisterBank$riscv.v:332$177_EN[31:0]$252 [0] $techmap\CPU.$0$memwr$\RegisterBank$riscv.v:332$177_EN[31:0]$252 [0] $techmap\CPU.$0$memwr$\RegisterBank$riscv.v:332$177_EN[31:0]$252 [0] $techmap\CPU.$0$memwr$\RegisterBank$riscv.v:332$177_EN[31:0]$252 [0] $techmap\CPU.$0$memwr$\RegisterBank$riscv.v:332$177_EN[31:0]$252 [0] $techmap\CPU.$0$memwr$\RegisterBank$riscv.v:332$177_EN[31:0]$252 [0] $techmap\CPU.$0$memwr$\RegisterBank$riscv.v:332$177_EN[31:0]$252 [0] $techmap\CPU.$0$memwr$\RegisterBank$riscv.v:332$177_EN[31:0]$252 [0] $techmap\CPU.$0$memwr$\RegisterBank$riscv.v:332$177_EN[31:0]$252 [0] $techmap\CPU.$0$memwr$\RegisterBank$riscv.v:332$177_EN[31:0]$252 [0] $techmap\CPU.$0$memwr$\RegisterBank$riscv.v:332$177_EN[31:0]$252 [0] $techmap\CPU.$0$memwr$\RegisterBank$riscv.v:332$177_EN[31:0]$252 [0] $techmap\CPU.$0$memwr$\RegisterBank$riscv.v:332$177_EN[31:0]$252 [0] }
  Optimizing cells in module \SOC.
Performed a total of 14 changes.

4.10.5. Executing OPT_MERGE pass (detect identical cells).
Finding identical cells in module `\SOC'.
<suppressed ~18 debug messages>
Removed a total of 6 cells.

4.10.6. Executing OPT_RMDFF pass (remove dff with constant values).

4.10.7. Executing OPT_CLEAN pass (remove unused cells and wires).
Finding unused cells or wires in module \SOC..
Removed 0 unused cells and 55 unused wires.
<suppressed ~1 debug messages>

4.10.8. Executing OPT_EXPR pass (perform const folding).
Optimizing module SOC.

4.10.9. Rerunning OPT passes. (Maybe there is more to do..)

4.10.10. Executing OPT_MUXTREE pass (detect dead branches in mux trees).
Running muxtree optimizer on module \SOC..
  Creating internal representation of mux trees.
  Evaluating internal representation of mux trees.
  Analyzing evaluation results.
Removed 0 multiplexer ports.
<suppressed ~67 debug messages>

4.10.11. Executing OPT_REDUCE pass (consolidate $*mux and $reduce_* inputs).
  Optimizing cells in module \SOC.
    New ctrl vector for $pmux cell $techmap\tap0.$procmux$778: { $techmap\tap0.$procmux$839_CMP $techmap\tap0.$procmux$831_CMP $auto$opt_reduce.cc:132:opt_mux$909 $techmap\tap0.$procmux$819_CMP $techmap\tap0.$procmux$815_CMP $techmap\tap0.$procmux$811_CMP $techmap\tap0.$procmux$803_CMP $auto$opt_reduce.cc:132:opt_mux$907 $techmap\tap0.$procmux$791_CMP $techmap\tap0.$procmux$787_CMP $techmap\tap0.$procmux$783_CMP $auto$opt_reduce.cc:132:opt_mux$905 }
    New input vector for $reduce_or cell $auto$opt_reduce.cc:126:opt_mux$906: { $techmap\tap0.$eq$jtag_tap.v:193$4_Y $techmap\tap0.$eq$jtag_tap.v:190$3_Y }
    New input vector for $reduce_or cell $auto$opt_reduce.cc:126:opt_mux$908: { $techmap\tap0.$eq$jtag_tap.v:239$8_Y $techmap\tap0.$eq$jtag_tap.v:206$7_Y }
  Optimizing cells in module \SOC.
Performed a total of 3 changes.

4.10.12. Executing OPT_MERGE pass (detect identical cells).
Finding identical cells in module `\SOC'.
Removed a total of 0 cells.

4.10.13. Executing OPT_RMDFF pass (remove dff with constant values).

4.10.14. Executing OPT_CLEAN pass (remove unused cells and wires).
Finding unused cells or wires in module \SOC..

4.10.15. Executing OPT_EXPR pass (perform const folding).
Optimizing module SOC.

4.10.16. Rerunning OPT passes. (Maybe there is more to do..)

4.10.17. Executing OPT_MUXTREE pass (detect dead branches in mux trees).
Running muxtree optimizer on module \SOC..
  Creating internal representation of mux trees.
  Evaluating internal representation of mux trees.
  Analyzing evaluation results.
Removed 0 multiplexer ports.
<suppressed ~67 debug messages>

4.10.18. Executing OPT_REDUCE pass (consolidate $*mux and $reduce_* inputs).
  Optimizing cells in module \SOC.
Performed a total of 0 changes.

4.10.19. Executing OPT_MERGE pass (detect identical cells).
Finding identical cells in module `\SOC'.
Removed a total of 0 cells.

4.10.20. Executing OPT_RMDFF pass (remove dff with constant values).

4.10.21. Executing OPT_CLEAN pass (remove unused cells and wires).
Finding unused cells or wires in module \SOC..

4.10.22. Executing OPT_EXPR pass (perform const folding).
Optimizing module SOC.

4.10.23. Finished OPT passes. (There is nothing left to do.)

4.11. Executing WREDUCE pass (reducing word size of cells).
Removed top 27 address bits (of 32) from memory init port SOC.$techmap\CPU.$meminit$\RegisterBank$riscv.v:112$286 (CPU.RegisterBank).
Removed top 27 address bits (of 32) from memory init port SOC.$techmap\CPU.$meminit$\RegisterBank$riscv.v:112$287 (CPU.RegisterBank).
Removed top 27 address bits (of 32) from memory init port SOC.$techmap\CPU.$meminit$\RegisterBank$riscv.v:112$288 (CPU.RegisterBank).
Removed top 27 address bits (of 32) from memory init port SOC.$techmap\CPU.$meminit$\RegisterBank$riscv.v:112$289 (CPU.RegisterBank).
Removed top 27 address bits (of 32) from memory init port SOC.$techmap\CPU.$meminit$\RegisterBank$riscv.v:112$290 (CPU.RegisterBank).
Removed top 27 address bits (of 32) from memory init port SOC.$techmap\CPU.$meminit$\RegisterBank$riscv.v:112$291 (CPU.RegisterBank).
Removed top 27 address bits (of 32) from memory init port SOC.$techmap\CPU.$meminit$\RegisterBank$riscv.v:112$292 (CPU.RegisterBank).
Removed top 27 address bits (of 32) from memory init port SOC.$techmap\CPU.$meminit$\RegisterBank$riscv.v:112$293 (CPU.RegisterBank).
Removed top 27 address bits (of 32) from memory init port SOC.$techmap\CPU.$meminit$\RegisterBank$riscv.v:112$294 (CPU.RegisterBank).
Removed top 27 address bits (of 32) from memory init port SOC.$techmap\CPU.$meminit$\RegisterBank$riscv.v:112$295 (CPU.RegisterBank).
Removed top 27 address bits (of 32) from memory init port SOC.$techmap\CPU.$meminit$\RegisterBank$riscv.v:112$296 (CPU.RegisterBank).
Removed top 27 address bits (of 32) from memory init port SOC.$techmap\CPU.$meminit$\RegisterBank$riscv.v:112$297 (CPU.RegisterBank).
Removed top 27 address bits (of 32) from memory init port SOC.$techmap\CPU.$meminit$\RegisterBank$riscv.v:112$298 (CPU.RegisterBank).
Removed top 27 address bits (of 32) from memory init port SOC.$techmap\CPU.$meminit$\RegisterBank$riscv.v:112$299 (CPU.RegisterBank).
Removed top 27 address bits (of 32) from memory init port SOC.$techmap\CPU.$meminit$\RegisterBank$riscv.v:112$300 (CPU.RegisterBank).
Removed top 27 address bits (of 32) from memory init port SOC.$techmap\CPU.$meminit$\RegisterBank$riscv.v:112$301 (CPU.RegisterBank).
Removed top 27 address bits (of 32) from memory init port SOC.$techmap\CPU.$meminit$\RegisterBank$riscv.v:112$302 (CPU.RegisterBank).
Removed top 27 address bits (of 32) from memory init port SOC.$techmap\CPU.$meminit$\RegisterBank$riscv.v:112$303 (CPU.RegisterBank).
Removed top 27 address bits (of 32) from memory init port SOC.$techmap\CPU.$meminit$\RegisterBank$riscv.v:112$304 (CPU.RegisterBank).
Removed top 27 address bits (of 32) from memory init port SOC.$techmap\CPU.$meminit$\RegisterBank$riscv.v:112$305 (CPU.RegisterBank).
Removed top 27 address bits (of 32) from memory init port SOC.$techmap\CPU.$meminit$\RegisterBank$riscv.v:112$306 (CPU.RegisterBank).
Removed top 27 address bits (of 32) from memory init port SOC.$techmap\CPU.$meminit$\RegisterBank$riscv.v:112$307 (CPU.RegisterBank).
Removed top 27 address bits (of 32) from memory init port SOC.$techmap\CPU.$meminit$\RegisterBank$riscv.v:112$308 (CPU.RegisterBank).
Removed top 27 address bits (of 32) from memory init port SOC.$techmap\CPU.$meminit$\RegisterBank$riscv.v:112$309 (CPU.RegisterBank).
Removed top 27 address bits (of 32) from memory init port SOC.$techmap\CPU.$meminit$\RegisterBank$riscv.v:112$310 (CPU.RegisterBank).
Removed top 27 address bits (of 32) from memory init port SOC.$techmap\CPU.$meminit$\RegisterBank$riscv.v:112$311 (CPU.RegisterBank).
Removed top 27 address bits (of 32) from memory init port SOC.$techmap\CPU.$meminit$\RegisterBank$riscv.v:112$312 (CPU.RegisterBank).
Removed top 27 address bits (of 32) from memory init port SOC.$techmap\CPU.$meminit$\RegisterBank$riscv.v:112$313 (CPU.RegisterBank).
Removed top 27 address bits (of 32) from memory init port SOC.$techmap\CPU.$meminit$\RegisterBank$riscv.v:112$314 (CPU.RegisterBank).
Removed top 27 address bits (of 32) from memory init port SOC.$techmap\CPU.$meminit$\RegisterBank$riscv.v:112$315 (CPU.RegisterBank).
Removed top 27 address bits (of 32) from memory init port SOC.$techmap\CPU.$meminit$\RegisterBank$riscv.v:112$316 (CPU.RegisterBank).
Removed top 27 address bits (of 32) from memory init port SOC.$techmap\CPU.$meminit$\RegisterBank$riscv.v:112$317 (CPU.RegisterBank).
Removed top 21 address bits (of 32) from memory init port SOC.$techmap\RAM.$meminit$\MEM$riscv.v:31$103 (RAM.MEM).
Removed top 19 address bits (of 30) from memory read port SOC.$techmap\RAM.$memrd$\MEM$riscv.v:38$102 (RAM.MEM).
Removed top 19 address bits (of 30) from memory write port SOC.$techmap\RAM.$memwr$\MEM$riscv.v:40$104 (RAM.MEM).
Removed top 19 address bits (of 30) from memory write port SOC.$techmap\RAM.$memwr$\MEM$riscv.v:41$105 (RAM.MEM).
Removed top 19 address bits (of 30) from memory write port SOC.$techmap\RAM.$memwr$\MEM$riscv.v:42$106 (RAM.MEM).
Removed top 19 address bits (of 30) from memory write port SOC.$techmap\RAM.$memwr$\MEM$riscv.v:43$107 (RAM.MEM).
Removed top 1 bits (of 20) from port B of cell SOC.$eq$riscv.v:551$387 ($eq).
Removed top 2 bits (of 20) from port B of cell SOC.$eq$riscv.v:552$388 ($eq).
Removed top 2 bits (of 20) from port B of cell SOC.$eq$riscv.v:553$389 ($eq).
Removed top 1 bits (of 30) from port B of cell SOC.$eq$riscv.v:669$401 ($eq).
Removed top 15 bits (of 16) from port B of cell SOC.$techmap\CW.$add$clockworks.v:107$423 ($add).
Removed top 3 bits (of 4) from mux cell SOC.$techmap\tap0.$procmux$837 ($mux).
Removed top 3 bits (of 4) from port B of cell SOC.$techmap\tap0.$procmux$835_CMP0 ($eq).
Removed top 1 bits (of 4) from mux cell SOC.$techmap\tap0.$procmux$821 ($mux).
Removed top 1 bits (of 4) from mux cell SOC.$techmap\tap0.$procmux$817 ($mux).
Removed top 3 bits (of 4) from mux cell SOC.$techmap\tap0.$procmux$813 ($mux).
Removed top 2 bits (of 4) from mux cell SOC.$techmap\tap0.$procmux$809 ($mux).
Removed top 1 bits (of 4) from port B of cell SOC.$techmap\tap0.$procmux$803_CMP0 ($eq).
Removed top 1 bits (of 4) from mux cell SOC.$techmap\tap0.$procmux$801 ($mux).
Removed top 1 bits (of 4) from mux cell SOC.$techmap\tap0.$procmux$793 ($mux).
Removed top 1 bits (of 4) from port B of cell SOC.$techmap\tap0.$procmux$791_CMP0 ($eq).
Removed top 1 bits (of 4) from mux cell SOC.$techmap\tap0.$procmux$789 ($mux).
Removed top 1 bits (of 4) from port B of cell SOC.$techmap\tap0.$procmux$787_CMP0 ($eq).
Removed top 3 bits (of 4) from mux cell SOC.$techmap\tap0.$procmux$781 ($mux).
Removed top 1 bits (of 4) from port B of cell SOC.$techmap\tap0.$procmux$740_CMP2 ($eq).
Removed top 2 bits (of 4) from port B of cell SOC.$techmap\tap0.$procmux$740_CMP1 ($eq).
Removed top 3 bits (of 4) from port B of cell SOC.$techmap\tap0.$procmux$740_CMP0 ($eq).
Removed top 2 bits (of 4) from port B of cell SOC.$techmap\tap0.$eq$jtag_tap.v:272$11 ($eq).
Removed top 2 bits (of 4) from port B of cell SOC.$techmap\tap0.$eq$jtag_tap.v:196$5 ($eq).
Removed top 2 bits (of 4) from port B of cell SOC.$techmap\tap0.$eq$jtag_tap.v:193$4 ($eq).
Removed top 1 bits (of 4) from port B of cell SOC.$techmap\tap0.$eq$jtag_tap.v:190$3 ($eq).
Removed top 19 bits (of 30) from FF cell SOC.$techmap\RAM.$procdff$857 ($dff).
Removed top 31 bits (of 32) from FF cell SOC.$techmap\CPU.$procdff$852 ($dff).
Removed top 1 bits (of 3) from port B of cell SOC.$techmap\CPU.$procmux$563_CMP0 ($eq).
Removed top 1 bits (of 3) from port B of cell SOC.$techmap\CPU.$procmux$562_CMP0 ($eq).
Removed top 1 bits (of 3) from port B of cell SOC.$techmap\CPU.$procmux$465_CMP0 ($eq).
Removed cell SOC.$techmap\CPU.$procmux$458 ($mux).
Removed cell SOC.$techmap\CPU.$procmux$455 ($mux).
Removed cell SOC.$techmap\CPU.$procmux$452 ($mux).
Removed cell SOC.$techmap\CPU.$procmux$449 ($mux).
Removed cell SOC.$techmap\CPU.$procmux$447 ($mux).
Removed cell SOC.$techmap\CPU.$procmux$444 ($mux).
Removed cell SOC.$techmap\CPU.$procmux$441 ($mux).
Removed cell SOC.$techmap\CPU.$procmux$438 ($mux).
Removed top 2 bits (of 3) from port B of cell SOC.$techmap\CPU.$eq$riscv.v:420$267 ($eq).
Removed top 1 bits (of 3) from port B of cell SOC.$techmap\CPU.$eq$riscv.v:417$260 ($eq).
Removed top 2 bits (of 4) from mux cell SOC.$techmap\CPU.$ternary$riscv.v:267$241 ($mux).
Removed top 1 bits (of 2) from port B of cell SOC.$techmap\CPU.$eq$riscv.v:228$228 ($eq).
Removed top 27 bits (of 32) from mux cell SOC.$techmap\CPU.$ternary$riscv.v:218$225 ($mux).
Removed top 29 bits (of 32) from port B of cell SOC.$techmap\CPU.$add$riscv.v:205$215 ($add).
Removed top 1 bits (of 32) from mux cell SOC.$techmap\CPU.$ternary$riscv.v:204$212 ($mux).
Removed top 1 bits (of 33) from port Y of cell SOC.$techmap\CPU.$sshr$riscv.v:153$201 ($sshr).
Removed top 2 bits (of 3) from port B of cell SOC.$techmap\CPU.$eq$riscv.v:149$198 ($eq).
Removed top 32 bits (of 33) from port B of cell SOC.$techmap\CPU.$add$riscv.v:134$194 ($add).
Removed top 1 bits (of 33) from port B of cell SOC.$techmap\CPU.$add$riscv.v:134$193 ($add).
Removed top 1 bits (of 7) from port B of cell SOC.$techmap\CPU.$eq$riscv.v:82$186 ($eq).
Removed top 5 bits (of 7) from port B of cell SOC.$techmap\CPU.$eq$riscv.v:81$185 ($eq).
Removed top 1 bits (of 7) from port B of cell SOC.$techmap\CPU.$eq$riscv.v:80$184 ($eq).
Removed top 2 bits (of 7) from port B of cell SOC.$techmap\CPU.$eq$riscv.v:79$183 ($eq).
Removed top 1 bits (of 7) from port B of cell SOC.$techmap\CPU.$eq$riscv.v:74$178 ($eq).
Removed top 7 bits (of 32) from FF cell SOC.$techmap\RAM.$procdff$865 ($dff).
Removed top 19 bits (of 30) from FF cell SOC.$techmap\RAM.$procdff$863 ($dff).
Removed top 8 bits (of 32) from FF cell SOC.$techmap\RAM.$procdff$862 ($dff).
Removed top 19 bits (of 30) from FF cell SOC.$techmap\RAM.$procdff$860 ($dff).
Removed top 16 bits (of 32) from FF cell SOC.$techmap\RAM.$procdff$859 ($dff).
Removed top 24 bits (of 32) from FF cell SOC.$techmap\RAM.$procdff$856 ($dff).
Removed top 19 bits (of 30) from FF cell SOC.$techmap\RAM.$procdff$853 ($dff).
Removed cell SOC.$techmap\RAM.$procmux$588 ($mux).
Removed cell SOC.$techmap\RAM.$procmux$586 ($mux).
Removed cell SOC.$techmap\RAM.$procmux$582 ($mux).
Removed cell SOC.$techmap\RAM.$procmux$580 ($mux).
Removed cell SOC.$techmap\RAM.$procmux$576 ($mux).
Removed cell SOC.$techmap\RAM.$procmux$574 ($mux).
Removed cell SOC.$techmap\RAM.$procmux$570 ($mux).
Removed cell SOC.$techmap\RAM.$procmux$568 ($mux).
Removed top 5 bits (of 8) from port B of cell SOC.$techmap\GPIO.$procmux$703_CMP0 ($eq).
Removed top 4 bits (of 8) from port B of cell SOC.$techmap\GPIO.$procmux$702_CMP0 ($eq).
Removed top 31 bits (of 32) from port B of cell SOC.$techmap\GPIO.$and$gpio_ctrl_ip.v:69$48 ($and).
Removed top 1 bits (of 2) from port B of cell SOC.$techmap\TIMER.$procmux$608_CMP0 ($eq).
Removed top 31 bits (of 32) from port B of cell SOC.$techmap\TIMER.$add$timer_ip.v:128$69 ($add).
Removed top 16 bits (of 32) from port Y of cell SOC.$techmap\TIMER.$add$timer_ip.v:128$69 ($add).
Removed top 31 bits (of 32) from port B of cell SOC.$techmap\TIMER.$sub$timer_ip.v:124$68 ($sub).
Removed top 31 bits (of 32) from port B of cell SOC.$techmap\TIMER.$eq$timer_ip.v:56$53 ($eq).
Removed top 31 bits (of 32) from port B of cell SOC.$techmap\UART.$sub$emitter_uart.v:34$82 ($sub).
Removed top 31 bits (of 32) from port Y of cell SOC.$techmap\UART.$sub$emitter_uart.v:34$82 ($sub).
Removed top 1 bits (of 32) from mux cell SOC.$techmap\CPU.$ternary$riscv.v:204$213 ($mux).
Removed top 7 bits (of 24) from FF cell SOC.$techmap\RAM.$procdff$862 ($dff).
Removed top 7 bits (of 16) from FF cell SOC.$techmap\RAM.$procdff$859 ($dff).
Removed top 7 bits (of 8) from FF cell SOC.$techmap\RAM.$procdff$856 ($dff).
Removed top 2 bits (of 4) from wire SOC.$techmap\CPU.$ternary$riscv.v:267$241_Y.
Removed top 1 bits (of 4) from wire SOC.$techmap\CPU.$ternary$riscv.v:268$242_Y.
Removed top 1 bits (of 4) from wire SOC.$techmap\CPU.$ternary$riscv.v:270$243_Y.
Removed top 1 bits (of 4) from wire SOC.$techmap\CPU.$ternary$riscv.v:271$244_Y.
Removed top 15 bits (of 16) from wire SOC.$techmap\CW.$logic_not$clockworks.v:107$422_Y.
Removed top 19 bits (of 30) from wire SOC.$techmap\RAM.$0$memwr$\MEM$riscv.v:40$85_ADDR[29:0]$90.
Removed top 24 bits (of 32) from wire SOC.$techmap\RAM.$0$memwr$\MEM$riscv.v:40$85_EN[31:0]$92.
Removed top 19 bits (of 30) from wire SOC.$techmap\RAM.$0$memwr$\MEM$riscv.v:41$86_ADDR[29:0]$93.
Removed top 16 bits (of 32) from wire SOC.$techmap\RAM.$0$memwr$\MEM$riscv.v:41$86_DATA[31:0]$94.
Removed top 16 bits (of 32) from wire SOC.$techmap\RAM.$0$memwr$\MEM$riscv.v:41$86_EN[31:0]$95.
Removed top 19 bits (of 30) from wire SOC.$techmap\RAM.$0$memwr$\MEM$riscv.v:42$87_ADDR[29:0]$96.
Removed top 8 bits (of 32) from wire SOC.$techmap\RAM.$0$memwr$\MEM$riscv.v:42$87_DATA[31:0]$97.
Removed top 8 bits (of 32) from wire SOC.$techmap\RAM.$0$memwr$\MEM$riscv.v:42$87_EN[31:0]$98.
Removed top 19 bits (of 30) from wire SOC.$techmap\RAM.$0$memwr$\MEM$riscv.v:43$88_ADDR[29:0]$99.
Removed top 19 bits (of 30) from wire SOC.$techmap\RAM.$memwr$\MEM$riscv.v:40$85_ADDR.
Removed top 31 bits (of 32) from wire SOC.$techmap\RAM.$memwr$\MEM$riscv.v:40$85_DATA.
Removed top 24 bits (of 32) from wire SOC.$techmap\RAM.$memwr$\MEM$riscv.v:40$85_EN.
Removed top 19 bits (of 30) from wire SOC.$techmap\RAM.$memwr$\MEM$riscv.v:41$86_ADDR.
Removed top 11 bits (of 32) from wire SOC.$techmap\RAM.$memwr$\MEM$riscv.v:41$86_DATA.
Removed top 16 bits (of 32) from wire SOC.$techmap\RAM.$memwr$\MEM$riscv.v:41$86_EN.
Removed top 19 bits (of 30) from wire SOC.$techmap\RAM.$memwr$\MEM$riscv.v:42$87_ADDR.
Removed top 8 bits (of 32) from wire SOC.$techmap\RAM.$memwr$\MEM$riscv.v:42$87_EN.
Removed top 19 bits (of 30) from wire SOC.$techmap\RAM.$memwr$\MEM$riscv.v:43$88_ADDR.
Removed top 16 bits (of 32) from wire SOC.$techmap\TIMER.$add$timer_ip.v:128$69_Y.
Removed top 31 bits (of 32) from wire SOC.$techmap\UART.$sub$emitter_uart.v:34$82_Y.
Removed top 3 bits (of 4) from wire SOC.$techmap\tap0.$procmux$781_Y.
Removed top 1 bits (of 4) from wire SOC.$techmap\tap0.$procmux$789_Y.
Removed top 1 bits (of 4) from wire SOC.$techmap\tap0.$procmux$793_Y.
Removed top 1 bits (of 4) from wire SOC.$techmap\tap0.$procmux$801_Y.
Removed top 2 bits (of 4) from wire SOC.$techmap\tap0.$procmux$809_Y.
Removed top 3 bits (of 4) from wire SOC.$techmap\tap0.$procmux$813_Y.
Removed top 1 bits (of 4) from wire SOC.$techmap\tap0.$procmux$817_Y.
Removed top 1 bits (of 4) from wire SOC.$techmap\tap0.$procmux$821_Y.
Removed top 3 bits (of 4) from wire SOC.$techmap\tap0.$procmux$837_Y.
Removed top 9 bits (of 32) from wire SOC.TIMER.rdata.

4.12. Executing PEEPOPT pass (run peephole optimizers).

4.13. Executing OPT_CLEAN pass (remove unused cells and wires).
Finding unused cells or wires in module \SOC..
Removed 0 unused cells and 52 unused wires.
<suppressed ~1 debug messages>

4.14. Executing SHARE pass (SAT-based resource sharing).
Found 4 cells in module SOC that may be considered for resource sharing.
  Analyzing resource sharing options for $techmap\RAM.$memrd$\MEM$riscv.v:38$102 ($memrd):
    Found 1 activation_patterns using ctrl signal \RAM.mem_rstrb.
    No candidates found.
  Analyzing resource sharing options for $techmap\CPU.$sshr$riscv.v:153$201 ($sshr):
    Found 2 activation_patterns using ctrl signal { \CPU.isAUIPC \CPU.isLUI \CPU.isLoad $techmap\CPU.$eq$riscv.v:149$198_Y $techmap\CPU.$logic_or$riscv.v:208$216_Y $techmap\CPU.$procmux$553_CMP }.
    No candidates found.
  Analyzing resource sharing options for $techmap\CPU.$memrd$\RegisterBank$riscv.v:349$257 ($memrd):
    Found 1 activation_patterns using ctrl signal { \CPU.debug_reset_req \CPU.halted_next $techmap\CPU.$procmux$465_CMP \CW.resetn }.
    Found 1 candidates: $techmap\CPU.$memrd$\RegisterBank$riscv.v:348$256
    Analyzing resource sharing with $techmap\CPU.$memrd$\RegisterBank$riscv.v:348$256 ($memrd):
      Found 1 activation_patterns using ctrl signal { \CPU.debug_reset_req \CPU.halted_next $techmap\CPU.$procmux$465_CMP \CW.resetn }.
      Activation pattern for cell $techmap\CPU.$memrd$\RegisterBank$riscv.v:349$257: { \CPU.debug_reset_req \CPU.halted_next $techmap\CPU.$procmux$465_CMP \CW.resetn } = 4'0011
      Activation pattern for cell $techmap\CPU.$memrd$\RegisterBank$riscv.v:348$256: { \CPU.debug_reset_req \CPU.halted_next $techmap\CPU.$procmux$465_CMP \CW.resetn } = 4'0011
      Size of SAT problem: 8 cells, 93 variables, 199 clauses
      According to the SAT solver this pair of cells can not be shared.
      Model from SAT solver: { \CPU.debug_reset_req \CPU.halted_next $techmap\CPU.$procmux$465_CMP \CW.resetn } = 4'0011
  Analyzing resource sharing options for $techmap\CPU.$memrd$\RegisterBank$riscv.v:348$256 ($memrd):
    Found 1 activation_patterns using ctrl signal { \CPU.debug_reset_req \CPU.halted_next $techmap\CPU.$procmux$465_CMP \CW.resetn }.
    No candidates found.

4.15. Executing TECHMAP pass (map to technology primitives).

4.15.1. Executing Verilog-2005 frontend: /usr/bin/../share/yosys/cmp2lut.v
Parsing Verilog input from `/usr/bin/../share/yosys/cmp2lut.v' to AST representation.
Generating RTLIL representation for module `\_90_lut_cmp_'.
Successfully finished Verilog frontend.

4.15.2. Continuing TECHMAP pass.
Using template $paramod$947b4e84b41c8268c0b3f732cf601a46e109cf2f\_90_lut_cmp_ for cells of type $eq.
Using template $paramod$5c2d7617d568809e504489b04c3cf382857f302a\_90_lut_cmp_ for cells of type $eq.
Using template $paramod$157b513ca31cf76e38adcf07acb1841cad2cb8bf\_90_lut_cmp_ for cells of type $eq.
Using template $paramod$428611b5d438e29cebfd18261be0c8e5ae5db6e9\_90_lut_cmp_ for cells of type $eq.
Using template $paramod$968c93632f950ce0f306709fa121c1e7a868940c\_90_lut_cmp_ for cells of type $eq.
Using template $paramod$b2c078492117e804fad9a0ec69f4ef95c8e4fc36\_90_lut_cmp_ for cells of type $eq.
Using template $paramod$efc71e781fe178e08e0b73b60d007d65bb528021\_90_lut_cmp_ for cells of type $eq.
Using template $paramod$64fdb727b8fb55a4fe9731fe5b6468d06ea5e6e3\_90_lut_cmp_ for cells of type $eq.
Using template $paramod$df71d3c5c306636e78c1ede81ccfd95a4d222f85\_90_lut_cmp_ for cells of type $eq.
Using template $paramod$71de91d27376199a7ef88a0ac0b14252f100e8e2\_90_lut_cmp_ for cells of type $eq.
Using template $paramod$d0a69964f9ce54b3124cbdb498a7c3bb278370d8\_90_lut_cmp_ for cells of type $eq.
Using template $paramod$dc6060208f0369ff43b26b7eee8e43bf61e4b025\_90_lut_cmp_ for cells of type $eq.
Using template $paramod$ed69233d74549f287b72a59633b9a76ab6bcc119\_90_lut_cmp_ for cells of type $eq.
Using template $paramod$f697708cd68b7ab769087d4d36092ed6d4550934\_90_lut_cmp_ for cells of type $eq.
Using template $paramod$8c0aa91d4db8741c9947d7a0de6c875d8dfddc39\_90_lut_cmp_ for cells of type $eq.
Using template $paramod$4cde4291caf5aa85a196975f3624151774a86d78\_90_lut_cmp_ for cells of type $eq.
Using template $paramod$169bae89c32dcc6f3626d16cf9f47ceb469145db\_90_lut_cmp_ for cells of type $eq.
Using template $paramod$d31416a5863a8a220e16d7940a75ab70541ab32a\_90_lut_cmp_ for cells of type $eq.
Using template $paramod$5652dda64580ddd7861fd245e644fd33eae2e158\_90_lut_cmp_ for cells of type $eq.
Using template $paramod$5b7c8f37cb386acdf3ce7e528c09e6d15eb51b72\_90_lut_cmp_ for cells of type $eq.
Using template $paramod$77ad031fce233083715243f95e3cd2547d931e42\_90_lut_cmp_ for cells of type $eq.
Using template $paramod$d87a48a4cd82717ae6bd57e6fe5ce90d87c44016\_90_lut_cmp_ for cells of type $eq.
Using template $paramod$6816abac91a51b405c3de5bceb2855c03dd44485\_90_lut_cmp_ for cells of type $eq.
Using template $paramod$99e5b0ecd4c7f9fb6cd3a733593eba894c42613f\_90_lut_cmp_ for cells of type $eq.
Using template $paramod$0760830c1e6c196382cd2cb153e9fff2d84c061d\_90_lut_cmp_ for cells of type $eq.
No more expansions possible.
<suppressed ~776 debug messages>

4.16. Executing OPT_EXPR pass (perform const folding).
Optimizing module SOC.

4.17. Executing OPT_CLEAN pass (remove unused cells and wires).
Finding unused cells or wires in module \SOC..
Removed 0 unused cells and 111 unused wires.
<suppressed ~1 debug messages>

4.18. Executing ALUMACC pass (create $alu and $macc cells).
Extracting $alu and $macc cells in module SOC:
  creating $macc model for $techmap\CPU.$add$riscv.v:130$191 ($add).
  creating $macc model for $techmap\CPU.$add$riscv.v:134$193 ($add).
  creating $macc model for $techmap\CPU.$add$riscv.v:134$194 ($add).
  creating $macc model for $techmap\CPU.$add$riscv.v:204$214 ($add).
  creating $macc model for $techmap\CPU.$add$riscv.v:205$215 ($add).
  creating $macc model for $techmap\CPU.$add$riscv.v:218$226 ($add).
  creating $macc model for $techmap\CW.$add$clockworks.v:107$423 ($add).
  creating $macc model for $techmap\TIMER.$add$timer_ip.v:128$69 ($add).
  creating $macc model for $techmap\TIMER.$sub$timer_ip.v:124$68 ($sub).
  creating $macc model for $techmap\UART.$sub$emitter_uart.v:34$82 ($sub).
  merging $macc model for $techmap\CPU.$add$riscv.v:134$193 into $techmap\CPU.$add$riscv.v:134$194.
  creating $alu model for $macc $techmap\TIMER.$sub$timer_ip.v:124$68.
  creating $alu model for $macc $techmap\TIMER.$add$timer_ip.v:128$69.
  creating $alu model for $macc $techmap\CW.$add$clockworks.v:107$423.
  creating $alu model for $macc $techmap\CPU.$add$riscv.v:218$226.
  creating $alu model for $macc $techmap\CPU.$add$riscv.v:205$215.
  creating $alu model for $macc $techmap\CPU.$add$riscv.v:204$214.
  creating $alu model for $macc $techmap\CPU.$add$riscv.v:134$194.
  creating $alu model for $macc $techmap\UART.$sub$emitter_uart.v:34$82.
  creating $alu model for $macc $techmap\CPU.$add$riscv.v:130$191.
  creating $alu cell for $techmap\CPU.$add$riscv.v:130$191: $auto$alumacc.cc:474:replace_alu$1007
  creating $alu cell for $techmap\UART.$sub$emitter_uart.v:34$82: $auto$alumacc.cc:474:replace_alu$1010
  creating $alu cell for $techmap\CPU.$add$riscv.v:134$194: $auto$alumacc.cc:474:replace_alu$1013
  creating $alu cell for $techmap\CPU.$add$riscv.v:204$214: $auto$alumacc.cc:474:replace_alu$1016
  creating $alu cell for $techmap\CPU.$add$riscv.v:205$215: $auto$alumacc.cc:474:replace_alu$1019
  creating $alu cell for $techmap\CPU.$add$riscv.v:218$226: $auto$alumacc.cc:474:replace_alu$1022
  creating $alu cell for $techmap\CW.$add$clockworks.v:107$423: $auto$alumacc.cc:474:replace_alu$1025
  creating $alu cell for $techmap\TIMER.$add$timer_ip.v:128$69: $auto$alumacc.cc:474:replace_alu$1028
  creating $alu cell for $techmap\TIMER.$sub$timer_ip.v:124$68: $auto$alumacc.cc:474:replace_alu$1031
  created 9 $alu and 0 $macc cells.

4.19. Executing OPT pass (performing simple optimizations).

4.19.1. Executing OPT_EXPR pass (perform const folding).
Optimizing module SOC.

4.19.2. Executing OPT_MERGE pass (detect identical cells).
Finding identical cells in module `\SOC'.
<suppressed ~12 debug messages>
Removed a total of 4 cells.

4.19.3. Executing OPT_MUXTREE pass (detect dead branches in mux trees).
Running muxtree optimizer on module \SOC..
  Creating internal representation of mux trees.
  Evaluating internal representation of mux trees.
  Analyzing evaluation results.
Removed 0 multiplexer ports.
<suppressed ~58 debug messages>

4.19.4. Executing OPT_REDUCE pass (consolidate $*mux and $reduce_* inputs).
  Optimizing cells in module \SOC.
Performed a total of 0 changes.

4.19.5. Executing OPT_MERGE pass (detect identical cells).
Finding identical cells in module `\SOC'.
<suppressed ~3 debug messages>
Removed a total of 1 cells.

4.19.6. Executing OPT_RMDFF pass (remove dff with constant values).

4.19.7. Executing OPT_CLEAN pass (remove unused cells and wires).
Finding unused cells or wires in module \SOC..
Removed 1 unused cells and 6 unused wires.
<suppressed ~2 debug messages>

4.19.8. Executing OPT_EXPR pass (perform const folding).
Optimizing module SOC.

4.19.9. Rerunning OPT passes. (Maybe there is more to do..)

4.19.10. Executing OPT_MUXTREE pass (detect dead branches in mux trees).
Running muxtree optimizer on module \SOC..
  Creating internal representation of mux trees.
  Evaluating internal representation of mux trees.
  Analyzing evaluation results.
Removed 0 multiplexer ports.
<suppressed ~58 debug messages>

4.19.11. Executing OPT_REDUCE pass (consolidate $*mux and $reduce_* inputs).
  Optimizing cells in module \SOC.
Performed a total of 0 changes.

4.19.12. Executing OPT_MERGE pass (detect identical cells).
Finding identical cells in module `\SOC'.
Removed a total of 0 cells.

4.19.13. Executing OPT_RMDFF pass (remove dff with constant values).

4.19.14. Executing OPT_CLEAN pass (remove unused cells and wires).
Finding unused cells or wires in module \SOC..

4.19.15. Executing OPT_EXPR pass (perform const folding).
Optimizing module SOC.

4.19.16. Finished OPT passes. (There is nothing left to do.)

4.20. Executing FSM pass (extract and optimize FSM).

4.20.1. Executing FSM_DETECT pass (finding FSMs in design).
Not marking SOC.CPU.state as FSM state register:
    Users of register don't seem to benefit from recoding.
    Register has an initialization value.
Not marking SOC.tap0.state as FSM state register:
    Users of register don't seem to benefit from recoding.
    Register has an initialization value.

4.20.2. Executing FSM_EXTRACT pass (extracting FSM from design).

4.20.3. Executing FSM_OPT pass (simple optimizations of FSMs).

4.20.4. Executing OPT_CLEAN pass (remove unused cells and wires).
Finding unused cells or wires in module \SOC..

4.20.5. Executing FSM_OPT pass (simple optimizations of FSMs).

4.20.6. Executing FSM_RECODE pass (re-assigning FSM state encoding).

4.20.7. Executing FSM_INFO pass (dumping all available information on FSM cells).

4.20.8. Executing FSM_MAP pass (mapping FSMs to basic logic).

4.21. Executing OPT pass (performing simple optimizations).

4.21.1. Executing OPT_EXPR pass (perform const folding).
Optimizing module SOC.

4.21.2. Executing OPT_MERGE pass (detect identical cells).
Finding identical cells in module `\SOC'.
Removed a total of 0 cells.

4.21.3. Executing OPT_RMDFF pass (remove dff with constant values).

4.21.4. Executing OPT_CLEAN pass (remove unused cells and wires).
Finding unused cells or wires in module \SOC..

4.21.5. Finished fast OPT passes.

4.22. Executing MEMORY pass.

4.22.1. Executing MEMORY_DFF pass (merging $dff cells to $memrd and $memwr).
Checking cell `$techmap\CPU.$memwr$\RegisterBank$riscv.v:332$318' in module `\SOC': merged $dff to cell.
Checking cell `$techmap\RAM.$memwr$\MEM$riscv.v:40$104' in module `\SOC': merged $dff to cell.
Checking cell `$techmap\RAM.$memwr$\MEM$riscv.v:41$105' in module `\SOC': merged $dff to cell.
Checking cell `$techmap\RAM.$memwr$\MEM$riscv.v:42$106' in module `\SOC': merged $dff to cell.
Checking cell `$techmap\RAM.$memwr$\MEM$riscv.v:43$107' in module `\SOC': merged $dff to cell.
Checking cell `$techmap\CPU.$memrd$\RegisterBank$riscv.v:348$256' in module `\SOC': merged data $dff with rd enable to cell.
Checking cell `$techmap\CPU.$memrd$\RegisterBank$riscv.v:349$257' in module `\SOC': merged data $dff with rd enable to cell.
Checking cell `$techmap\RAM.$memrd$\MEM$riscv.v:38$102' in module `\SOC': merged data $dff with rd enable to cell.

4.22.2. Executing OPT_CLEAN pass (remove unused cells and wires).
Finding unused cells or wires in module \SOC..
Removed 24 unused cells and 27 unused wires.
<suppressed ~25 debug messages>

4.22.3. Executing MEMORY_SHARE pass (consolidating $memrd/$memwr cells).
Consolidating write ports of memory SOC.RAM.MEM by address:
  New clock domain: posedge \CLK
    Port 0 ($techmap\RAM.$memwr$\MEM$riscv.v:40$104) has addr \mem_addr [12:2].
      Active bits: 00000000000000000000000011111111
    Port 1 ($techmap\RAM.$memwr$\MEM$riscv.v:41$105) has addr \mem_addr [12:2].
      Active bits: 00000000000000001111111100000000
      Merging port 0 into this one.
      Active bits: 00000000000000001111111111111111
    Port 2 ($techmap\RAM.$memwr$\MEM$riscv.v:42$106) has addr \mem_addr [12:2].
      Active bits: 00000000111111110000000000000000
      Merging port 1 into this one.
      Active bits: 00000000111111111111111111111111
    Port 3 ($techmap\RAM.$memwr$\MEM$riscv.v:43$107) has addr \mem_addr [12:2].
      Active bits: 11111111000000000000000000000000
      Merging port 2 into this one.
      Active bits: 11111111111111111111111111111111

4.22.4. Executing OPT_CLEAN pass (remove unused cells and wires).
Finding unused cells or wires in module \SOC..

4.22.5. Executing MEMORY_COLLECT pass (generating $mem cells).
Collecting $memrd, $memwr and $meminit for memory `\CPU.RegisterBank' in module `\SOC':
  $techmap\CPU.$meminit$\RegisterBank$riscv.v:112$286 ($meminit)
  $techmap\CPU.$meminit$\RegisterBank$riscv.v:112$287 ($meminit)
  $techmap\CPU.$meminit$\RegisterBank$riscv.v:112$288 ($meminit)
  $techmap\CPU.$meminit$\RegisterBank$riscv.v:112$289 ($meminit)
  $techmap\CPU.$meminit$\RegisterBank$riscv.v:112$290 ($meminit)
  $techmap\CPU.$meminit$\RegisterBank$riscv.v:112$291 ($meminit)
  $techmap\CPU.$meminit$\RegisterBank$riscv.v:112$292 ($meminit)
  $techmap\CPU.$meminit$\RegisterBank$riscv.v:112$293 ($meminit)
  $techmap\CPU.$meminit$\RegisterBank$riscv.v:112$294 ($meminit)
  $techmap\CPU.$meminit$\RegisterBank$riscv.v:112$295 ($meminit)
  $techmap\CPU.$meminit$\RegisterBank$riscv.v:112$296 ($meminit)
  $techmap\CPU.$meminit$\RegisterBank$riscv.v:112$297 ($meminit)
  $techmap\CPU.$meminit$\RegisterBank$riscv.v:112$298 ($meminit)
  $techmap\CPU.$meminit$\RegisterBank$riscv.v:112$299 ($meminit)
  $techmap\CPU.$meminit$\RegisterBank$riscv.v:112$300 ($meminit)
  $techmap\CPU.$meminit$\RegisterBank$riscv.v:112$301 ($meminit)
  $techmap\CPU.$meminit$\RegisterBank$riscv.v:112$302 ($meminit)
  $techmap\CPU.$meminit$\RegisterBank$riscv.v:112$303 ($meminit)
  $techmap\CPU.$meminit$\RegisterBank$riscv.v:112$304 ($meminit)
  $techmap\CPU.$meminit$\RegisterBank$riscv.v:112$305 ($meminit)
  $techmap\CPU.$meminit$\RegisterBank$riscv.v:112$306 ($meminit)
  $techmap\CPU.$meminit$\RegisterBank$riscv.v:112$307 ($meminit)
  $techmap\CPU.$meminit$\RegisterBank$riscv.v:112$308 ($meminit)
  $techmap\CPU.$meminit$\RegisterBank$riscv.v:112$309 ($meminit)
  $techmap\CPU.$meminit$\RegisterBank$riscv.v:112$310 ($meminit)
  $techmap\CPU.$meminit$\RegisterBank$riscv.v:112$311 ($meminit)
  $techmap\CPU.$meminit$\RegisterBank$riscv.v:112$312 ($meminit)
  $techmap\CPU.$meminit$\RegisterBank$riscv.v:112$313 ($meminit)
  $techmap\CPU.$meminit$\RegisterBank$riscv.v:112$314 ($meminit)
  $techmap\CPU.$meminit$\RegisterBank$riscv.v:112$315 ($meminit)
  $techmap\CPU.$meminit$\RegisterBank$riscv.v:112$316 ($meminit)
  $techmap\CPU.$meminit$\RegisterBank$riscv.v:112$317 ($meminit)
  $techmap\CPU.$memwr$\RegisterBank$riscv.v:332$318 ($memwr)
  $techmap\CPU.$memrd$\RegisterBank$riscv.v:349$257 ($memrd)
  $techmap\CPU.$memrd$\RegisterBank$riscv.v:348$256 ($memrd)
Collecting $memrd, $memwr and $meminit for memory `\RAM.MEM' in module `\SOC':
  $techmap\RAM.$meminit$\MEM$riscv.v:31$103 ($meminit)
  $techmap\RAM.$memwr$\MEM$riscv.v:43$107 ($memwr)
  $techmap\RAM.$memrd$\MEM$riscv.v:38$102 ($memrd)

4.23. Executing OPT_CLEAN pass (remove unused cells and wires).
Finding unused cells or wires in module \SOC..

4.24. Executing MEMORY_BRAM pass (mapping $mem cells to block memories).
Processing SOC.CPU.RegisterBank:
  Properties: ports=3 bits=1024 rports=2 wports=1 dbits=32 abits=5 words=32
  Checking rule #1 for bram type $__ICE40_RAM4K_M0 (variant 1):
    Bram geometry: abits=8 dbits=16 wports=0 rports=0
    Estimated number of duplicates for more read ports: dups=1
    Metrics for $__ICE40_RAM4K_M0: awaste=224 dwaste=0 bwaste=3584 waste=3584 efficiency=12
    Rule #1 for bram type $__ICE40_RAM4K_M0 (variant 1) accepted.
    Mapping to bram type $__ICE40_RAM4K_M0 (variant 1):
      Write port #0 is in clock domain \CLK.
        Mapped to bram port B1.
      Read port #0 is in clock domain \CLK.
        Mapped to bram port A1.1.
      Read port #1 is in clock domain \CLK.
        Failed to map read port #1.
      Growing more read ports by duplicating bram cells.
      Read port #0 is in clock domain \CLK.
        Mapped to bram port A1.1.
      Read port #1 is in clock domain \CLK.
        Mapped to bram port A1.2.
      Updated properties: dups=2 waste=7168 efficiency=6
      Storing for later selection.
  Checking rule #2 for bram type $__ICE40_RAM4K_M123 (variant 1):
    Bram geometry: abits=9 dbits=8 wports=0 rports=0
    Estimated number of duplicates for more read ports: dups=1
    Metrics for $__ICE40_RAM4K_M123: awaste=480 dwaste=0 bwaste=3840 waste=3840 efficiency=6
    Rule #2 for bram type $__ICE40_RAM4K_M123 (variant 1) accepted.
    Mapping to bram type $__ICE40_RAM4K_M123 (variant 1):
      Write port #0 is in clock domain \CLK.
        Mapped to bram port B1.
      Read port #0 is in clock domain \CLK.
        Mapped to bram port A1.1.
      Read port #1 is in clock domain \CLK.
        Failed to map read port #1.
      Growing more read ports by duplicating bram cells.
      Read port #0 is in clock domain \CLK.
        Mapped to bram port A1.1.
      Read port #1 is in clock domain \CLK.
        Mapped to bram port A1.2.
      Updated properties: dups=2 waste=7680 efficiency=3
      Storing for later selection.
  Checking rule #2 for bram type $__ICE40_RAM4K_M123 (variant 2):
    Bram geometry: abits=10 dbits=4 wports=0 rports=0
    Estimated number of duplicates for more read ports: dups=1
    Metrics for $__ICE40_RAM4K_M123: awaste=992 dwaste=0 bwaste=3968 waste=3968 efficiency=3
    Rule #2 for bram type $__ICE40_RAM4K_M123 (variant 2) accepted.
    Mapping to bram type $__ICE40_RAM4K_M123 (variant 2):
      Write port #0 is in clock domain \CLK.
        Mapped to bram port B1.
      Read port #0 is in clock domain \CLK.
        Mapped to bram port A1.1.
      Read port #1 is in clock domain \CLK.
        Failed to map read port #1.
      Growing more read ports by duplicating bram cells.
      Read port #0 is in clock domain \CLK.
        Mapped to bram port A1.1.
      Read port #1 is in clock domain \CLK.
        Mapped to bram port A1.2.
      Updated properties: dups=2 waste=7936 efficiency=1
    Rule for bram type $__ICE40_RAM4K_M123 rejected: requirement 'min efficiency 2' not met.
    Mapping to bram type $__ICE40_RAM4K_M123 failed.
  Checking rule #2 for bram type $__ICE40_RAM4K_M123 (variant 3):
    Bram geometry: abits=11 dbits=2 wports=0 rports=0
    Estimated number of duplicates for more read ports: dups=1
    Metrics for $__ICE40_RAM4K_M123: awaste=2016 dwaste=0 bwaste=4032 waste=4032 efficiency=1
    Rule #2 for bram type $__ICE40_RAM4K_M123 (variant 3) rejected: requirement 'min efficiency 2' not met.
  Selecting best of 2 rules:
    Efficiency for rule 2.1: efficiency=3, cells=8, acells=1
    Efficiency for rule 1.1: efficiency=6, cells=4, acells=1
    Selected rule 1.1 with efficiency 6.
    Mapping to bram type $__ICE40_RAM4K_M0 (variant 1):
      Write port #0 is in clock domain \CLK.
        Mapped to bram port B1.
      Read port #0 is in clock domain \CLK.
        Mapped to bram port A1.1.
      Read port #1 is in clock domain \CLK.
        Failed to map read port #1.
      Growing more read ports by duplicating bram cells.
      Read port #0 is in clock domain \CLK.
        Mapped to bram port A1.1.
      Read port #1 is in clock domain \CLK.
        Mapped to bram port A1.2.
      Creating $__ICE40_RAM4K_M0 cell at grid position <0 0 0>: CPU.RegisterBank.0.0.0
      Creating $__ICE40_RAM4K_M0 cell at grid position <0 0 1>: CPU.RegisterBank.0.0.1
      Creating $__ICE40_RAM4K_M0 cell at grid position <1 0 0>: CPU.RegisterBank.1.0.0
      Creating $__ICE40_RAM4K_M0 cell at grid position <1 0 1>: CPU.RegisterBank.1.0.1
Processing SOC.RAM.MEM:
  Properties: ports=2 bits=49152 rports=1 wports=1 dbits=32 abits=11 words=1536
  Checking rule #1 for bram type $__ICE40_RAM4K_M0 (variant 1):
    Bram geometry: abits=8 dbits=16 wports=0 rports=0
    Estimated number of duplicates for more read ports: dups=1
    Metrics for $__ICE40_RAM4K_M0: awaste=0 dwaste=0 bwaste=0 waste=0 efficiency=100
    Rule #1 for bram type $__ICE40_RAM4K_M0 (variant 1) accepted.
    Mapping to bram type $__ICE40_RAM4K_M0 (variant 1):
      Write port #0 is in clock domain \CLK.
        Mapped to bram port B1.
      Read port #0 is in clock domain \CLK.
        Mapped to bram port A1.1.
      Updated properties: dups=1 waste=0 efficiency=100
      Storing for later selection.
  Checking rule #2 for bram type $__ICE40_RAM4K_M123 (variant 1):
    Bram geometry: abits=9 dbits=8 wports=0 rports=0
    Estimated number of duplicates for more read ports: dups=1
    Metrics for $__ICE40_RAM4K_M123: awaste=0 dwaste=0 bwaste=0 waste=0 efficiency=100
    Rule #2 for bram type $__ICE40_RAM4K_M123 (variant 1) accepted.
    Mapping to bram type $__ICE40_RAM4K_M123 (variant 1):
      Write port #0 is in clock domain \CLK.
        Mapped to bram port B1.
      Read port #0 is in clock domain \CLK.
        Mapped to bram port A1.1.
      Updated properties: dups=1 waste=0 efficiency=100
      Storing for later selection.
  Checking rule #2 for bram type $__ICE40_RAM4K_M123 (variant 2):
    Bram geometry: abits=10 dbits=4 wports=0 rports=0
    Estimated number of duplicates for more read ports: dups=1
    Metrics for $__ICE40_RAM4K_M123: awaste=512 dwaste=0 bwaste=2048 waste=2048 efficiency=75
    Rule #2 for bram type $__ICE40_RAM4K_M123 (variant 2) accepted.
    Mapping to bram type $__ICE40_RAM4K_M123 (variant 2):
      Write port #0 is in clock domain \CLK.
        Mapped to bram port B1.
      Read port #0 is in clock domain \CLK.
        Mapped to bram port A1.1.
      Updated properties: dups=1 waste=2048 efficiency=75
      Storing for later selection.
  Checking rule #2 for bram type $__ICE40_RAM4K_M123 (variant 3):
    Bram geometry: abits=11 dbits=2 wports=0 rports=0
    Estimated number of duplicates for more read ports: dups=1
    Metrics for $__ICE40_RAM4K_M123: awaste=512 dwaste=0 bwaste=1024 waste=1024 efficiency=75
    Rule #2 for bram type $__ICE40_RAM4K_M123 (variant 3) accepted.
    Mapping to bram type $__ICE40_RAM4K_M123 (variant 3):
      Write port #0 is in clock domain \CLK.
        Mapped to bram port B1.
      Read port #0 is in clock domain \CLK.
        Mapped to bram port A1.1.
      Updated properties: dups=1 waste=1024 efficiency=75
      Storing for later selection.
  Selecting best of 4 rules:
    Efficiency for rule 2.3: efficiency=75, cells=16, acells=1
    Efficiency for rule 2.2: efficiency=75, cells=16, acells=2
    Efficiency for rule 2.1: efficiency=100, cells=12, acells=3
    Efficiency for rule 1.1: efficiency=100, cells=12, acells=6
    Selected rule 2.1 with efficiency 100.
    Mapping to bram type $__ICE40_RAM4K_M123 (variant 1):
      Write port #0 is in clock domain \CLK.
        Mapped to bram port B1.
      Read port #0 is in clock domain \CLK.
        Mapped to bram port A1.1.
      Creating $__ICE40_RAM4K_M123 cell at grid position <0 0 0>: RAM.MEM.0.0.0
      Creating $__ICE40_RAM4K_M123 cell at grid position <0 1 0>: RAM.MEM.0.1.0
      Creating $__ICE40_RAM4K_M123 cell at grid position <0 2 0>: RAM.MEM.0.2.0
      Creating $__ICE40_RAM4K_M123 cell at grid position <1 0 0>: RAM.MEM.1.0.0
      Creating $__ICE40_RAM4K_M123 cell at grid position <1 1 0>: RAM.MEM.1.1.0
      Creating $__ICE40_RAM4K_M123 cell at grid position <1 2 0>: RAM.MEM.1.2.0
      Creating $__ICE40_RAM4K_M123 cell at grid position <2 0 0>: RAM.MEM.2.0.0
      Creating $__ICE40_RAM4K_M123 cell at grid position <2 1 0>: RAM.MEM.2.1.0
      Creating $__ICE40_RAM4K_M123 cell at grid position <2 2 0>: RAM.MEM.2.2.0
      Creating $__ICE40_RAM4K_M123 cell at grid position <3 0 0>: RAM.MEM.3.0.0
      Creating $__ICE40_RAM4K_M123 cell at grid position <3 1 0>: RAM.MEM.3.1.0
      Creating $__ICE40_RAM4K_M123 cell at grid position <3 2 0>: RAM.MEM.3.2.0

4.25. Executing TECHMAP pass (map to technology primitives).

4.25.1. Executing Verilog-2005 frontend: /usr/bin/../share/yosys/ice40/brams_map.v
Parsing Verilog input from `/usr/bin/../share/yosys/ice40/brams_map.v' to AST representation.
Generating RTLIL representation for module `\$__ICE40_RAM4K'.
Generating RTLIL representation for module `\$__ICE40_RAM4K_M0'.
Generating RTLIL representation for module `\$__ICE40_RAM4K_M123'.
Successfully finished Verilog frontend.

4.25.2. Continuing TECHMAP pass.
Using template $paramod$cb63e3354ffbb253e1c757db3cd346f76281a991\$__ICE40_RAM4K_M123 for cells of type $__ICE40_RAM4K_M123.
Using template $paramod$829f6a1a7c9e0b29ad70ba6e7972ee44cd3a6236\$__ICE40_RAM4K_M123 for cells of type $__ICE40_RAM4K_M123.
Using template $paramod$4304dbab8391e747d21784cc45cc107ce4e7002b\$__ICE40_RAM4K_M123 for cells of type $__ICE40_RAM4K_M123.
Using template $paramod$dba84124c6c5f89f98c196965ad33404a3d5aa7e\$__ICE40_RAM4K_M123 for cells of type $__ICE40_RAM4K_M123.
Using template $paramod$732cb071c562212ef3fc6e2f3380ae189ce1250d\$__ICE40_RAM4K_M0 for cells of type $__ICE40_RAM4K_M0.
Using template $paramod$3433d65f641987467c2fead894af2980a3a26a37\$__ICE40_RAM4K_M123 for cells of type $__ICE40_RAM4K_M123.
Using template $paramod$ac19a9f08ba8ba6c1d9439ea9f96cd86d84b8e7b\$__ICE40_RAM4K_M123 for cells of type $__ICE40_RAM4K_M123.
Using template $paramod$d27fbdbc5e9361383c77f6e8dc195703f92b20b3\$__ICE40_RAM4K_M123 for cells of type $__ICE40_RAM4K_M123.
Using template $paramod$70b57ca202bd5c4dd6af1c4a9a3dc9506978bf3b\$__ICE40_RAM4K_M123 for cells of type $__ICE40_RAM4K_M123.
Using template $paramod$642eccfd2e96f79d230b6e00c005aab4149fc002\$__ICE40_RAM4K_M123 for cells of type $__ICE40_RAM4K_M123.
Using template $paramod$f5a2f0ac691b3c21842aaba8daadd8de3038dd39\$__ICE40_RAM4K for cells of type $__ICE40_RAM4K.
Using template $paramod$9ba42886cfdadd68c045f35e9afc704a22e21dc4\$__ICE40_RAM4K for cells of type $__ICE40_RAM4K.
Using template $paramod$a146751d98867ba8eb66bf9867e485fcb5fc93f6\$__ICE40_RAM4K for cells of type $__ICE40_RAM4K.
Using template $paramod$f010e04cd81793a966fcf33f8d8594f5d8b2c3f6\$__ICE40_RAM4K for cells of type $__ICE40_RAM4K.
Using template $paramod$6aa27761b0b72336c8f5da0e2970c81894ec70e6\$__ICE40_RAM4K for cells of type $__ICE40_RAM4K.
Using template $paramod$2358ac60c060fff1ceaece342eafbd2c33915ead\$__ICE40_RAM4K for cells of type $__ICE40_RAM4K.
Using template $paramod$999149e05cefdc1273b41c265fb46e2c9b8e3781\$__ICE40_RAM4K for cells of type $__ICE40_RAM4K.
Using template $paramod$190f14d882f0cf4b7d0a931f8c429999654d3b1a\$__ICE40_RAM4K for cells of type $__ICE40_RAM4K.
Using template $paramod$ac81e20694d9d6380ce3568f9da37f48f7f8ff76\$__ICE40_RAM4K for cells of type $__ICE40_RAM4K.
Using template $paramod$f3a238e7544b73e6c16aca07ecc1d6f3a3b0d442\$__ICE40_RAM4K for cells of type $__ICE40_RAM4K.
No more expansions possible.
<suppressed ~460 debug messages>

4.26. Executing ICE40_BRAMINIT pass.

4.27. Executing OPT pass (performing simple optimizations).

4.27.1. Executing OPT_EXPR pass (perform const folding).
Optimizing module SOC.
<suppressed ~163 debug messages>

4.27.2. Executing OPT_MERGE pass (detect identical cells).
Finding identical cells in module `\SOC'.
<suppressed ~108 debug messages>
Removed a total of 36 cells.

4.27.3. Executing OPT_RMDFF pass (remove dff with constant values).

4.27.4. Executing OPT_CLEAN pass (remove unused cells and wires).
Finding unused cells or wires in module \SOC..
Removed 10 unused cells and 427 unused wires.
<suppressed ~12 debug messages>

4.27.5. Finished fast OPT passes.

4.28. Executing MEMORY_MAP pass (converting $mem cells to logic and flip-flops).

4.29. Executing OPT pass (performing simple optimizations).

4.29.1. Executing OPT_EXPR pass (perform const folding).
Optimizing module SOC.

4.29.2. Executing OPT_MERGE pass (detect identical cells).
Finding identical cells in module `\SOC'.
Removed a total of 0 cells.

4.29.3. Executing OPT_MUXTREE pass (detect dead branches in mux trees).
Running muxtree optimizer on module \SOC..
  Creating internal representation of mux trees.
  Evaluating internal representation of mux trees.
  Analyzing evaluation results.
Removed 0 multiplexer ports.
<suppressed ~74 debug messages>

4.29.4. Executing OPT_REDUCE pass (consolidate $*mux and $reduce_* inputs).
  Optimizing cells in module \SOC.
    New input vector for $reduce_and cell $auto$memory_dff.cc:206:handle_rd_cell$1039: { \CW.reset_cnt [0] \CW.reset_cnt [1] \CW.reset_cnt [2] \CW.reset_cnt [3] \CW.reset_cnt [4] \CW.reset_cnt [5] \CW.reset_cnt [6] \CW.reset_cnt [7] \CW.reset_cnt [8] \CW.reset_cnt [9] \CW.reset_cnt [10] \CW.reset_cnt [11] \CW.reset_cnt [12] \CW.reset_cnt [13] \CW.reset_cnt [14] \CW.reset_cnt [15] $techmap\CPU.$procmux$465_CMP $auto$rtlil.cc:1840:LogicNot$1035 $auto$rtlil.cc:1840:LogicNot$1037 }
    Consolidated identical input bits for $mux cell $techmap\CPU.$ternary$riscv.v:204$212:
      Old ports: A={ \CPU.instr [31] \CPU.instr [31] \CPU.instr [31] \CPU.instr [31] \CPU.instr [31] \CPU.instr [31] \CPU.instr [31] \CPU.instr [31] \CPU.instr [31] \CPU.instr [31] \CPU.instr [31] \CPU.instr [31] \CPU.instr [31] \CPU.instr [31] \CPU.instr [31] \CPU.instr [31] \CPU.instr [31] \CPU.instr [31] \CPU.instr [31] \CPU.instr [7] \CPU.instr [30:25] \CPU.instr [11:8] 1'0 }, B={ \CPU.instr [30:12] 12'000000000000 }, Y=$techmap\CPU.$ternary$riscv.v:204$212_Y [30:0]
      New ports: A={ \CPU.instr [31] \CPU.instr [31] \CPU.instr [31] \CPU.instr [31] \CPU.instr [31] \CPU.instr [31] \CPU.instr [31] \CPU.instr [31] \CPU.instr [31] \CPU.instr [31] \CPU.instr [31] \CPU.instr [31] \CPU.instr [31] \CPU.instr [31] \CPU.instr [31] \CPU.instr [31] \CPU.instr [31] \CPU.instr [31] \CPU.instr [31] \CPU.instr [7] \CPU.instr [30:25] \CPU.instr [11:8] }, B={ \CPU.instr [30:12] 11'00000000000 }, Y=$techmap\CPU.$ternary$riscv.v:204$212_Y [30:1]
      New connections: $techmap\CPU.$ternary$riscv.v:204$212_Y [0] = 1'0
    Consolidated identical input bits for $mux cell $techmap\CPU.$ternary$riscv.v:266$240:
      Old ports: A=4'0100, B=4'1000, Y=$techmap\CPU.$ternary$riscv.v:266$240_Y
      New ports: A=2'01, B=2'10, Y=$techmap\CPU.$ternary$riscv.v:266$240_Y [3:2]
      New connections: $techmap\CPU.$ternary$riscv.v:266$240_Y [1:0] = 2'00
    Consolidated identical input bits for $mux cell $techmap\CPU.$ternary$riscv.v:270$243:
      Old ports: A=4'0011, B=4'1100, Y=$auto$wreduce.cc:455:run$912
      New ports: A=2'01, B=2'10, Y={ $auto$wreduce.cc:455:run$912 [2] $auto$wreduce.cc:455:run$912 [0] }
      New connections: { $auto$wreduce.cc:455:run$912 [3] $auto$wreduce.cc:455:run$912 [1] } = { $auto$wreduce.cc:455:run$912 [2] $auto$wreduce.cc:455:run$912 [0] }
    Consolidated identical input bits for $mux cell $techmap\tap0.$procmux$776:
      Old ports: A=4'0001, B=4'1011, Y=$techmap\tap0.$procmux$776_Y
      New ports: A=1'0, B=1'1, Y=$techmap\tap0.$procmux$776_Y [1]
      New connections: { $techmap\tap0.$procmux$776_Y [3:2] $techmap\tap0.$procmux$776_Y [0] } = { $techmap\tap0.$procmux$776_Y [1] 2'01 }
    Consolidated identical input bits for $mux cell $techmap\tap0.$procmux$785:
      Old ports: A=4'0111, B=4'1000, Y=$techmap\tap0.$procmux$785_Y
      New ports: A=2'01, B=2'10, Y={ $techmap\tap0.$procmux$785_Y [3] $techmap\tap0.$procmux$785_Y [0] }
      New connections: $techmap\tap0.$procmux$785_Y [2:1] = { $techmap\tap0.$procmux$785_Y [0] $techmap\tap0.$procmux$785_Y [0] }
    Consolidated identical input bits for $mux cell $techmap\tap0.$procmux$789:
      Old ports: A=3'111, B=3'011, Y=$auto$wreduce.cc:455:run$936 [2:0]
      New ports: A=1'1, B=1'0, Y=$auto$wreduce.cc:455:run$936 [2]
      New connections: $auto$wreduce.cc:455:run$936 [1:0] = 2'11
    Consolidated identical input bits for $mux cell $techmap\tap0.$procmux$793:
      Old ports: A=3'010, B=3'110, Y=$auto$wreduce.cc:455:run$937 [2:0]
      New ports: A=1'0, B=1'1, Y=$auto$wreduce.cc:455:run$937 [2]
      New connections: $auto$wreduce.cc:455:run$937 [1:0] = 2'10
    Consolidated identical input bits for $mux cell $techmap\tap0.$procmux$801:
      Old ports: A=3'101, B=3'000, Y=$auto$wreduce.cc:455:run$938 [2:0]
      New ports: A=1'1, B=1'0, Y=$auto$wreduce.cc:455:run$938 [0]
      New connections: $auto$wreduce.cc:455:run$938 [2:1] = { $auto$wreduce.cc:455:run$938 [0] 1'0 }
    Consolidated identical input bits for $mux cell $techmap\tap0.$procmux$817:
      Old ports: A=3'110, B=3'010, Y=$auto$wreduce.cc:455:run$941 [2:0]
      New ports: A=1'1, B=1'0, Y=$auto$wreduce.cc:455:run$941 [2]
      New connections: $auto$wreduce.cc:455:run$941 [1:0] = 2'10
    Consolidated identical input bits for $mux cell $techmap\tap0.$procmux$821:
      Old ports: A=3'001, B=3'101, Y=$auto$wreduce.cc:455:run$942 [2:0]
      New ports: A=1'0, B=1'1, Y=$auto$wreduce.cc:455:run$942 [2]
      New connections: $auto$wreduce.cc:455:run$942 [1:0] = 2'01
    Consolidated identical input bits for $mux cell $techmap\tap0.$procmux$829:
      Old ports: A=4'1100, B=4'0100, Y=$techmap\tap0.$procmux$829_Y
      New ports: A=1'1, B=1'0, Y=$techmap\tap0.$procmux$829_Y [3]
      New connections: $techmap\tap0.$procmux$829_Y [2:0] = 3'100
  Optimizing cells in module \SOC.
    Consolidated identical input bits for $mux cell $techmap\CPU.$ternary$riscv.v:204$213:
      Old ports: A=$techmap\CPU.$ternary$riscv.v:204$212_Y [30:0], B={ \CPU.instr [31] \CPU.instr [31] \CPU.instr [31] \CPU.instr [31] \CPU.instr [31] \CPU.instr [31] \CPU.instr [31] \CPU.instr [31] \CPU.instr [31] \CPU.instr [31] \CPU.instr [31] \CPU.instr [19:12] \CPU.instr [20] \CPU.instr [30:21] 1'0 }, Y=$techmap\CPU.$ternary$riscv.v:204$213_Y [30:0]
      New ports: A=$techmap\CPU.$ternary$riscv.v:204$212_Y [30:1], B={ \CPU.instr [31] \CPU.instr [31] \CPU.instr [31] \CPU.instr [31] \CPU.instr [31] \CPU.instr [31] \CPU.instr [31] \CPU.instr [31] \CPU.instr [31] \CPU.instr [31] \CPU.instr [31] \CPU.instr [19:12] \CPU.instr [20] \CPU.instr [30:21] }, Y=$techmap\CPU.$ternary$riscv.v:204$213_Y [30:1]
      New connections: $techmap\CPU.$ternary$riscv.v:204$213_Y [0] = 1'0
    Consolidated identical input bits for $mux cell $techmap\CPU.$ternary$riscv.v:271$244:
      Old ports: A=4'1111, B=$auto$wreduce.cc:455:run$912, Y=$auto$wreduce.cc:455:run$913
      New ports: A=2'11, B={ $auto$wreduce.cc:455:run$912 [2] $auto$wreduce.cc:455:run$912 [0] }, Y={ $auto$wreduce.cc:455:run$913 [2] $auto$wreduce.cc:455:run$913 [0] }
      New connections: { $auto$wreduce.cc:455:run$913 [3] $auto$wreduce.cc:455:run$913 [1] } = { $auto$wreduce.cc:455:run$913 [2] $auto$wreduce.cc:455:run$913 [0] }
  Optimizing cells in module \SOC.
Performed a total of 14 changes.

4.29.5. Executing OPT_MERGE pass (detect identical cells).
Finding identical cells in module `\SOC'.
<suppressed ~24 debug messages>
Removed a total of 8 cells.

4.29.6. Executing OPT_RMDFF pass (remove dff with constant values).

4.29.7. Executing OPT_CLEAN pass (remove unused cells and wires).
Finding unused cells or wires in module \SOC..
Removed 0 unused cells and 8 unused wires.
<suppressed ~1 debug messages>

4.29.8. Executing OPT_EXPR pass (perform const folding).
Optimizing module SOC.

4.29.9. Rerunning OPT passes. (Maybe there is more to do..)

4.29.10. Executing OPT_MUXTREE pass (detect dead branches in mux trees).
Running muxtree optimizer on module \SOC..
  Creating internal representation of mux trees.
  Evaluating internal representation of mux trees.
  Analyzing evaluation results.
Removed 0 multiplexer ports.
<suppressed ~74 debug messages>

4.29.11. Executing OPT_REDUCE pass (consolidate $*mux and $reduce_* inputs).
  Optimizing cells in module \SOC.
Performed a total of 0 changes.

4.29.12. Executing OPT_MERGE pass (detect identical cells).
Finding identical cells in module `\SOC'.
Removed a total of 0 cells.

4.29.13. Executing OPT_RMDFF pass (remove dff with constant values).

4.29.14. Executing OPT_CLEAN pass (remove unused cells and wires).
Finding unused cells or wires in module \SOC..

4.29.15. Executing OPT_EXPR pass (perform const folding).
Optimizing module SOC.

4.29.16. Finished OPT passes. (There is nothing left to do.)

4.30. Executing TECHMAP pass (map to technology primitives).

4.30.1. Executing Verilog-2005 frontend: /usr/bin/../share/yosys/techmap.v
Parsing Verilog input from `/usr/bin/../share/yosys/techmap.v' to AST representation.
Generating RTLIL representation for module `\_90_simplemap_bool_ops'.
Generating RTLIL representation for module `\_90_simplemap_reduce_ops'.
Generating RTLIL representation for module `\_90_simplemap_logic_ops'.
Generating RTLIL representation for module `\_90_simplemap_compare_ops'.
Generating RTLIL representation for module `\_90_simplemap_various'.
Generating RTLIL representation for module `\_90_simplemap_registers'.
Generating RTLIL representation for module `\_90_shift_ops_shr_shl_sshl_sshr'.
Generating RTLIL representation for module `\_90_shift_shiftx'.
Generating RTLIL representation for module `\_90_fa'.
Generating RTLIL representation for module `\_90_lcu'.
Generating RTLIL representation for module `\_90_alu'.
Generating RTLIL representation for module `\_90_macc'.
Generating RTLIL representation for module `\_90_alumacc'.
Generating RTLIL representation for module `\$__div_mod_u'.
Generating RTLIL representation for module `\$__div_mod'.
Generating RTLIL representation for module `\_90_div'.
Generating RTLIL representation for module `\_90_mod'.
Generating RTLIL representation for module `\_90_pow'.
Generating RTLIL representation for module `\_90_pmux'.
Generating RTLIL representation for module `\_90_lut'.
Successfully finished Verilog frontend.

4.30.2. Executing Verilog-2005 frontend: /usr/bin/../share/yosys/ice40/arith_map.v
Parsing Verilog input from `/usr/bin/../share/yosys/ice40/arith_map.v' to AST representation.
Generating RTLIL representation for module `\_80_ice40_alu'.
Successfully finished Verilog frontend.

4.30.3. Continuing TECHMAP pass.
Using extmapper simplemap for cells of type $lut.
Using extmapper simplemap for cells of type $mux.
Using extmapper simplemap for cells of type $dff.
Using extmapper simplemap for cells of type $adff.
Using extmapper simplemap for cells of type $eq.
Using extmapper simplemap for cells of type $or.
Using extmapper simplemap for cells of type $not.
Using extmapper simplemap for cells of type $and.
Using extmapper simplemap for cells of type $logic_not.
Using extmapper simplemap for cells of type $reduce_or.
Using extmapper simplemap for cells of type $logic_and.
Using extmapper simplemap for cells of type $reduce_and.
Using template $paramod\_90_pmux\WIDTH=4\S_WIDTH=11 for cells of type $pmux.
Using template $paramod\_90_pmux\WIDTH=1\S_WIDTH=2 for cells of type $pmux.
Using template $paramod\_90_pmux\WIDTH=32\S_WIDTH=5 for cells of type $pmux.
Using extmapper simplemap for cells of type $xor.
Using template $paramod\_80_ice40_alu\A_SIGNED=0\B_SIGNED=0\A_WIDTH=1\B_WIDTH=16\Y_WIDTH=16 for cells of type $alu.
Using template $paramod$constmap:87f69c0bea22f84de4bcd0314b57cb19e61b5eb7$paramod$88abf4b792300efa328894e6936be740fdc22f6d\_90_shift_ops_shr_shl_sshl_sshr for cells of type $sshr.
Using template $paramod\_80_ice40_alu\A_SIGNED=0\B_SIGNED=0\A_WIDTH=32\B_WIDTH=33\Y_WIDTH=33 for cells of type $alu.
Using template $paramod\_90_pmux\WIDTH=32\S_WIDTH=7 for cells of type $pmux.
Using template $paramod\_90_pmux\WIDTH=1\S_WIDTH=6 for cells of type $pmux.
Using template $paramod\_90_pmux\WIDTH=3\S_WIDTH=5 for cells of type $pmux.
Using template $paramod\_80_ice40_alu\A_SIGNED=0\B_SIGNED=0\A_WIDTH=3\B_WIDTH=32\Y_WIDTH=32 for cells of type $alu.
Using template $paramod\_90_pmux\WIDTH=8\S_WIDTH=2 for cells of type $pmux.
Using extmapper simplemap for cells of type $logic_or.
Using template $paramod\_80_ice40_alu\A_SIGNED=0\B_SIGNED=0\A_WIDTH=32\B_WIDTH=1\Y_WIDTH=32 for cells of type $alu.
Using template $paramod\_80_ice40_alu\A_SIGNED=0\B_SIGNED=0\A_WIDTH=32\B_WIDTH=32\Y_WIDTH=32 for cells of type $alu.
Using extmapper simplemap for cells of type $reduce_bool.
Using template $paramod\_90_pmux\WIDTH=32\S_WIDTH=3 for cells of type $pmux.
Using template $paramod\_90_alu\A_SIGNED=0\B_SIGNED=0\A_WIDTH=1\B_WIDTH=1\Y_WIDTH=1 for cells of type $alu.
Using extmapper simplemap for cells of type $pos.
Using template $paramod\_90_lcu\WIDTH=1 for cells of type $lcu.
No more expansions possible.
<suppressed ~1408 debug messages>

4.31. Executing ICE40_OPT pass (performing simple optimizations).

4.31.1. Running ICE40 specific optimizations.

4.31.2. Executing OPT_EXPR pass (perform const folding).
Optimizing module SOC.
<suppressed ~1535 debug messages>

4.31.3. Executing OPT_MERGE pass (detect identical cells).
Finding identical cells in module `\SOC'.
<suppressed ~624 debug messages>
Removed a total of 208 cells.

4.31.4. Executing OPT_RMDFF pass (remove dff with constant values).

4.31.5. Executing OPT_CLEAN pass (remove unused cells and wires).
Finding unused cells or wires in module \SOC..
Removed 282 unused cells and 821 unused wires.
<suppressed ~288 debug messages>

4.31.6. Rerunning OPT passes. (Removed registers in this run.)

4.31.7. Running ICE40 specific optimizations.
Optimized away SB_CARRY cell SOC.$auto$alumacc.cc:474:replace_alu$1016.slice[0].carry: CO=1'0
Optimized away SB_CARRY cell SOC.$auto$alumacc.cc:474:replace_alu$1019.slice[0].carry: CO=1'0
Optimized away SB_CARRY cell SOC.$auto$alumacc.cc:474:replace_alu$1028.slice[0].carry: CO=\TIMER.presc_cnt [0]
Optimized away SB_CARRY cell SOC.$auto$alumacc.cc:474:replace_alu$1031.slice[0].carry: CO=\TIMER.value_reg [0]
Mapping SB_LUT4 cell SOC.$auto$alumacc.cc:474:replace_alu$1016.slice[1].adder back to logic.
Mapping SB_LUT4 cell SOC.$auto$alumacc.cc:474:replace_alu$1019.slice[1].adder back to logic.
Mapping SB_LUT4 cell SOC.$auto$alumacc.cc:474:replace_alu$1028.slice[1].adder back to logic.
Mapping SB_LUT4 cell SOC.$auto$alumacc.cc:474:replace_alu$1031.slice[1].adder back to logic.

4.31.8. Executing OPT_EXPR pass (perform const folding).
Optimizing module SOC.
<suppressed ~50 debug messages>

4.31.9. Executing OPT_MERGE pass (detect identical cells).
Finding identical cells in module `\SOC'.
<suppressed ~9 debug messages>
Removed a total of 3 cells.

4.31.10. Executing OPT_RMDFF pass (remove dff with constant values).

4.31.11. Executing OPT_CLEAN pass (remove unused cells and wires).
Finding unused cells or wires in module \SOC..
Removed 1 unused cells and 11 unused wires.
<suppressed ~2 debug messages>

4.31.12. Rerunning OPT passes. (Removed registers in this run.)

4.31.13. Running ICE40 specific optimizations.
Optimized away SB_CARRY cell SOC.$auto$alumacc.cc:474:replace_alu$1019.slice[1].carry: CO=1'0
Mapping SB_LUT4 cell SOC.$auto$alumacc.cc:474:replace_alu$1019.slice[2].adder back to logic.

4.31.14. Executing OPT_EXPR pass (perform const folding).
Optimizing module SOC.
<suppressed ~14 debug messages>

4.31.15. Executing OPT_MERGE pass (detect identical cells).
Finding identical cells in module `\SOC'.
Removed a total of 0 cells.

4.31.16. Executing OPT_RMDFF pass (remove dff with constant values).

4.31.17. Executing OPT_CLEAN pass (remove unused cells and wires).
Finding unused cells or wires in module \SOC..
Removed 0 unused cells and 4 unused wires.
<suppressed ~1 debug messages>

4.31.18. Rerunning OPT passes. (Removed registers in this run.)

4.31.19. Running ICE40 specific optimizations.
Optimized away SB_CARRY cell SOC.$auto$alumacc.cc:474:replace_alu$1019.slice[2].carry: CO=\CPU.PC [2]
Mapping SB_LUT4 cell SOC.$auto$alumacc.cc:474:replace_alu$1019.slice[3].adder back to logic.

4.31.20. Executing OPT_EXPR pass (perform const folding).
Optimizing module SOC.
<suppressed ~13 debug messages>

4.31.21. Executing OPT_MERGE pass (detect identical cells).
Finding identical cells in module `\SOC'.
Removed a total of 0 cells.

4.31.22. Executing OPT_RMDFF pass (remove dff with constant values).

4.31.23. Executing OPT_CLEAN pass (remove unused cells and wires).
Finding unused cells or wires in module \SOC..
Removed 0 unused cells and 3 unused wires.
<suppressed ~1 debug messages>

4.31.24. Rerunning OPT passes. (Removed registers in this run.)

4.31.25. Running ICE40 specific optimizations.

4.31.26. Executing OPT_EXPR pass (perform const folding).
Optimizing module SOC.

4.31.27. Executing OPT_MERGE pass (detect identical cells).
Finding identical cells in module `\SOC'.
Removed a total of 0 cells.

4.31.28. Executing OPT_RMDFF pass (remove dff with constant values).

4.31.29. Executing OPT_CLEAN pass (remove unused cells and wires).
Finding unused cells or wires in module \SOC..

4.31.30. Finished OPT passes. (There is nothing left to do.)

4.32. Executing DFFSR2DFF pass (mapping DFFSR cells to simpler FFs).

4.33. Executing DFF2DFFE pass (transform $dff to $dffe where applicable).
Selected cell types for direct conversion:
  $_DFF_PP1_ -> $__DFFE_PP1
  $_DFF_PP0_ -> $__DFFE_PP0
  $_DFF_PN1_ -> $__DFFE_PN1
  $_DFF_PN0_ -> $__DFFE_PN0
  $_DFF_NP1_ -> $__DFFE_NP1
  $_DFF_NP0_ -> $__DFFE_NP0
  $_DFF_NN1_ -> $__DFFE_NN1
  $_DFF_NN0_ -> $__DFFE_NN0
  $_DFF_N_ -> $_DFFE_NP_
  $_DFF_P_ -> $_DFFE_PP_
Transforming FF to FF+Enable cells in module SOC:
  converting $_DFF_P_ cell $auto$simplemap.cc:420:simplemap_dff$1338 to $_DFFE_PP_ for $techmap\tap0.$0\debug_ctrl_reg[31:0] [0] -> \tap0.debug_ctrl_reg [0].
  converting $_DFF_P_ cell $auto$simplemap.cc:420:simplemap_dff$1339 to $_DFFE_PP_ for $techmap\tap0.$0\debug_ctrl_reg[31:0] [1] -> \tap0.debug_ctrl_reg [1].
  converting $_DFF_P_ cell $auto$simplemap.cc:420:simplemap_dff$1340 to $_DFFE_PP_ for $techmap\tap0.$0\debug_ctrl_reg[31:0] [2] -> \tap0.debug_ctrl_reg [2].
  converting $_DFF_P_ cell $auto$simplemap.cc:420:simplemap_dff$1341 to $_DFFE_PP_ for $techmap\tap0.$0\debug_ctrl_reg[31:0] [3] -> \tap0.debug_ctrl_reg [3].
  converting $_DFF_P_ cell $auto$simplemap.cc:420:simplemap_dff$1342 to $_DFFE_PP_ for $techmap\tap0.$0\debug_ctrl_reg[31:0] [4] -> \tap0.debug_ctrl_reg [4].
  converting $_DFF_P_ cell $auto$simplemap.cc:420:simplemap_dff$1343 to $_DFFE_PP_ for $techmap\tap0.$0\debug_ctrl_reg[31:0] [5] -> \tap0.debug_ctrl_reg [5].
  converting $_DFF_P_ cell $auto$simplemap.cc:420:simplemap_dff$1344 to $_DFFE_PP_ for $techmap\tap0.$0\debug_ctrl_reg[31:0] [6] -> \tap0.debug_ctrl_reg [6].
  converting $_DFF_P_ cell $auto$simplemap.cc:420:simplemap_dff$1345 to $_DFFE_PP_ for $techmap\tap0.$0\debug_ctrl_reg[31:0] [7] -> \tap0.debug_ctrl_reg [7].
  converting $_DFF_P_ cell $auto$simplemap.cc:420:simplemap_dff$1346 to $_DFFE_PP_ for $techmap\tap0.$0\debug_ctrl_reg[31:0] [8] -> \tap0.debug_ctrl_reg [8].
  converting $_DFF_P_ cell $auto$simplemap.cc:420:simplemap_dff$1347 to $_DFFE_PP_ for $techmap\tap0.$0\debug_ctrl_reg[31:0] [9] -> \tap0.debug_ctrl_reg [9].
  converting $_DFF_P_ cell $auto$simplemap.cc:420:simplemap_dff$1348 to $_DFFE_PP_ for $techmap\tap0.$0\debug_ctrl_reg[31:0] [10] -> \tap0.debug_ctrl_reg [10].
  converting $_DFF_P_ cell $auto$simplemap.cc:420:simplemap_dff$1349 to $_DFFE_PP_ for $techmap\tap0.$0\debug_ctrl_reg[31:0] [11] -> \tap0.debug_ctrl_reg [11].
  converting $_DFF_P_ cell $auto$simplemap.cc:420:simplemap_dff$1350 to $_DFFE_PP_ for $techmap\tap0.$0\debug_ctrl_reg[31:0] [12] -> \tap0.debug_ctrl_reg [12].
  converting $_DFF_P_ cell $auto$simplemap.cc:420:simplemap_dff$1351 to $_DFFE_PP_ for $techmap\tap0.$0\debug_ctrl_reg[31:0] [13] -> \tap0.debug_ctrl_reg [13].
  converting $_DFF_P_ cell $auto$simplemap.cc:420:simplemap_dff$1352 to $_DFFE_PP_ for $techmap\tap0.$0\debug_ctrl_reg[31:0] [14] -> \tap0.debug_ctrl_reg [14].
  converting $_DFF_P_ cell $auto$simplemap.cc:420:simplemap_dff$1353 to $_DFFE_PP_ for $techmap\tap0.$0\debug_ctrl_reg[31:0] [15] -> \tap0.debug_ctrl_reg [15].
  converting $_DFF_P_ cell $auto$simplemap.cc:420:simplemap_dff$1354 to $_DFFE_PP_ for $techmap\tap0.$0\debug_ctrl_reg[31:0] [16] -> \tap0.debug_ctrl_reg [16].
  converting $_DFF_P_ cell $auto$simplemap.cc:420:simplemap_dff$1355 to $_DFFE_PP_ for $techmap\tap0.$0\debug_ctrl_reg[31:0] [17] -> \tap0.debug_ctrl_reg [17].
  converting $_DFF_P_ cell $auto$simplemap.cc:420:simplemap_dff$1356 to $_DFFE_PP_ for $techmap\tap0.$0\debug_ctrl_reg[31:0] [18] -> \tap0.debug_ctrl_reg [18].
  converting $_DFF_P_ cell $auto$simplemap.cc:420:simplemap_dff$1357 to $_DFFE_PP_ for $techmap\tap0.$0\debug_ctrl_reg[31:0] [19] -> \tap0.debug_ctrl_reg [19].
  converting $_DFF_P_ cell $auto$simplemap.cc:420:simplemap_dff$1358 to $_DFFE_PP_ for $techmap\tap0.$0\debug_ctrl_reg[31:0] [20] -> \tap0.debug_ctrl_reg [20].
  converting $_DFF_P_ cell $auto$simplemap.cc:420:simplemap_dff$1359 to $_DFFE_PP_ for $techmap\tap0.$0\debug_ctrl_reg[31:0] [21] -> \tap0.debug_ctrl_reg [21].
  converting $_DFF_P_ cell $auto$simplemap.cc:420:simplemap_dff$1360 to $_DFFE_PP_ for $techmap\tap0.$0\debug_ctrl_reg[31:0] [22] -> \tap0.debug_ctrl_reg [22].
  converting $_DFF_P_ cell $auto$simplemap.cc:420:simplemap_dff$1361 to $_DFFE_PP_ for $techmap\tap0.$0\debug_ctrl_reg[31:0] [23] -> \tap0.debug_ctrl_reg [23].
  converting $_DFF_P_ cell $auto$simplemap.cc:420:simplemap_dff$1362 to $_DFFE_PP_ for $techmap\tap0.$0\debug_ctrl_reg[31:0] [24] -> \tap0.debug_ctrl_reg [24].
  converting $_DFF_P_ cell $auto$simplemap.cc:420:simplemap_dff$1363 to $_DFFE_PP_ for $techmap\tap0.$0\debug_ctrl_reg[31:0] [25] -> \tap0.debug_ctrl_reg [25].
  converting $_DFF_P_ cell $auto$simplemap.cc:420:simplemap_dff$1364 to $_DFFE_PP_ for $techmap\tap0.$0\debug_ctrl_reg[31:0] [26] -> \tap0.debug_ctrl_reg [26].
  converting $_DFF_P_ cell $auto$simplemap.cc:420:simplemap_dff$1365 to $_DFFE_PP_ for $techmap\tap0.$0\debug_ctrl_reg[31:0] [27] -> \tap0.debug_ctrl_reg [27].
  converting $_DFF_P_ cell $auto$simplemap.cc:420:simplemap_dff$1366 to $_DFFE_PP_ for $techmap\tap0.$0\debug_ctrl_reg[31:0] [28] -> \tap0.debug_ctrl_reg [28].
  converting $_DFF_P_ cell $auto$simplemap.cc:420:simplemap_dff$1367 to $_DFFE_PP_ for $techmap\tap0.$0\debug_ctrl_reg[31:0] [29] -> \tap0.debug_ctrl_reg [29].
  converting $_DFF_P_ cell $auto$simplemap.cc:420:simplemap_dff$1368 to $_DFFE_PP_ for $techmap\tap0.$0\debug_ctrl_reg[31:0] [30] -> \tap0.debug_ctrl_reg [30].
  converting $_DFF_P_ cell $auto$simplemap.cc:420:simplemap_dff$1369 to $_DFFE_PP_ for $techmap\tap0.$0\debug_ctrl_reg[31:0] [31] -> \tap0.debug_ctrl_reg [31].
  converting $_DFF_P_ cell $auto$simplemap.cc:420:simplemap_dff$1744 to $_DFFE_PP_ for $auto$rtlil.cc:1906:Mux$1114 -> $auto$memory_bram.cc:960:replace_cell$1112.
  converting $_DFF_P_ cell $auto$simplemap.cc:420:simplemap_dff$1804 to $_DFFE_PP_ for $auto$rtlil.cc:1906:Mux$1153 -> $auto$memory_bram.cc:960:replace_cell$1151.
  converting $_DFF_P_ cell $auto$simplemap.cc:420:simplemap_dff$1839 to $_DFFE_PP_ for $techmap\tap0.$0\ir_shift[3:0] [0] -> \tap0.ir_shift [0].
  converting $_DFF_P_ cell $auto$simplemap.cc:420:simplemap_dff$1840 to $_DFFE_PP_ for $techmap\tap0.$0\ir_shift[3:0] [1] -> \tap0.ir_shift [1].
  converting $_DFF_P_ cell $auto$simplemap.cc:420:simplemap_dff$1841 to $_DFFE_PP_ for $techmap\tap0.$0\ir_shift[3:0] [2] -> \tap0.ir_shift [2].
  converting $_DFF_P_ cell $auto$simplemap.cc:420:simplemap_dff$1842 to $_DFFE_PP_ for $techmap\tap0.$0\ir_shift[3:0] [3] -> \tap0.ir_shift [3].
  converting $_DFF_P_ cell $auto$simplemap.cc:420:simplemap_dff$1843 to $_DFFE_PP_ for $techmap\tap0.$0\ir[3:0] [0] -> \tap0.ir [0].
  converting $_DFF_P_ cell $auto$simplemap.cc:420:simplemap_dff$1844 to $_DFFE_PP_ for $techmap\tap0.$0\ir[3:0] [1] -> \tap0.ir [1].
  converting $_DFF_P_ cell $auto$simplemap.cc:420:simplemap_dff$1845 to $_DFFE_PP_ for $techmap\tap0.$0\ir[3:0] [2] -> \tap0.ir [2].
  converting $_DFF_P_ cell $auto$simplemap.cc:420:simplemap_dff$1846 to $_DFFE_PP_ for $techmap\tap0.$0\ir[3:0] [3] -> \tap0.ir [3].
  converting $_DFF_P_ cell $auto$simplemap.cc:420:simplemap_dff$1847 to $_DFFE_PP_ for $techmap\tap0.$0\bypass_bit[0:0] -> \tap0.bypass_bit.
  converting $_DFF_P_ cell $auto$simplemap.cc:420:simplemap_dff$1848 to $_DFFE_PP_ for $techmap\tap0.$0\dr_shift[31:0] [0] -> \tap0.dr_shift [0].
  converting $_DFF_P_ cell $auto$simplemap.cc:420:simplemap_dff$1849 to $_DFFE_PP_ for $techmap\tap0.$0\dr_shift[31:0] [1] -> \tap0.dr_shift [1].
  converting $_DFF_P_ cell $auto$simplemap.cc:420:simplemap_dff$1850 to $_DFFE_PP_ for $techmap\tap0.$0\dr_shift[31:0] [2] -> \tap0.dr_shift [2].
  converting $_DFF_P_ cell $auto$simplemap.cc:420:simplemap_dff$1851 to $_DFFE_PP_ for $techmap\tap0.$0\dr_shift[31:0] [3] -> \tap0.dr_shift [3].
  converting $_DFF_P_ cell $auto$simplemap.cc:420:simplemap_dff$1852 to $_DFFE_PP_ for $techmap\tap0.$0\dr_shift[31:0] [4] -> \tap0.dr_shift [4].
  converting $_DFF_P_ cell $auto$simplemap.cc:420:simplemap_dff$1853 to $_DFFE_PP_ for $techmap\tap0.$0\dr_shift[31:0] [5] -> \tap0.dr_shift [5].
  converting $_DFF_P_ cell $auto$simplemap.cc:420:simplemap_dff$1854 to $_DFFE_PP_ for $techmap\tap0.$0\dr_shift[31:0] [6] -> \tap0.dr_shift [6].
  converting $_DFF_P_ cell $auto$simplemap.cc:420:simplemap_dff$1855 to $_DFFE_PP_ for $techmap\tap0.$0\dr_shift[31:0] [7] -> \tap0.dr_shift [7].
  converting $_DFF_P_ cell $auto$simplemap.cc:420:simplemap_dff$1856 to $_DFFE_PP_ for $techmap\tap0.$0\dr_shift[31:0] [8] -> \tap0.dr_shift [8].
  converting $_DFF_P_ cell $auto$simplemap.cc:420:simplemap_dff$1857 to $_DFFE_PP_ for $techmap\tap0.$0\dr_shift[31:0] [9] -> \tap0.dr_shift [9].
  converting $_DFF_P_ cell $auto$simplemap.cc:420:simplemap_dff$1858 to $_DFFE_PP_ for $techmap\tap0.$0\dr_shift[31:0] [10] -> \tap0.dr_shift [10].
  converting $_DFF_P_ cell $auto$simplemap.cc:420:simplemap_dff$1859 to $_DFFE_PP_ for $techmap\tap0.$0\dr_shift[31:0] [11] -> \tap0.dr_shift [11].
  converting $_DFF_P_ cell $auto$simplemap.cc:420:simplemap_dff$1860 to $_DFFE_PP_ for $techmap\tap0.$0\dr_shift[31:0] [12] -> \tap0.dr_shift [12].
  converting $_DFF_P_ cell $auto$simplemap.cc:420:simplemap_dff$1861 to $_DFFE_PP_ for $techmap\tap0.$0\dr_shift[31:0] [13] -> \tap0.dr_shift [13].
  converting $_DFF_P_ cell $auto$simplemap.cc:420:simplemap_dff$1862 to $_DFFE_PP_ for $techmap\tap0.$0\dr_shift[31:0] [14] -> \tap0.dr_shift [14].
  converting $_DFF_P_ cell $auto$simplemap.cc:420:simplemap_dff$1863 to $_DFFE_PP_ for $techmap\tap0.$0\dr_shift[31:0] [15] -> \tap0.dr_shift [15].
  converting $_DFF_P_ cell $auto$simplemap.cc:420:simplemap_dff$1864 to $_DFFE_PP_ for $techmap\tap0.$0\dr_shift[31:0] [16] -> \tap0.dr_shift [16].
  converting $_DFF_P_ cell $auto$simplemap.cc:420:simplemap_dff$1865 to $_DFFE_PP_ for $techmap\tap0.$0\dr_shift[31:0] [17] -> \tap0.dr_shift [17].
  converting $_DFF_P_ cell $auto$simplemap.cc:420:simplemap_dff$1866 to $_DFFE_PP_ for $techmap\tap0.$0\dr_shift[31:0] [18] -> \tap0.dr_shift [18].
  converting $_DFF_P_ cell $auto$simplemap.cc:420:simplemap_dff$1867 to $_DFFE_PP_ for $techmap\tap0.$0\dr_shift[31:0] [19] -> \tap0.dr_shift [19].
  converting $_DFF_P_ cell $auto$simplemap.cc:420:simplemap_dff$1868 to $_DFFE_PP_ for $techmap\tap0.$0\dr_shift[31:0] [20] -> \tap0.dr_shift [20].
  converting $_DFF_P_ cell $auto$simplemap.cc:420:simplemap_dff$1869 to $_DFFE_PP_ for $techmap\tap0.$0\dr_shift[31:0] [21] -> \tap0.dr_shift [21].
  converting $_DFF_P_ cell $auto$simplemap.cc:420:simplemap_dff$1870 to $_DFFE_PP_ for $techmap\tap0.$0\dr_shift[31:0] [22] -> \tap0.dr_shift [22].
  converting $_DFF_P_ cell $auto$simplemap.cc:420:simplemap_dff$1871 to $_DFFE_PP_ for $techmap\tap0.$0\dr_shift[31:0] [23] -> \tap0.dr_shift [23].
  converting $_DFF_P_ cell $auto$simplemap.cc:420:simplemap_dff$1872 to $_DFFE_PP_ for $techmap\tap0.$0\dr_shift[31:0] [24] -> \tap0.dr_shift [24].
  converting $_DFF_P_ cell $auto$simplemap.cc:420:simplemap_dff$1873 to $_DFFE_PP_ for $techmap\tap0.$0\dr_shift[31:0] [25] -> \tap0.dr_shift [25].
  converting $_DFF_P_ cell $auto$simplemap.cc:420:simplemap_dff$1874 to $_DFFE_PP_ for $techmap\tap0.$0\dr_shift[31:0] [26] -> \tap0.dr_shift [26].
  converting $_DFF_P_ cell $auto$simplemap.cc:420:simplemap_dff$1875 to $_DFFE_PP_ for $techmap\tap0.$0\dr_shift[31:0] [27] -> \tap0.dr_shift [27].
  converting $_DFF_P_ cell $auto$simplemap.cc:420:simplemap_dff$1876 to $_DFFE_PP_ for $techmap\tap0.$0\dr_shift[31:0] [28] -> \tap0.dr_shift [28].
  converting $_DFF_P_ cell $auto$simplemap.cc:420:simplemap_dff$1877 to $_DFFE_PP_ for $techmap\tap0.$0\dr_shift[31:0] [29] -> \tap0.dr_shift [29].
  converting $_DFF_P_ cell $auto$simplemap.cc:420:simplemap_dff$1878 to $_DFFE_PP_ for $techmap\tap0.$0\dr_shift[31:0] [30] -> \tap0.dr_shift [30].
  converting $_DFF_P_ cell $auto$simplemap.cc:420:simplemap_dff$1879 to $_DFFE_PP_ for $techmap\tap0.$0\dr_shift[31:0] [31] -> \tap0.dr_shift [31].
  converting $_DFF_P_ cell $auto$simplemap.cc:420:simplemap_dff$1880 to $_DFFE_PP_ for $techmap\tap0.$0\tdo_reg[0:0] -> \tap0.tdo_reg.
  converting $_DFF_P_ cell $auto$simplemap.cc:420:simplemap_dff$2321 to $_DFFE_PP_ for $auto$rtlil.cc:1906:Mux$1075 -> $auto$memory_bram.cc:960:replace_cell$1073.
  converting $_DFF_P_ cell $auto$simplemap.cc:420:simplemap_dff$2366 to $_DFFE_PP_ for $techmap\CPU.$0\PC[31:0] [0] -> \CPU.PC [0].
  converting $_DFF_P_ cell $auto$simplemap.cc:420:simplemap_dff$2367 to $_DFFE_PP_ for $techmap\CPU.$0\PC[31:0] [1] -> \CPU.PC [1].
  converting $_DFF_P_ cell $auto$simplemap.cc:420:simplemap_dff$2368 to $_DFFE_PP_ for $techmap\CPU.$0\PC[31:0] [2] -> \CPU.PC [2].
  converting $_DFF_P_ cell $auto$simplemap.cc:420:simplemap_dff$2369 to $_DFFE_PP_ for $techmap\CPU.$0\PC[31:0] [3] -> \CPU.PC [3].
  converting $_DFF_P_ cell $auto$simplemap.cc:420:simplemap_dff$2370 to $_DFFE_PP_ for $techmap\CPU.$0\PC[31:0] [4] -> \CPU.PC [4].
  converting $_DFF_P_ cell $auto$simplemap.cc:420:simplemap_dff$2371 to $_DFFE_PP_ for $techmap\CPU.$0\PC[31:0] [5] -> \CPU.PC [5].
  converting $_DFF_P_ cell $auto$simplemap.cc:420:simplemap_dff$2372 to $_DFFE_PP_ for $techmap\CPU.$0\PC[31:0] [6] -> \CPU.PC [6].
  converting $_DFF_P_ cell $auto$simplemap.cc:420:simplemap_dff$2373 to $_DFFE_PP_ for $techmap\CPU.$0\PC[31:0] [7] -> \CPU.PC [7].
  converting $_DFF_P_ cell $auto$simplemap.cc:420:simplemap_dff$2374 to $_DFFE_PP_ for $techmap\CPU.$0\PC[31:0] [8] -> \CPU.PC [8].
  converting $_DFF_P_ cell $auto$simplemap.cc:420:simplemap_dff$2375 to $_DFFE_PP_ for $techmap\CPU.$0\PC[31:0] [9] -> \CPU.PC [9].
  converting $_DFF_P_ cell $auto$simplemap.cc:420:simplemap_dff$2376 to $_DFFE_PP_ for $techmap\CPU.$0\PC[31:0] [10] -> \CPU.PC [10].
  converting $_DFF_P_ cell $auto$simplemap.cc:420:simplemap_dff$2377 to $_DFFE_PP_ for $techmap\CPU.$0\PC[31:0] [11] -> \CPU.PC [11].
  converting $_DFF_P_ cell $auto$simplemap.cc:420:simplemap_dff$2378 to $_DFFE_PP_ for $techmap\CPU.$0\PC[31:0] [12] -> \CPU.PC [12].
  converting $_DFF_P_ cell $auto$simplemap.cc:420:simplemap_dff$2379 to $_DFFE_PP_ for $techmap\CPU.$0\PC[31:0] [13] -> \CPU.PC [13].
  converting $_DFF_P_ cell $auto$simplemap.cc:420:simplemap_dff$2380 to $_DFFE_PP_ for $techmap\CPU.$0\PC[31:0] [14] -> \CPU.PC [14].
  converting $_DFF_P_ cell $auto$simplemap.cc:420:simplemap_dff$2381 to $_DFFE_PP_ for $techmap\CPU.$0\PC[31:0] [15] -> \CPU.PC [15].
  converting $_DFF_P_ cell $auto$simplemap.cc:420:simplemap_dff$2382 to $_DFFE_PP_ for $techmap\CPU.$0\PC[31:0] [16] -> \CPU.PC [16].
  converting $_DFF_P_ cell $auto$simplemap.cc:420:simplemap_dff$2383 to $_DFFE_PP_ for $techmap\CPU.$0\PC[31:0] [17] -> \CPU.PC [17].
  converting $_DFF_P_ cell $auto$simplemap.cc:420:simplemap_dff$2384 to $_DFFE_PP_ for $techmap\CPU.$0\PC[31:0] [18] -> \CPU.PC [18].
  converting $_DFF_P_ cell $auto$simplemap.cc:420:simplemap_dff$2385 to $_DFFE_PP_ for $techmap\CPU.$0\PC[31:0] [19] -> \CPU.PC [19].
  converting $_DFF_P_ cell $auto$simplemap.cc:420:simplemap_dff$2386 to $_DFFE_PP_ for $techmap\CPU.$0\PC[31:0] [20] -> \CPU.PC [20].
  converting $_DFF_P_ cell $auto$simplemap.cc:420:simplemap_dff$2387 to $_DFFE_PP_ for $techmap\CPU.$0\PC[31:0] [21] -> \CPU.PC [21].
  converting $_DFF_P_ cell $auto$simplemap.cc:420:simplemap_dff$2388 to $_DFFE_PP_ for $techmap\CPU.$0\PC[31:0] [22] -> \CPU.PC [22].
  converting $_DFF_P_ cell $auto$simplemap.cc:420:simplemap_dff$2389 to $_DFFE_PP_ for $techmap\CPU.$0\PC[31:0] [23] -> \CPU.PC [23].
  converting $_DFF_P_ cell $auto$simplemap.cc:420:simplemap_dff$2390 to $_DFFE_PP_ for $techmap\CPU.$0\PC[31:0] [24] -> \CPU.PC [24].
  converting $_DFF_P_ cell $auto$simplemap.cc:420:simplemap_dff$2391 to $_DFFE_PP_ for $techmap\CPU.$0\PC[31:0] [25] -> \CPU.PC [25].
  converting $_DFF_P_ cell $auto$simplemap.cc:420:simplemap_dff$2392 to $_DFFE_PP_ for $techmap\CPU.$0\PC[31:0] [26] -> \CPU.PC [26].
  converting $_DFF_P_ cell $auto$simplemap.cc:420:simplemap_dff$2393 to $_DFFE_PP_ for $techmap\CPU.$0\PC[31:0] [27] -> \CPU.PC [27].
  converting $_DFF_P_ cell $auto$simplemap.cc:420:simplemap_dff$2394 to $_DFFE_PP_ for $techmap\CPU.$0\PC[31:0] [28] -> \CPU.PC [28].
  converting $_DFF_P_ cell $auto$simplemap.cc:420:simplemap_dff$2395 to $_DFFE_PP_ for $techmap\CPU.$0\PC[31:0] [29] -> \CPU.PC [29].
  converting $_DFF_P_ cell $auto$simplemap.cc:420:simplemap_dff$2396 to $_DFFE_PP_ for $techmap\CPU.$0\PC[31:0] [30] -> \CPU.PC [30].
  converting $_DFF_P_ cell $auto$simplemap.cc:420:simplemap_dff$2397 to $_DFFE_PP_ for $techmap\CPU.$0\PC[31:0] [31] -> \CPU.PC [31].
  converting $_DFF_P_ cell $auto$simplemap.cc:420:simplemap_dff$2398 to $_DFFE_PP_ for $techmap\CPU.$0\instr[31:0] [0] -> \CPU.instr [0].
  converting $_DFF_P_ cell $auto$simplemap.cc:420:simplemap_dff$2399 to $_DFFE_PP_ for $techmap\CPU.$0\instr[31:0] [1] -> \CPU.instr [1].
  converting $_DFF_P_ cell $auto$simplemap.cc:420:simplemap_dff$2400 to $_DFFE_PP_ for $techmap\CPU.$0\instr[31:0] [2] -> \CPU.instr [2].
  converting $_DFF_P_ cell $auto$simplemap.cc:420:simplemap_dff$2401 to $_DFFE_PP_ for $techmap\CPU.$0\instr[31:0] [3] -> \CPU.instr [3].
  converting $_DFF_P_ cell $auto$simplemap.cc:420:simplemap_dff$2402 to $_DFFE_PP_ for $techmap\CPU.$0\instr[31:0] [4] -> \CPU.instr [4].
  converting $_DFF_P_ cell $auto$simplemap.cc:420:simplemap_dff$2403 to $_DFFE_PP_ for $techmap\CPU.$0\instr[31:0] [5] -> \CPU.instr [5].
  converting $_DFF_P_ cell $auto$simplemap.cc:420:simplemap_dff$2404 to $_DFFE_PP_ for $techmap\CPU.$0\instr[31:0] [6] -> \CPU.instr [6].
  converting $_DFF_P_ cell $auto$simplemap.cc:420:simplemap_dff$2405 to $_DFFE_PP_ for $techmap\CPU.$0\instr[31:0] [7] -> \CPU.instr [7].
  converting $_DFF_P_ cell $auto$simplemap.cc:420:simplemap_dff$2406 to $_DFFE_PP_ for $techmap\CPU.$0\instr[31:0] [8] -> \CPU.instr [8].
  converting $_DFF_P_ cell $auto$simplemap.cc:420:simplemap_dff$2407 to $_DFFE_PP_ for $techmap\CPU.$0\instr[31:0] [9] -> \CPU.instr [9].
  converting $_DFF_P_ cell $auto$simplemap.cc:420:simplemap_dff$2408 to $_DFFE_PP_ for $techmap\CPU.$0\instr[31:0] [10] -> \CPU.instr [10].
  converting $_DFF_P_ cell $auto$simplemap.cc:420:simplemap_dff$2409 to $_DFFE_PP_ for $techmap\CPU.$0\instr[31:0] [11] -> \CPU.instr [11].
  converting $_DFF_P_ cell $auto$simplemap.cc:420:simplemap_dff$2410 to $_DFFE_PP_ for $techmap\CPU.$0\instr[31:0] [12] -> \CPU.instr [12].
  converting $_DFF_P_ cell $auto$simplemap.cc:420:simplemap_dff$2411 to $_DFFE_PP_ for $techmap\CPU.$0\instr[31:0] [13] -> \CPU.instr [13].
  converting $_DFF_P_ cell $auto$simplemap.cc:420:simplemap_dff$2412 to $_DFFE_PP_ for $techmap\CPU.$0\instr[31:0] [14] -> \CPU.instr [14].
  converting $_DFF_P_ cell $auto$simplemap.cc:420:simplemap_dff$2413 to $_DFFE_PP_ for $techmap\CPU.$0\instr[31:0] [15] -> \CPU.instr [15].
  converting $_DFF_P_ cell $auto$simplemap.cc:420:simplemap_dff$2414 to $_DFFE_PP_ for $techmap\CPU.$0\instr[31:0] [16] -> \CPU.instr [16].
  converting $_DFF_P_ cell $auto$simplemap.cc:420:simplemap_dff$2415 to $_DFFE_PP_ for $techmap\CPU.$0\instr[31:0] [17] -> \CPU.instr [17].
  converting $_DFF_P_ cell $auto$simplemap.cc:420:simplemap_dff$2416 to $_DFFE_PP_ for $techmap\CPU.$0\instr[31:0] [18] -> \CPU.instr [18].
  converting $_DFF_P_ cell $auto$simplemap.cc:420:simplemap_dff$2417 to $_DFFE_PP_ for $techmap\CPU.$0\instr[31:0] [19] -> \CPU.instr [19].
  converting $_DFF_P_ cell $auto$simplemap.cc:420:simplemap_dff$2418 to $_DFFE_PP_ for $techmap\CPU.$0\instr[31:0] [20] -> \CPU.instr [20].
  converting $_DFF_P_ cell $auto$simplemap.cc:420:simplemap_dff$2419 to $_DFFE_PP_ for $techmap\CPU.$0\instr[31:0] [21] -> \CPU.instr [21].
  converting $_DFF_P_ cell $auto$simplemap.cc:420:simplemap_dff$2420 to $_DFFE_PP_ for $techmap\CPU.$0\instr[31:0] [22] -> \CPU.instr [22].
  converting $_DFF_P_ cell $auto$simplemap.cc:420:simplemap_dff$2421 to $_DFFE_PP_ for $techmap\CPU.$0\instr[31:0] [23] -> \CPU.instr [23].
  converting $_DFF_P_ cell $auto$simplemap.cc:420:simplemap_dff$2422 to $_DFFE_PP_ for $techmap\CPU.$0\instr[31:0] [24] -> \CPU.instr [24].
  converting $_DFF_P_ cell $auto$simplemap.cc:420:simplemap_dff$2423 to $_DFFE_PP_ for $techmap\CPU.$0\instr[31:0] [25] -> \CPU.instr [25].
  converting $_DFF_P_ cell $auto$simplemap.cc:420:simplemap_dff$2424 to $_DFFE_PP_ for $techmap\CPU.$0\instr[31:0] [26] -> \CPU.instr [26].
  converting $_DFF_P_ cell $auto$simplemap.cc:420:simplemap_dff$2425 to $_DFFE_PP_ for $techmap\CPU.$0\instr[31:0] [27] -> \CPU.instr [27].
  converting $_DFF_P_ cell $auto$simplemap.cc:420:simplemap_dff$2426 to $_DFFE_PP_ for $techmap\CPU.$0\instr[31:0] [28] -> \CPU.instr [28].
  converting $_DFF_P_ cell $auto$simplemap.cc:420:simplemap_dff$2427 to $_DFFE_PP_ for $techmap\CPU.$0\instr[31:0] [29] -> \CPU.instr [29].
  converting $_DFF_P_ cell $auto$simplemap.cc:420:simplemap_dff$2428 to $_DFFE_PP_ for $techmap\CPU.$0\instr[31:0] [30] -> \CPU.instr [30].
  converting $_DFF_P_ cell $auto$simplemap.cc:420:simplemap_dff$2429 to $_DFFE_PP_ for $techmap\CPU.$0\instr[31:0] [31] -> \CPU.instr [31].
  converting $_DFF_P_ cell $auto$simplemap.cc:420:simplemap_dff$2430 to $_DFFE_PP_ for $techmap\CPU.$0\state[2:0] [0] -> \CPU.state [0].
  converting $_DFF_P_ cell $auto$simplemap.cc:420:simplemap_dff$2431 to $_DFFE_PP_ for $techmap\CPU.$0\state[2:0] [1] -> \CPU.state [1].
  converting $_DFF_P_ cell $auto$simplemap.cc:420:simplemap_dff$2432 to $_DFFE_PP_ for $techmap\CPU.$0\state[2:0] [2] -> \CPU.state [2].
  converting $_DFF_P_ cell $auto$simplemap.cc:420:simplemap_dff$3478 to $_DFFE_PP_ for $auto$rtlil.cc:1906:Mux$1179 -> $auto$memory_bram.cc:960:replace_cell$1177.
  converting $_DFF_P_ cell $auto$simplemap.cc:420:simplemap_dff$3483 to $_DFFE_PP_ for $auto$rtlil.cc:1906:Mux$1062 -> $auto$memory_bram.cc:960:replace_cell$1060.
  converting $_DFF_P_ cell $auto$simplemap.cc:420:simplemap_dff$3579 to $_DFFE_PP_ for $auto$rtlil.cc:1906:Mux$1140 -> $auto$memory_bram.cc:960:replace_cell$1138.
  converting $_DFF_P_ cell $auto$simplemap.cc:420:simplemap_dff$4445 to $_DFFE_PP_ for $auto$rtlil.cc:1906:Mux$1192 -> $auto$memory_bram.cc:960:replace_cell$1190.
  converting $_DFF_P_ cell $auto$simplemap.cc:420:simplemap_dff$4478 to $_DFFE_PP_ for $auto$rtlil.cc:1906:Mux$1101 -> $auto$memory_bram.cc:960:replace_cell$1099.
  converting $_DFF_P_ cell $auto$simplemap.cc:420:simplemap_dff$4898 to $_DFFE_PP_ for $techmap\TIMER.$0\load_reg[31:0] [0] -> \TIMER.load_reg [0].
  converting $_DFF_P_ cell $auto$simplemap.cc:420:simplemap_dff$4899 to $_DFFE_PP_ for $techmap\TIMER.$0\load_reg[31:0] [1] -> \TIMER.load_reg [1].
  converting $_DFF_P_ cell $auto$simplemap.cc:420:simplemap_dff$4900 to $_DFFE_PP_ for $techmap\TIMER.$0\load_reg[31:0] [2] -> \TIMER.load_reg [2].
  converting $_DFF_P_ cell $auto$simplemap.cc:420:simplemap_dff$4901 to $_DFFE_PP_ for $techmap\TIMER.$0\load_reg[31:0] [3] -> \TIMER.load_reg [3].
  converting $_DFF_P_ cell $auto$simplemap.cc:420:simplemap_dff$4902 to $_DFFE_PP_ for $techmap\TIMER.$0\load_reg[31:0] [4] -> \TIMER.load_reg [4].
  converting $_DFF_P_ cell $auto$simplemap.cc:420:simplemap_dff$4903 to $_DFFE_PP_ for $techmap\TIMER.$0\load_reg[31:0] [5] -> \TIMER.load_reg [5].
  converting $_DFF_P_ cell $auto$simplemap.cc:420:simplemap_dff$4904 to $_DFFE_PP_ for $techmap\TIMER.$0\load_reg[31:0] [6] -> \TIMER.load_reg [6].
  converting $_DFF_P_ cell $auto$simplemap.cc:420:simplemap_dff$4905 to $_DFFE_PP_ for $techmap\TIMER.$0\load_reg[31:0] [7] -> \TIMER.load_reg [7].
  converting $_DFF_P_ cell $auto$simplemap.cc:420:simplemap_dff$4906 to $_DFFE_PP_ for $techmap\TIMER.$0\load_reg[31:0] [8] -> \TIMER.load_reg [8].
  converting $_DFF_P_ cell $auto$simplemap.cc:420:simplemap_dff$4907 to $_DFFE_PP_ for $techmap\TIMER.$0\load_reg[31:0] [9] -> \TIMER.load_reg [9].
  converting $_DFF_P_ cell $auto$simplemap.cc:420:simplemap_dff$4908 to $_DFFE_PP_ for $techmap\TIMER.$0\load_reg[31:0] [10] -> \TIMER.load_reg [10].
  converting $_DFF_P_ cell $auto$simplemap.cc:420:simplemap_dff$4909 to $_DFFE_PP_ for $techmap\TIMER.$0\load_reg[31:0] [11] -> \TIMER.load_reg [11].
  converting $_DFF_P_ cell $auto$simplemap.cc:420:simplemap_dff$4910 to $_DFFE_PP_ for $techmap\TIMER.$0\load_reg[31:0] [12] -> \TIMER.load_reg [12].
  converting $_DFF_P_ cell $auto$simplemap.cc:420:simplemap_dff$4911 to $_DFFE_PP_ for $techmap\TIMER.$0\load_reg[31:0] [13] -> \TIMER.load_reg [13].
  converting $_DFF_P_ cell $auto$simplemap.cc:420:simplemap_dff$4912 to $_DFFE_PP_ for $techmap\TIMER.$0\load_reg[31:0] [14] -> \TIMER.load_reg [14].
  converting $_DFF_P_ cell $auto$simplemap.cc:420:simplemap_dff$4913 to $_DFFE_PP_ for $techmap\TIMER.$0\load_reg[31:0] [15] -> \TIMER.load_reg [15].
  converting $_DFF_P_ cell $auto$simplemap.cc:420:simplemap_dff$4914 to $_DFFE_PP_ for $techmap\TIMER.$0\load_reg[31:0] [16] -> \TIMER.load_reg [16].
  converting $_DFF_P_ cell $auto$simplemap.cc:420:simplemap_dff$4915 to $_DFFE_PP_ for $techmap\TIMER.$0\load_reg[31:0] [17] -> \TIMER.load_reg [17].
  converting $_DFF_P_ cell $auto$simplemap.cc:420:simplemap_dff$4916 to $_DFFE_PP_ for $techmap\TIMER.$0\load_reg[31:0] [18] -> \TIMER.load_reg [18].
  converting $_DFF_P_ cell $auto$simplemap.cc:420:simplemap_dff$4917 to $_DFFE_PP_ for $techmap\TIMER.$0\load_reg[31:0] [19] -> \TIMER.load_reg [19].
  converting $_DFF_P_ cell $auto$simplemap.cc:420:simplemap_dff$4918 to $_DFFE_PP_ for $techmap\TIMER.$0\load_reg[31:0] [20] -> \TIMER.load_reg [20].
  converting $_DFF_P_ cell $auto$simplemap.cc:420:simplemap_dff$4919 to $_DFFE_PP_ for $techmap\TIMER.$0\load_reg[31:0] [21] -> \TIMER.load_reg [21].
  converting $_DFF_P_ cell $auto$simplemap.cc:420:simplemap_dff$4920 to $_DFFE_PP_ for $techmap\TIMER.$0\load_reg[31:0] [22] -> \TIMER.load_reg [22].
  converting $_DFF_P_ cell $auto$simplemap.cc:420:simplemap_dff$4921 to $_DFFE_PP_ for $techmap\TIMER.$0\load_reg[31:0] [23] -> \TIMER.load_reg [23].
  converting $_DFF_P_ cell $auto$simplemap.cc:420:simplemap_dff$4922 to $_DFFE_PP_ for $techmap\TIMER.$0\load_reg[31:0] [24] -> \TIMER.load_reg [24].
  converting $_DFF_P_ cell $auto$simplemap.cc:420:simplemap_dff$4923 to $_DFFE_PP_ for $techmap\TIMER.$0\load_reg[31:0] [25] -> \TIMER.load_reg [25].
  converting $_DFF_P_ cell $auto$simplemap.cc:420:simplemap_dff$4924 to $_DFFE_PP_ for $techmap\TIMER.$0\load_reg[31:0] [26] -> \TIMER.load_reg [26].
  converting $_DFF_P_ cell $auto$simplemap.cc:420:simplemap_dff$4925 to $_DFFE_PP_ for $techmap\TIMER.$0\load_reg[31:0] [27] -> \TIMER.load_reg [27].
  converting $_DFF_P_ cell $auto$simplemap.cc:420:simplemap_dff$4926 to $_DFFE_PP_ for $techmap\TIMER.$0\load_reg[31:0] [28] -> \TIMER.load_reg [28].
  converting $_DFF_P_ cell $auto$simplemap.cc:420:simplemap_dff$4927 to $_DFFE_PP_ for $techmap\TIMER.$0\load_reg[31:0] [29] -> \TIMER.load_reg [29].
  converting $_DFF_P_ cell $auto$simplemap.cc:420:simplemap_dff$4928 to $_DFFE_PP_ for $techmap\TIMER.$0\load_reg[31:0] [30] -> \TIMER.load_reg [30].
  converting $_DFF_P_ cell $auto$simplemap.cc:420:simplemap_dff$4929 to $_DFFE_PP_ for $techmap\TIMER.$0\load_reg[31:0] [31] -> \TIMER.load_reg [31].
  converting $_DFF_P_ cell $auto$simplemap.cc:420:simplemap_dff$4930 to $_DFFE_PP_ for $techmap\TIMER.$0\presc_cnt[15:0] [0] -> \TIMER.presc_cnt [0].
  converting $_DFF_P_ cell $auto$simplemap.cc:420:simplemap_dff$4931 to $_DFFE_PP_ for $techmap\TIMER.$0\presc_cnt[15:0] [1] -> \TIMER.presc_cnt [1].
  converting $_DFF_P_ cell $auto$simplemap.cc:420:simplemap_dff$4932 to $_DFFE_PP_ for $techmap\TIMER.$0\presc_cnt[15:0] [2] -> \TIMER.presc_cnt [2].
  converting $_DFF_P_ cell $auto$simplemap.cc:420:simplemap_dff$4933 to $_DFFE_PP_ for $techmap\TIMER.$0\presc_cnt[15:0] [3] -> \TIMER.presc_cnt [3].
  converting $_DFF_P_ cell $auto$simplemap.cc:420:simplemap_dff$4934 to $_DFFE_PP_ for $techmap\TIMER.$0\presc_cnt[15:0] [4] -> \TIMER.presc_cnt [4].
  converting $_DFF_P_ cell $auto$simplemap.cc:420:simplemap_dff$4935 to $_DFFE_PP_ for $techmap\TIMER.$0\presc_cnt[15:0] [5] -> \TIMER.presc_cnt [5].
  converting $_DFF_P_ cell $auto$simplemap.cc:420:simplemap_dff$4936 to $_DFFE_PP_ for $techmap\TIMER.$0\presc_cnt[15:0] [6] -> \TIMER.presc_cnt [6].
  converting $_DFF_P_ cell $auto$simplemap.cc:420:simplemap_dff$4937 to $_DFFE_PP_ for $techmap\TIMER.$0\presc_cnt[15:0] [7] -> \TIMER.presc_cnt [7].
  converting $_DFF_P_ cell $auto$simplemap.cc:420:simplemap_dff$4938 to $_DFFE_PP_ for $techmap\TIMER.$0\presc_cnt[15:0] [8] -> \TIMER.presc_cnt [8].
  converting $_DFF_P_ cell $auto$simplemap.cc:420:simplemap_dff$4939 to $_DFFE_PP_ for $techmap\TIMER.$0\presc_cnt[15:0] [9] -> \TIMER.presc_cnt [9].
  converting $_DFF_P_ cell $auto$simplemap.cc:420:simplemap_dff$4940 to $_DFFE_PP_ for $techmap\TIMER.$0\presc_cnt[15:0] [10] -> \TIMER.presc_cnt [10].
  converting $_DFF_P_ cell $auto$simplemap.cc:420:simplemap_dff$4941 to $_DFFE_PP_ for $techmap\TIMER.$0\presc_cnt[15:0] [11] -> \TIMER.presc_cnt [11].
  converting $_DFF_P_ cell $auto$simplemap.cc:420:simplemap_dff$4942 to $_DFFE_PP_ for $techmap\TIMER.$0\presc_cnt[15:0] [12] -> \TIMER.presc_cnt [12].
  converting $_DFF_P_ cell $auto$simplemap.cc:420:simplemap_dff$4943 to $_DFFE_PP_ for $techmap\TIMER.$0\presc_cnt[15:0] [13] -> \TIMER.presc_cnt [13].
  converting $_DFF_P_ cell $auto$simplemap.cc:420:simplemap_dff$4944 to $_DFFE_PP_ for $techmap\TIMER.$0\presc_cnt[15:0] [14] -> \TIMER.presc_cnt [14].
  converting $_DFF_P_ cell $auto$simplemap.cc:420:simplemap_dff$4945 to $_DFFE_PP_ for $techmap\TIMER.$0\presc_cnt[15:0] [15] -> \TIMER.presc_cnt [15].
  converting $_DFF_P_ cell $auto$simplemap.cc:420:simplemap_dff$4947 to $_DFFE_PP_ for $techmap\TIMER.$0\value_reg[31:0] [0] -> \TIMER.value_reg [0].
  converting $_DFF_P_ cell $auto$simplemap.cc:420:simplemap_dff$4948 to $_DFFE_PP_ for $techmap\TIMER.$0\value_reg[31:0] [1] -> \TIMER.value_reg [1].
  converting $_DFF_P_ cell $auto$simplemap.cc:420:simplemap_dff$4949 to $_DFFE_PP_ for $techmap\TIMER.$0\value_reg[31:0] [2] -> \TIMER.value_reg [2].
  converting $_DFF_P_ cell $auto$simplemap.cc:420:simplemap_dff$4950 to $_DFFE_PP_ for $techmap\TIMER.$0\value_reg[31:0] [3] -> \TIMER.value_reg [3].
  converting $_DFF_P_ cell $auto$simplemap.cc:420:simplemap_dff$4951 to $_DFFE_PP_ for $techmap\TIMER.$0\value_reg[31:0] [4] -> \TIMER.value_reg [4].
  converting $_DFF_P_ cell $auto$simplemap.cc:420:simplemap_dff$4952 to $_DFFE_PP_ for $techmap\TIMER.$0\value_reg[31:0] [5] -> \TIMER.value_reg [5].
  converting $_DFF_P_ cell $auto$simplemap.cc:420:simplemap_dff$4953 to $_DFFE_PP_ for $techmap\TIMER.$0\value_reg[31:0] [6] -> \TIMER.value_reg [6].
  converting $_DFF_P_ cell $auto$simplemap.cc:420:simplemap_dff$4954 to $_DFFE_PP_ for $techmap\TIMER.$0\value_reg[31:0] [7] -> \TIMER.value_reg [7].
  converting $_DFF_P_ cell $auto$simplemap.cc:420:simplemap_dff$4955 to $_DFFE_PP_ for $techmap\TIMER.$0\value_reg[31:0] [8] -> \TIMER.value_reg [8].
  converting $_DFF_P_ cell $auto$simplemap.cc:420:simplemap_dff$4956 to $_DFFE_PP_ for $techmap\TIMER.$0\value_reg[31:0] [9] -> \TIMER.value_reg [9].
  converting $_DFF_P_ cell $auto$simplemap.cc:420:simplemap_dff$4957 to $_DFFE_PP_ for $techmap\TIMER.$0\value_reg[31:0] [10] -> \TIMER.value_reg [10].
  converting $_DFF_P_ cell $auto$simplemap.cc:420:simplemap_dff$4958 to $_DFFE_PP_ for $techmap\TIMER.$0\value_reg[31:0] [11] -> \TIMER.value_reg [11].
  converting $_DFF_P_ cell $auto$simplemap.cc:420:simplemap_dff$4959 to $_DFFE_PP_ for $techmap\TIMER.$0\value_reg[31:0] [12] -> \TIMER.value_reg [12].
  converting $_DFF_P_ cell $auto$simplemap.cc:420:simplemap_dff$4960 to $_DFFE_PP_ for $techmap\TIMER.$0\value_reg[31:0] [13] -> \TIMER.value_reg [13].
  converting $_DFF_P_ cell $auto$simplemap.cc:420:simplemap_dff$4961 to $_DFFE_PP_ for $techmap\TIMER.$0\value_reg[31:0] [14] -> \TIMER.value_reg [14].
  converting $_DFF_P_ cell $auto$simplemap.cc:420:simplemap_dff$4962 to $_DFFE_PP_ for $techmap\TIMER.$0\value_reg[31:0] [15] -> \TIMER.value_reg [15].
  converting $_DFF_P_ cell $auto$simplemap.cc:420:simplemap_dff$4963 to $_DFFE_PP_ for $techmap\TIMER.$0\value_reg[31:0] [16] -> \TIMER.value_reg [16].
  converting $_DFF_P_ cell $auto$simplemap.cc:420:simplemap_dff$4964 to $_DFFE_PP_ for $techmap\TIMER.$0\value_reg[31:0] [17] -> \TIMER.value_reg [17].
  converting $_DFF_P_ cell $auto$simplemap.cc:420:simplemap_dff$4965 to $_DFFE_PP_ for $techmap\TIMER.$0\value_reg[31:0] [18] -> \TIMER.value_reg [18].
  converting $_DFF_P_ cell $auto$simplemap.cc:420:simplemap_dff$4966 to $_DFFE_PP_ for $techmap\TIMER.$0\value_reg[31:0] [19] -> \TIMER.value_reg [19].
  converting $_DFF_P_ cell $auto$simplemap.cc:420:simplemap_dff$4967 to $_DFFE_PP_ for $techmap\TIMER.$0\value_reg[31:0] [20] -> \TIMER.value_reg [20].
  converting $_DFF_P_ cell $auto$simplemap.cc:420:simplemap_dff$4968 to $_DFFE_PP_ for $techmap\TIMER.$0\value_reg[31:0] [21] -> \TIMER.value_reg [21].
  converting $_DFF_P_ cell $auto$simplemap.cc:420:simplemap_dff$4969 to $_DFFE_PP_ for $techmap\TIMER.$0\value_reg[31:0] [22] -> \TIMER.value_reg [22].
  converting $_DFF_P_ cell $auto$simplemap.cc:420:simplemap_dff$4970 to $_DFFE_PP_ for $techmap\TIMER.$0\value_reg[31:0] [23] -> \TIMER.value_reg [23].
  converting $_DFF_P_ cell $auto$simplemap.cc:420:simplemap_dff$4971 to $_DFFE_PP_ for $techmap\TIMER.$0\value_reg[31:0] [24] -> \TIMER.value_reg [24].
  converting $_DFF_P_ cell $auto$simplemap.cc:420:simplemap_dff$4972 to $_DFFE_PP_ for $techmap\TIMER.$0\value_reg[31:0] [25] -> \TIMER.value_reg [25].
  converting $_DFF_P_ cell $auto$simplemap.cc:420:simplemap_dff$4973 to $_DFFE_PP_ for $techmap\TIMER.$0\value_reg[31:0] [26] -> \TIMER.value_reg [26].
  converting $_DFF_P_ cell $auto$simplemap.cc:420:simplemap_dff$4974 to $_DFFE_PP_ for $techmap\TIMER.$0\value_reg[31:0] [27] -> \TIMER.value_reg [27].
  converting $_DFF_P_ cell $auto$simplemap.cc:420:simplemap_dff$4975 to $_DFFE_PP_ for $techmap\TIMER.$0\value_reg[31:0] [28] -> \TIMER.value_reg [28].
  converting $_DFF_P_ cell $auto$simplemap.cc:420:simplemap_dff$4976 to $_DFFE_PP_ for $techmap\TIMER.$0\value_reg[31:0] [29] -> \TIMER.value_reg [29].
  converting $_DFF_P_ cell $auto$simplemap.cc:420:simplemap_dff$4977 to $_DFFE_PP_ for $techmap\TIMER.$0\value_reg[31:0] [30] -> \TIMER.value_reg [30].
  converting $_DFF_P_ cell $auto$simplemap.cc:420:simplemap_dff$4978 to $_DFFE_PP_ for $techmap\TIMER.$0\value_reg[31:0] [31] -> \TIMER.value_reg [31].
  converting $_DFF_P_ cell $auto$simplemap.cc:420:simplemap_dff$4980 to $_DFFE_PP_ for $techmap\TIMER.$0\ctrl_reg[31:0] [1] -> \TIMER.ctrl_reg [1].
  converting $_DFF_P_ cell $auto$simplemap.cc:420:simplemap_dff$4981 to $_DFFE_PP_ for $techmap\TIMER.$0\ctrl_reg[31:0] [2] -> \TIMER.ctrl_reg [2].
  converting $_DFF_P_ cell $auto$simplemap.cc:420:simplemap_dff$4982 to $_DFFE_PP_ for $techmap\TIMER.$0\ctrl_reg[31:0] [3] -> \TIMER.ctrl_reg [3].
  converting $_DFF_P_ cell $auto$simplemap.cc:420:simplemap_dff$4983 to $_DFFE_PP_ for $techmap\TIMER.$0\ctrl_reg[31:0] [4] -> \TIMER.ctrl_reg [4].
  converting $_DFF_P_ cell $auto$simplemap.cc:420:simplemap_dff$4984 to $_DFFE_PP_ for $techmap\TIMER.$0\ctrl_reg[31:0] [5] -> \TIMER.ctrl_reg [5].
  converting $_DFF_P_ cell $auto$simplemap.cc:420:simplemap_dff$4985 to $_DFFE_PP_ for $techmap\TIMER.$0\ctrl_reg[31:0] [6] -> \TIMER.ctrl_reg [6].
  converting $_DFF_P_ cell $auto$simplemap.cc:420:simplemap_dff$4986 to $_DFFE_PP_ for $techmap\TIMER.$0\ctrl_reg[31:0] [7] -> \TIMER.ctrl_reg [7].
  converting $_DFF_P_ cell $auto$simplemap.cc:420:simplemap_dff$4987 to $_DFFE_PP_ for $techmap\TIMER.$0\ctrl_reg[31:0] [8] -> \TIMER.ctrl_reg [8].
  converting $_DFF_P_ cell $auto$simplemap.cc:420:simplemap_dff$4988 to $_DFFE_PP_ for $techmap\TIMER.$0\ctrl_reg[31:0] [9] -> \TIMER.ctrl_reg [9].
  converting $_DFF_P_ cell $auto$simplemap.cc:420:simplemap_dff$4989 to $_DFFE_PP_ for $techmap\TIMER.$0\ctrl_reg[31:0] [10] -> \TIMER.ctrl_reg [10].
  converting $_DFF_P_ cell $auto$simplemap.cc:420:simplemap_dff$4990 to $_DFFE_PP_ for $techmap\TIMER.$0\ctrl_reg[31:0] [11] -> \TIMER.ctrl_reg [11].
  converting $_DFF_P_ cell $auto$simplemap.cc:420:simplemap_dff$4991 to $_DFFE_PP_ for $techmap\TIMER.$0\ctrl_reg[31:0] [12] -> \TIMER.ctrl_reg [12].
  converting $_DFF_P_ cell $auto$simplemap.cc:420:simplemap_dff$4992 to $_DFFE_PP_ for $techmap\TIMER.$0\ctrl_reg[31:0] [13] -> \TIMER.ctrl_reg [13].
  converting $_DFF_P_ cell $auto$simplemap.cc:420:simplemap_dff$4993 to $_DFFE_PP_ for $techmap\TIMER.$0\ctrl_reg[31:0] [14] -> \TIMER.ctrl_reg [14].
  converting $_DFF_P_ cell $auto$simplemap.cc:420:simplemap_dff$4994 to $_DFFE_PP_ for $techmap\TIMER.$0\ctrl_reg[31:0] [15] -> \TIMER.ctrl_reg [15].
  converting $_DFF_P_ cell $auto$simplemap.cc:420:simplemap_dff$4995 to $_DFFE_PP_ for $techmap\TIMER.$0\ctrl_reg[31:0] [16] -> \TIMER.ctrl_reg [16].
  converting $_DFF_P_ cell $auto$simplemap.cc:420:simplemap_dff$4996 to $_DFFE_PP_ for $techmap\TIMER.$0\ctrl_reg[31:0] [17] -> \TIMER.ctrl_reg [17].
  converting $_DFF_P_ cell $auto$simplemap.cc:420:simplemap_dff$4997 to $_DFFE_PP_ for $techmap\TIMER.$0\ctrl_reg[31:0] [18] -> \TIMER.ctrl_reg [18].
  converting $_DFF_P_ cell $auto$simplemap.cc:420:simplemap_dff$4998 to $_DFFE_PP_ for $techmap\TIMER.$0\ctrl_reg[31:0] [19] -> \TIMER.ctrl_reg [19].
  converting $_DFF_P_ cell $auto$simplemap.cc:420:simplemap_dff$4999 to $_DFFE_PP_ for $techmap\TIMER.$0\ctrl_reg[31:0] [20] -> \TIMER.ctrl_reg [20].
  converting $_DFF_P_ cell $auto$simplemap.cc:420:simplemap_dff$5000 to $_DFFE_PP_ for $techmap\TIMER.$0\ctrl_reg[31:0] [21] -> \TIMER.ctrl_reg [21].
  converting $_DFF_P_ cell $auto$simplemap.cc:420:simplemap_dff$5001 to $_DFFE_PP_ for $techmap\TIMER.$0\ctrl_reg[31:0] [22] -> \TIMER.ctrl_reg [22].
  converting $_DFF_P_ cell $auto$simplemap.cc:420:simplemap_dff$5002 to $_DFFE_PP_ for $techmap\TIMER.$0\ctrl_reg[31:0] [23] -> \TIMER.ctrl_reg [23].
  converting $_DFF_P_ cell $auto$simplemap.cc:420:simplemap_dff$5003 to $_DFFE_PP_ for $techmap\TIMER.$0\ctrl_reg[31:0] [24] -> \TIMER.ctrl_reg [24].
  converting $_DFF_P_ cell $auto$simplemap.cc:420:simplemap_dff$5004 to $_DFFE_PP_ for $techmap\TIMER.$0\ctrl_reg[31:0] [25] -> \TIMER.ctrl_reg [25].
  converting $_DFF_P_ cell $auto$simplemap.cc:420:simplemap_dff$5005 to $_DFFE_PP_ for $techmap\TIMER.$0\ctrl_reg[31:0] [26] -> \TIMER.ctrl_reg [26].
  converting $_DFF_P_ cell $auto$simplemap.cc:420:simplemap_dff$5006 to $_DFFE_PP_ for $techmap\TIMER.$0\ctrl_reg[31:0] [27] -> \TIMER.ctrl_reg [27].
  converting $_DFF_P_ cell $auto$simplemap.cc:420:simplemap_dff$5007 to $_DFFE_PP_ for $techmap\TIMER.$0\ctrl_reg[31:0] [28] -> \TIMER.ctrl_reg [28].
  converting $_DFF_P_ cell $auto$simplemap.cc:420:simplemap_dff$5008 to $_DFFE_PP_ for $techmap\TIMER.$0\ctrl_reg[31:0] [29] -> \TIMER.ctrl_reg [29].
  converting $_DFF_P_ cell $auto$simplemap.cc:420:simplemap_dff$5009 to $_DFFE_PP_ for $techmap\TIMER.$0\ctrl_reg[31:0] [30] -> \TIMER.ctrl_reg [30].
  converting $_DFF_P_ cell $auto$simplemap.cc:420:simplemap_dff$5010 to $_DFFE_PP_ for $techmap\TIMER.$0\ctrl_reg[31:0] [31] -> \TIMER.ctrl_reg [31].
  converting $_DFF_P_ cell $auto$simplemap.cc:420:simplemap_dff$5011 to $_DFFE_PP_ for $techmap\TIMER.$0\rdata[31:0] [0] -> \timer_rdata [0].
  converting $_DFF_P_ cell $auto$simplemap.cc:420:simplemap_dff$5012 to $_DFFE_PP_ for $techmap\TIMER.$0\rdata[31:0] [1] -> \timer_rdata [1].
  converting $_DFF_P_ cell $auto$simplemap.cc:420:simplemap_dff$5013 to $_DFFE_PP_ for $techmap\TIMER.$0\rdata[31:0] [2] -> \timer_rdata [2].
  converting $_DFF_P_ cell $auto$simplemap.cc:420:simplemap_dff$5014 to $_DFFE_PP_ for $techmap\TIMER.$0\rdata[31:0] [3] -> \timer_rdata [3].
  converting $_DFF_P_ cell $auto$simplemap.cc:420:simplemap_dff$5015 to $_DFFE_PP_ for $techmap\TIMER.$0\rdata[31:0] [4] -> \timer_rdata [4].
  converting $_DFF_P_ cell $auto$simplemap.cc:420:simplemap_dff$5016 to $_DFFE_PP_ for $techmap\TIMER.$0\rdata[31:0] [5] -> \timer_rdata [5].
  converting $_DFF_P_ cell $auto$simplemap.cc:420:simplemap_dff$5017 to $_DFFE_PP_ for $techmap\TIMER.$0\rdata[31:0] [6] -> \timer_rdata [6].
  converting $_DFF_P_ cell $auto$simplemap.cc:420:simplemap_dff$5018 to $_DFFE_PP_ for $techmap\TIMER.$0\rdata[31:0] [7] -> \timer_rdata [7].
  converting $_DFF_P_ cell $auto$simplemap.cc:420:simplemap_dff$5019 to $_DFFE_PP_ for $techmap\TIMER.$0\rdata[31:0] [8] -> \timer_rdata [8].
  converting $_DFF_P_ cell $auto$simplemap.cc:420:simplemap_dff$5020 to $_DFFE_PP_ for $techmap\TIMER.$0\rdata[31:0] [9] -> \timer_rdata [9].
  converting $_DFF_P_ cell $auto$simplemap.cc:420:simplemap_dff$5021 to $_DFFE_PP_ for $techmap\TIMER.$0\rdata[31:0] [10] -> \timer_rdata [10].
  converting $_DFF_P_ cell $auto$simplemap.cc:420:simplemap_dff$5022 to $_DFFE_PP_ for $techmap\TIMER.$0\rdata[31:0] [11] -> \timer_rdata [11].
  converting $_DFF_P_ cell $auto$simplemap.cc:420:simplemap_dff$5023 to $_DFFE_PP_ for $techmap\TIMER.$0\rdata[31:0] [12] -> \timer_rdata [12].
  converting $_DFF_P_ cell $auto$simplemap.cc:420:simplemap_dff$5024 to $_DFFE_PP_ for $techmap\TIMER.$0\rdata[31:0] [13] -> \timer_rdata [13].
  converting $_DFF_P_ cell $auto$simplemap.cc:420:simplemap_dff$5025 to $_DFFE_PP_ for $techmap\TIMER.$0\rdata[31:0] [14] -> \timer_rdata [14].
  converting $_DFF_P_ cell $auto$simplemap.cc:420:simplemap_dff$5026 to $_DFFE_PP_ for $techmap\TIMER.$0\rdata[31:0] [15] -> \timer_rdata [15].
  converting $_DFF_P_ cell $auto$simplemap.cc:420:simplemap_dff$5027 to $_DFFE_PP_ for $techmap\TIMER.$0\rdata[31:0] [16] -> \timer_rdata [16].
  converting $_DFF_P_ cell $auto$simplemap.cc:420:simplemap_dff$5028 to $_DFFE_PP_ for $techmap\TIMER.$0\rdata[31:0] [17] -> \timer_rdata [17].
  converting $_DFF_P_ cell $auto$simplemap.cc:420:simplemap_dff$5029 to $_DFFE_PP_ for $techmap\TIMER.$0\rdata[31:0] [18] -> \timer_rdata [18].
  converting $_DFF_P_ cell $auto$simplemap.cc:420:simplemap_dff$5030 to $_DFFE_PP_ for $techmap\TIMER.$0\rdata[31:0] [19] -> \timer_rdata [19].
  converting $_DFF_P_ cell $auto$simplemap.cc:420:simplemap_dff$5031 to $_DFFE_PP_ for $techmap\TIMER.$0\rdata[31:0] [20] -> \timer_rdata [20].
  converting $_DFF_P_ cell $auto$simplemap.cc:420:simplemap_dff$5032 to $_DFFE_PP_ for $techmap\TIMER.$0\rdata[31:0] [21] -> \timer_rdata [21].
  converting $_DFF_P_ cell $auto$simplemap.cc:420:simplemap_dff$5033 to $_DFFE_PP_ for $techmap\TIMER.$0\rdata[31:0] [22] -> \timer_rdata [22].
  converting $_DFF_P_ cell $auto$simplemap.cc:420:simplemap_dff$5034 to $_DFFE_PP_ for $techmap\TIMER.$0\rdata[31:0] [23] -> \timer_rdata [23].
  converting $_DFF_P_ cell $auto$simplemap.cc:420:simplemap_dff$5035 to $_DFFE_PP_ for $techmap\TIMER.$0\rdata[31:0] [24] -> \timer_rdata [24].
  converting $_DFF_P_ cell $auto$simplemap.cc:420:simplemap_dff$5036 to $_DFFE_PP_ for $techmap\TIMER.$0\rdata[31:0] [25] -> \timer_rdata [25].
  converting $_DFF_P_ cell $auto$simplemap.cc:420:simplemap_dff$5037 to $_DFFE_PP_ for $techmap\TIMER.$0\rdata[31:0] [26] -> \timer_rdata [26].
  converting $_DFF_P_ cell $auto$simplemap.cc:420:simplemap_dff$5038 to $_DFFE_PP_ for $techmap\TIMER.$0\rdata[31:0] [27] -> \timer_rdata [27].
  converting $_DFF_P_ cell $auto$simplemap.cc:420:simplemap_dff$5039 to $_DFFE_PP_ for $techmap\TIMER.$0\rdata[31:0] [28] -> \timer_rdata [28].
  converting $_DFF_P_ cell $auto$simplemap.cc:420:simplemap_dff$5040 to $_DFFE_PP_ for $techmap\TIMER.$0\rdata[31:0] [29] -> \timer_rdata [29].
  converting $_DFF_P_ cell $auto$simplemap.cc:420:simplemap_dff$5041 to $_DFFE_PP_ for $techmap\TIMER.$0\rdata[31:0] [30] -> \timer_rdata [30].
  converting $_DFF_P_ cell $auto$simplemap.cc:420:simplemap_dff$5042 to $_DFFE_PP_ for $techmap\TIMER.$0\rdata[31:0] [31] -> \timer_rdata [31].
  converting $_DFF_P_ cell $auto$simplemap.cc:420:simplemap_dff$5698 to $_DFFE_PP_ for $techmap\UART.$0\data[9:0] [0] -> \UART.data [0].
  converting $_DFF_P_ cell $auto$simplemap.cc:420:simplemap_dff$5699 to $_DFFE_PP_ for $techmap\UART.$0\data[9:0] [1] -> \UART.data [1].
  converting $_DFF_P_ cell $auto$simplemap.cc:420:simplemap_dff$5700 to $_DFFE_PP_ for $techmap\UART.$0\data[9:0] [2] -> \UART.data [2].
  converting $_DFF_P_ cell $auto$simplemap.cc:420:simplemap_dff$5701 to $_DFFE_PP_ for $techmap\UART.$0\data[9:0] [3] -> \UART.data [3].
  converting $_DFF_P_ cell $auto$simplemap.cc:420:simplemap_dff$5702 to $_DFFE_PP_ for $techmap\UART.$0\data[9:0] [4] -> \UART.data [4].
  converting $_DFF_P_ cell $auto$simplemap.cc:420:simplemap_dff$5703 to $_DFFE_PP_ for $techmap\UART.$0\data[9:0] [5] -> \UART.data [5].
  converting $_DFF_P_ cell $auto$simplemap.cc:420:simplemap_dff$5704 to $_DFFE_PP_ for $techmap\UART.$0\data[9:0] [6] -> \UART.data [6].
  converting $_DFF_P_ cell $auto$simplemap.cc:420:simplemap_dff$5705 to $_DFFE_PP_ for $techmap\UART.$0\data[9:0] [7] -> \UART.data [7].
  converting $_DFF_P_ cell $auto$simplemap.cc:420:simplemap_dff$5706 to $_DFFE_PP_ for $techmap\UART.$0\data[9:0] [8] -> \UART.data [8].
  converting $_DFF_P_ cell $auto$simplemap.cc:420:simplemap_dff$5707 to $_DFFE_PP_ for $techmap\UART.$0\data[9:0] [9] -> \UART.data [9].
  converting $_DFF_P_ cell $auto$simplemap.cc:420:simplemap_dff$5709 to $_DFFE_PP_ for $techmap\UART.$0\o_ready[0:0] -> \UART.o_ready.
  converting $_DFF_PN0_ cell $auto$simplemap.cc:496:simplemap_adff$1773 to $__DFFE_PN0 for $0\led_toggle[0:0] -> \led_toggle.
  converting $_DFF_PP0_ cell $auto$simplemap.cc:496:simplemap_adff$2221 to $__DFFE_PP0 for $techmap\CDC.$0\halt_toggle[0:0] -> \CDC.halt_toggle.
  converting $_DFF_PP0_ cell $auto$simplemap.cc:496:simplemap_adff$2222 to $__DFFE_PP0 for $techmap\CDC.$0\resume_toggle[0:0] -> \CDC.resume_toggle.
  converting $_DFF_PP0_ cell $auto$simplemap.cc:496:simplemap_adff$2223 to $__DFFE_PP0 for $techmap\CDC.$0\reset_toggle[0:0] -> \CDC.reset_toggle.
  converting $_DFF_PN0_ cell $auto$simplemap.cc:496:simplemap_adff$4551 to $__DFFE_PN0 for $techmap\GPIO.$0\gpio_dir[31:0] [0] -> \GPIO.gpio_dir [0].
  converting $_DFF_PN0_ cell $auto$simplemap.cc:496:simplemap_adff$4552 to $__DFFE_PN0 for $techmap\GPIO.$0\gpio_dir[31:0] [1] -> \GPIO.gpio_dir [1].
  converting $_DFF_PN0_ cell $auto$simplemap.cc:496:simplemap_adff$4553 to $__DFFE_PN0 for $techmap\GPIO.$0\gpio_dir[31:0] [2] -> \GPIO.gpio_dir [2].
  converting $_DFF_PN0_ cell $auto$simplemap.cc:496:simplemap_adff$4554 to $__DFFE_PN0 for $techmap\GPIO.$0\gpio_dir[31:0] [3] -> \GPIO.gpio_dir [3].
  converting $_DFF_PN0_ cell $auto$simplemap.cc:496:simplemap_adff$4555 to $__DFFE_PN0 for $techmap\GPIO.$0\gpio_dir[31:0] [4] -> \GPIO.gpio_dir [4].
  converting $_DFF_PN0_ cell $auto$simplemap.cc:496:simplemap_adff$4556 to $__DFFE_PN0 for $techmap\GPIO.$0\gpio_dir[31:0] [5] -> \GPIO.gpio_dir [5].
  converting $_DFF_PN0_ cell $auto$simplemap.cc:496:simplemap_adff$4557 to $__DFFE_PN0 for $techmap\GPIO.$0\gpio_dir[31:0] [6] -> \GPIO.gpio_dir [6].
  converting $_DFF_PN0_ cell $auto$simplemap.cc:496:simplemap_adff$4558 to $__DFFE_PN0 for $techmap\GPIO.$0\gpio_dir[31:0] [7] -> \GPIO.gpio_dir [7].
  converting $_DFF_PN0_ cell $auto$simplemap.cc:496:simplemap_adff$4559 to $__DFFE_PN0 for $techmap\GPIO.$0\gpio_dir[31:0] [8] -> \GPIO.gpio_dir [8].
  converting $_DFF_PN0_ cell $auto$simplemap.cc:496:simplemap_adff$4560 to $__DFFE_PN0 for $techmap\GPIO.$0\gpio_dir[31:0] [9] -> \GPIO.gpio_dir [9].
  converting $_DFF_PN0_ cell $auto$simplemap.cc:496:simplemap_adff$4561 to $__DFFE_PN0 for $techmap\GPIO.$0\gpio_dir[31:0] [10] -> \GPIO.gpio_dir [10].
  converting $_DFF_PN0_ cell $auto$simplemap.cc:496:simplemap_adff$4562 to $__DFFE_PN0 for $techmap\GPIO.$0\gpio_dir[31:0] [11] -> \GPIO.gpio_dir [11].
  converting $_DFF_PN0_ cell $auto$simplemap.cc:496:simplemap_adff$4563 to $__DFFE_PN0 for $techmap\GPIO.$0\gpio_dir[31:0] [12] -> \GPIO.gpio_dir [12].
  converting $_DFF_PN0_ cell $auto$simplemap.cc:496:simplemap_adff$4564 to $__DFFE_PN0 for $techmap\GPIO.$0\gpio_dir[31:0] [13] -> \GPIO.gpio_dir [13].
  converting $_DFF_PN0_ cell $auto$simplemap.cc:496:simplemap_adff$4565 to $__DFFE_PN0 for $techmap\GPIO.$0\gpio_dir[31:0] [14] -> \GPIO.gpio_dir [14].
  converting $_DFF_PN0_ cell $auto$simplemap.cc:496:simplemap_adff$4566 to $__DFFE_PN0 for $techmap\GPIO.$0\gpio_dir[31:0] [15] -> \GPIO.gpio_dir [15].
  converting $_DFF_PN0_ cell $auto$simplemap.cc:496:simplemap_adff$4567 to $__DFFE_PN0 for $techmap\GPIO.$0\gpio_dir[31:0] [16] -> \GPIO.gpio_dir [16].
  converting $_DFF_PN0_ cell $auto$simplemap.cc:496:simplemap_adff$4568 to $__DFFE_PN0 for $techmap\GPIO.$0\gpio_dir[31:0] [17] -> \GPIO.gpio_dir [17].
  converting $_DFF_PN0_ cell $auto$simplemap.cc:496:simplemap_adff$4569 to $__DFFE_PN0 for $techmap\GPIO.$0\gpio_dir[31:0] [18] -> \GPIO.gpio_dir [18].
  converting $_DFF_PN0_ cell $auto$simplemap.cc:496:simplemap_adff$4570 to $__DFFE_PN0 for $techmap\GPIO.$0\gpio_dir[31:0] [19] -> \GPIO.gpio_dir [19].
  converting $_DFF_PN0_ cell $auto$simplemap.cc:496:simplemap_adff$4571 to $__DFFE_PN0 for $techmap\GPIO.$0\gpio_dir[31:0] [20] -> \GPIO.gpio_dir [20].
  converting $_DFF_PN0_ cell $auto$simplemap.cc:496:simplemap_adff$4572 to $__DFFE_PN0 for $techmap\GPIO.$0\gpio_dir[31:0] [21] -> \GPIO.gpio_dir [21].
  converting $_DFF_PN0_ cell $auto$simplemap.cc:496:simplemap_adff$4573 to $__DFFE_PN0 for $techmap\GPIO.$0\gpio_dir[31:0] [22] -> \GPIO.gpio_dir [22].
  converting $_DFF_PN0_ cell $auto$simplemap.cc:496:simplemap_adff$4574 to $__DFFE_PN0 for $techmap\GPIO.$0\gpio_dir[31:0] [23] -> \GPIO.gpio_dir [23].
  converting $_DFF_PN0_ cell $auto$simplemap.cc:496:simplemap_adff$4575 to $__DFFE_PN0 for $techmap\GPIO.$0\gpio_dir[31:0] [24] -> \GPIO.gpio_dir [24].
  converting $_DFF_PN0_ cell $auto$simplemap.cc:496:simplemap_adff$4576 to $__DFFE_PN0 for $techmap\GPIO.$0\gpio_dir[31:0] [25] -> \GPIO.gpio_dir [25].
  converting $_DFF_PN0_ cell $auto$simplemap.cc:496:simplemap_adff$4577 to $__DFFE_PN0 for $techmap\GPIO.$0\gpio_dir[31:0] [26] -> \GPIO.gpio_dir [26].
  converting $_DFF_PN0_ cell $auto$simplemap.cc:496:simplemap_adff$4578 to $__DFFE_PN0 for $techmap\GPIO.$0\gpio_dir[31:0] [27] -> \GPIO.gpio_dir [27].
  converting $_DFF_PN0_ cell $auto$simplemap.cc:496:simplemap_adff$4579 to $__DFFE_PN0 for $techmap\GPIO.$0\gpio_dir[31:0] [28] -> \GPIO.gpio_dir [28].
  converting $_DFF_PN0_ cell $auto$simplemap.cc:496:simplemap_adff$4580 to $__DFFE_PN0 for $techmap\GPIO.$0\gpio_dir[31:0] [29] -> \GPIO.gpio_dir [29].
  converting $_DFF_PN0_ cell $auto$simplemap.cc:496:simplemap_adff$4581 to $__DFFE_PN0 for $techmap\GPIO.$0\gpio_dir[31:0] [30] -> \GPIO.gpio_dir [30].
  converting $_DFF_PN0_ cell $auto$simplemap.cc:496:simplemap_adff$4582 to $__DFFE_PN0 for $techmap\GPIO.$0\gpio_dir[31:0] [31] -> \GPIO.gpio_dir [31].
  converting $_DFF_PN0_ cell $auto$simplemap.cc:496:simplemap_adff$4583 to $__DFFE_PN0 for $techmap\GPIO.$0\gpio_data[31:0] [0] -> \GPIO.gpio_data [0].
  converting $_DFF_PN0_ cell $auto$simplemap.cc:496:simplemap_adff$4584 to $__DFFE_PN0 for $techmap\GPIO.$0\gpio_data[31:0] [1] -> \GPIO.gpio_data [1].
  converting $_DFF_PN0_ cell $auto$simplemap.cc:496:simplemap_adff$4585 to $__DFFE_PN0 for $techmap\GPIO.$0\gpio_data[31:0] [2] -> \GPIO.gpio_data [2].
  converting $_DFF_PN0_ cell $auto$simplemap.cc:496:simplemap_adff$4586 to $__DFFE_PN0 for $techmap\GPIO.$0\gpio_data[31:0] [3] -> \GPIO.gpio_data [3].
  converting $_DFF_PN0_ cell $auto$simplemap.cc:496:simplemap_adff$4587 to $__DFFE_PN0 for $techmap\GPIO.$0\gpio_data[31:0] [4] -> \GPIO.gpio_data [4].
  converting $_DFF_PN0_ cell $auto$simplemap.cc:496:simplemap_adff$4588 to $__DFFE_PN0 for $techmap\GPIO.$0\gpio_data[31:0] [5] -> \GPIO.gpio_data [5].
  converting $_DFF_PN0_ cell $auto$simplemap.cc:496:simplemap_adff$4589 to $__DFFE_PN0 for $techmap\GPIO.$0\gpio_data[31:0] [6] -> \GPIO.gpio_data [6].
  converting $_DFF_PN0_ cell $auto$simplemap.cc:496:simplemap_adff$4590 to $__DFFE_PN0 for $techmap\GPIO.$0\gpio_data[31:0] [7] -> \GPIO.gpio_data [7].
  converting $_DFF_PN0_ cell $auto$simplemap.cc:496:simplemap_adff$4591 to $__DFFE_PN0 for $techmap\GPIO.$0\gpio_data[31:0] [8] -> \GPIO.gpio_data [8].
  converting $_DFF_PN0_ cell $auto$simplemap.cc:496:simplemap_adff$4592 to $__DFFE_PN0 for $techmap\GPIO.$0\gpio_data[31:0] [9] -> \GPIO.gpio_data [9].
  converting $_DFF_PN0_ cell $auto$simplemap.cc:496:simplemap_adff$4593 to $__DFFE_PN0 for $techmap\GPIO.$0\gpio_data[31:0] [10] -> \GPIO.gpio_data [10].
  converting $_DFF_PN0_ cell $auto$simplemap.cc:496:simplemap_adff$4594 to $__DFFE_PN0 for $techmap\GPIO.$0\gpio_data[31:0] [11] -> \GPIO.gpio_data [11].
  converting $_DFF_PN0_ cell $auto$simplemap.cc:496:simplemap_adff$4595 to $__DFFE_PN0 for $techmap\GPIO.$0\gpio_data[31:0] [12] -> \GPIO.gpio_data [12].
  converting $_DFF_PN0_ cell $auto$simplemap.cc:496:simplemap_adff$4596 to $__DFFE_PN0 for $techmap\GPIO.$0\gpio_data[31:0] [13] -> \GPIO.gpio_data [13].
  converting $_DFF_PN0_ cell $auto$simplemap.cc:496:simplemap_adff$4597 to $__DFFE_PN0 for $techmap\GPIO.$0\gpio_data[31:0] [14] -> \GPIO.gpio_data [14].
  converting $_DFF_PN0_ cell $auto$simplemap.cc:496:simplemap_adff$4598 to $__DFFE_PN0 for $techmap\GPIO.$0\gpio_data[31:0] [15] -> \GPIO.gpio_data [15].
  converting $_DFF_PN0_ cell $auto$simplemap.cc:496:simplemap_adff$4599 to $__DFFE_PN0 for $techmap\GPIO.$0\gpio_data[31:0] [16] -> \GPIO.gpio_data [16].
  converting $_DFF_PN0_ cell $auto$simplemap.cc:496:simplemap_adff$4600 to $__DFFE_PN0 for $techmap\GPIO.$0\gpio_data[31:0] [17] -> \GPIO.gpio_data [17].
  converting $_DFF_PN0_ cell $auto$simplemap.cc:496:simplemap_adff$4601 to $__DFFE_PN0 for $techmap\GPIO.$0\gpio_data[31:0] [18] -> \GPIO.gpio_data [18].
  converting $_DFF_PN0_ cell $auto$simplemap.cc:496:simplemap_adff$4602 to $__DFFE_PN0 for $techmap\GPIO.$0\gpio_data[31:0] [19] -> \GPIO.gpio_data [19].
  converting $_DFF_PN0_ cell $auto$simplemap.cc:496:simplemap_adff$4603 to $__DFFE_PN0 for $techmap\GPIO.$0\gpio_data[31:0] [20] -> \GPIO.gpio_data [20].
  converting $_DFF_PN0_ cell $auto$simplemap.cc:496:simplemap_adff$4604 to $__DFFE_PN0 for $techmap\GPIO.$0\gpio_data[31:0] [21] -> \GPIO.gpio_data [21].
  converting $_DFF_PN0_ cell $auto$simplemap.cc:496:simplemap_adff$4605 to $__DFFE_PN0 for $techmap\GPIO.$0\gpio_data[31:0] [22] -> \GPIO.gpio_data [22].
  converting $_DFF_PN0_ cell $auto$simplemap.cc:496:simplemap_adff$4606 to $__DFFE_PN0 for $techmap\GPIO.$0\gpio_data[31:0] [23] -> \GPIO.gpio_data [23].
  converting $_DFF_PN0_ cell $auto$simplemap.cc:496:simplemap_adff$4607 to $__DFFE_PN0 for $techmap\GPIO.$0\gpio_data[31:0] [24] -> \GPIO.gpio_data [24].
  converting $_DFF_PN0_ cell $auto$simplemap.cc:496:simplemap_adff$4608 to $__DFFE_PN0 for $techmap\GPIO.$0\gpio_data[31:0] [25] -> \GPIO.gpio_data [25].
  converting $_DFF_PN0_ cell $auto$simplemap.cc:496:simplemap_adff$4609 to $__DFFE_PN0 for $techmap\GPIO.$0\gpio_data[31:0] [26] -> \GPIO.gpio_data [26].
  converting $_DFF_PN0_ cell $auto$simplemap.cc:496:simplemap_adff$4610 to $__DFFE_PN0 for $techmap\GPIO.$0\gpio_data[31:0] [27] -> \GPIO.gpio_data [27].
  converting $_DFF_PN0_ cell $auto$simplemap.cc:496:simplemap_adff$4611 to $__DFFE_PN0 for $techmap\GPIO.$0\gpio_data[31:0] [28] -> \GPIO.gpio_data [28].
  converting $_DFF_PN0_ cell $auto$simplemap.cc:496:simplemap_adff$4612 to $__DFFE_PN0 for $techmap\GPIO.$0\gpio_data[31:0] [29] -> \GPIO.gpio_data [29].
  converting $_DFF_PN0_ cell $auto$simplemap.cc:496:simplemap_adff$4613 to $__DFFE_PN0 for $techmap\GPIO.$0\gpio_data[31:0] [30] -> \GPIO.gpio_data [30].
  converting $_DFF_PN0_ cell $auto$simplemap.cc:496:simplemap_adff$4614 to $__DFFE_PN0 for $techmap\GPIO.$0\gpio_data[31:0] [31] -> \GPIO.gpio_data [31].

4.34. Executing TECHMAP pass (map to technology primitives).

4.34.1. Executing Verilog-2005 frontend: /usr/bin/../share/yosys/ice40/cells_map.v
Parsing Verilog input from `/usr/bin/../share/yosys/ice40/cells_map.v' to AST representation.
Generating RTLIL representation for module `\$_DFF_N_'.
Generating RTLIL representation for module `\$_DFF_P_'.
Generating RTLIL representation for module `\$_DFFE_NN_'.
Generating RTLIL representation for module `\$_DFFE_PN_'.
Generating RTLIL representation for module `\$_DFFE_NP_'.
Generating RTLIL representation for module `\$_DFFE_PP_'.
Generating RTLIL representation for module `\$_DFF_NN0_'.
Generating RTLIL representation for module `\$_DFF_NN1_'.
Generating RTLIL representation for module `\$_DFF_PN0_'.
Generating RTLIL representation for module `\$_DFF_PN1_'.
Generating RTLIL representation for module `\$_DFF_NP0_'.
Generating RTLIL representation for module `\$_DFF_NP1_'.
Generating RTLIL representation for module `\$_DFF_PP0_'.
Generating RTLIL representation for module `\$_DFF_PP1_'.
Generating RTLIL representation for module `\$__DFFE_NN0'.
Generating RTLIL representation for module `\$__DFFE_NN1'.
Generating RTLIL representation for module `\$__DFFE_PN0'.
Generating RTLIL representation for module `\$__DFFE_PN1'.
Generating RTLIL representation for module `\$__DFFE_NP0'.
Generating RTLIL representation for module `\$__DFFE_NP1'.
Generating RTLIL representation for module `\$__DFFE_PP0'.
Generating RTLIL representation for module `\$__DFFE_PP1'.
Successfully finished Verilog frontend.

4.34.2. Continuing TECHMAP pass.
Using template \$_DFFE_PP_ for cells of type $_DFFE_PP_.
Using template \$_DFF_PN0_ for cells of type $_DFF_PN0_.
Using template \$__DFFE_PP0 for cells of type $__DFFE_PP0.
Using template \$_DFF_PP0_ for cells of type $_DFF_PP0_.
Using template \$_DFF_PN1_ for cells of type $_DFF_PN1_.
Using template \$__DFFE_PN0 for cells of type $__DFFE_PN0.
Using template \$_DFF_P_ for cells of type $_DFF_P_.
No more expansions possible.
<suppressed ~411 debug messages>

4.35. Executing OPT_EXPR pass (perform const folding).
Optimizing module SOC.
<suppressed ~1630 debug messages>

4.36. Executing SIMPLEMAP pass (map simple cells to gate primitives).
Mapping SOC.$techmap$techmap16893$auto$simplemap.cc:496:simplemap_adff$1385.$logic_not$/usr/bin/../share/yosys/ice40/cells_map.v:12$16711 ($logic_not).
Mapping SOC.$techmap$techmap16903$auto$simplemap.cc:496:simplemap_adff$4591.$logic_not$/usr/bin/../share/yosys/ice40/cells_map.v:22$16715 ($logic_not).
Mapping SOC.$techmap$techmap16830$auto$simplemap.cc:496:simplemap_adff$1774.$logic_not$/usr/bin/../share/yosys/ice40/cells_map.v:12$16711 ($logic_not).
Mapping SOC.$techmap$techmap16897$auto$simplemap.cc:496:simplemap_adff$1771.$logic_not$/usr/bin/../share/yosys/ice40/cells_map.v:12$16711 ($logic_not).
Mapping SOC.$techmap$techmap16719$auto$simplemap.cc:496:simplemap_adff$1378.$logic_not$/usr/bin/../share/yosys/ice40/cells_map.v:12$16711 ($logic_not).
Mapping SOC.$techmap$techmap16980$auto$simplemap.cc:496:simplemap_adff$4614.$logic_not$/usr/bin/../share/yosys/ice40/cells_map.v:22$16715 ($logic_not).
Mapping SOC.$techmap$techmap16828$auto$simplemap.cc:496:simplemap_adff$1773.$logic_not$/usr/bin/../share/yosys/ice40/cells_map.v:22$16715 ($logic_not).
Mapping SOC.$techmap$techmap16882$auto$simplemap.cc:496:simplemap_adff$1377.$logic_not$/usr/bin/../share/yosys/ice40/cells_map.v:12$16711 ($logic_not).
Mapping SOC.$techmap$techmap16888$auto$simplemap.cc:496:simplemap_adff$1382.$logic_not$/usr/bin/../share/yosys/ice40/cells_map.v:12$16711 ($logic_not).
Mapping SOC.$techmap$techmap16886$auto$simplemap.cc:496:simplemap_adff$1381.$logic_not$/usr/bin/../share/yosys/ice40/cells_map.v:12$16711 ($logic_not).
Mapping SOC.$techmap$techmap16890$auto$simplemap.cc:496:simplemap_adff$1384.$logic_not$/usr/bin/../share/yosys/ice40/cells_map.v:12$16711 ($logic_not).
Mapping SOC.$techmap$techmap16879$auto$simplemap.cc:496:simplemap_adff$1371.$logic_not$/usr/bin/../share/yosys/ice40/cells_map.v:12$16711 ($logic_not).
Mapping SOC.$techmap$techmap16880$auto$simplemap.cc:496:simplemap_adff$1375.$logic_not$/usr/bin/../share/yosys/ice40/cells_map.v:12$16711 ($logic_not).
Mapping SOC.$techmap$techmap16881$auto$simplemap.cc:496:simplemap_adff$1376.$logic_not$/usr/bin/../share/yosys/ice40/cells_map.v:12$16711 ($logic_not).
Mapping SOC.$techmap$techmap16883$auto$simplemap.cc:496:simplemap_adff$1370.$logic_not$/usr/bin/../share/yosys/ice40/cells_map.v:12$16711 ($logic_not).
Mapping SOC.$techmap$techmap16884$auto$simplemap.cc:496:simplemap_adff$1379.$logic_not$/usr/bin/../share/yosys/ice40/cells_map.v:12$16711 ($logic_not).
Mapping SOC.$techmap$techmap16885$auto$simplemap.cc:496:simplemap_adff$1380.$logic_not$/usr/bin/../share/yosys/ice40/cells_map.v:12$16711 ($logic_not).
Mapping SOC.$techmap$techmap16887$auto$simplemap.cc:496:simplemap_adff$1373.$logic_not$/usr/bin/../share/yosys/ice40/cells_map.v:12$16711 ($logic_not).
Mapping SOC.$techmap$techmap16891$auto$simplemap.cc:496:simplemap_adff$1374.$logic_not$/usr/bin/../share/yosys/ice40/cells_map.v:12$16711 ($logic_not).
Mapping SOC.$techmap$techmap16889$auto$simplemap.cc:496:simplemap_adff$1372.$logic_not$/usr/bin/../share/yosys/ice40/cells_map.v:12$16711 ($logic_not).
Mapping SOC.$techmap$techmap16892$auto$simplemap.cc:496:simplemap_adff$1383.$logic_not$/usr/bin/../share/yosys/ice40/cells_map.v:12$16711 ($logic_not).
Mapping SOC.$techmap$techmap16827$auto$simplemap.cc:496:simplemap_adff$1772.$logic_not$/usr/bin/../share/yosys/ice40/cells_map.v:13$16712 ($logic_not).
Mapping SOC.$techmap$techmap16919$auto$simplemap.cc:496:simplemap_adff$4551.$logic_not$/usr/bin/../share/yosys/ice40/cells_map.v:22$16715 ($logic_not).
Mapping SOC.$techmap$techmap16920$auto$simplemap.cc:496:simplemap_adff$4552.$logic_not$/usr/bin/../share/yosys/ice40/cells_map.v:22$16715 ($logic_not).
Mapping SOC.$techmap$techmap16921$auto$simplemap.cc:496:simplemap_adff$4553.$logic_not$/usr/bin/../share/yosys/ice40/cells_map.v:22$16715 ($logic_not).
Mapping SOC.$techmap$techmap16922$auto$simplemap.cc:496:simplemap_adff$4554.$logic_not$/usr/bin/../share/yosys/ice40/cells_map.v:22$16715 ($logic_not).
Mapping SOC.$techmap$techmap16923$auto$simplemap.cc:496:simplemap_adff$4555.$logic_not$/usr/bin/../share/yosys/ice40/cells_map.v:22$16715 ($logic_not).
Mapping SOC.$techmap$techmap16924$auto$simplemap.cc:496:simplemap_adff$4556.$logic_not$/usr/bin/../share/yosys/ice40/cells_map.v:22$16715 ($logic_not).
Mapping SOC.$techmap$techmap16925$auto$simplemap.cc:496:simplemap_adff$4557.$logic_not$/usr/bin/../share/yosys/ice40/cells_map.v:22$16715 ($logic_not).
Mapping SOC.$techmap$techmap16926$auto$simplemap.cc:496:simplemap_adff$4558.$logic_not$/usr/bin/../share/yosys/ice40/cells_map.v:22$16715 ($logic_not).
Mapping SOC.$techmap$techmap16927$auto$simplemap.cc:496:simplemap_adff$4560.$logic_not$/usr/bin/../share/yosys/ice40/cells_map.v:22$16715 ($logic_not).
Mapping SOC.$techmap$techmap16928$auto$simplemap.cc:496:simplemap_adff$4561.$logic_not$/usr/bin/../share/yosys/ice40/cells_map.v:22$16715 ($logic_not).
Mapping SOC.$techmap$techmap16929$auto$simplemap.cc:496:simplemap_adff$4562.$logic_not$/usr/bin/../share/yosys/ice40/cells_map.v:22$16715 ($logic_not).
Mapping SOC.$techmap$techmap16930$auto$simplemap.cc:496:simplemap_adff$4563.$logic_not$/usr/bin/../share/yosys/ice40/cells_map.v:22$16715 ($logic_not).
Mapping SOC.$techmap$techmap16931$auto$simplemap.cc:496:simplemap_adff$4564.$logic_not$/usr/bin/../share/yosys/ice40/cells_map.v:22$16715 ($logic_not).
Mapping SOC.$techmap$techmap16932$auto$simplemap.cc:496:simplemap_adff$4565.$logic_not$/usr/bin/../share/yosys/ice40/cells_map.v:22$16715 ($logic_not).
Mapping SOC.$techmap$techmap16933$auto$simplemap.cc:496:simplemap_adff$4566.$logic_not$/usr/bin/../share/yosys/ice40/cells_map.v:22$16715 ($logic_not).
Mapping SOC.$techmap$techmap16934$auto$simplemap.cc:496:simplemap_adff$4567.$logic_not$/usr/bin/../share/yosys/ice40/cells_map.v:22$16715 ($logic_not).
Mapping SOC.$techmap$techmap16935$auto$simplemap.cc:496:simplemap_adff$4568.$logic_not$/usr/bin/../share/yosys/ice40/cells_map.v:22$16715 ($logic_not).
Mapping SOC.$techmap$techmap16936$auto$simplemap.cc:496:simplemap_adff$4569.$logic_not$/usr/bin/../share/yosys/ice40/cells_map.v:22$16715 ($logic_not).
Mapping SOC.$techmap$techmap16937$auto$simplemap.cc:496:simplemap_adff$4570.$logic_not$/usr/bin/../share/yosys/ice40/cells_map.v:22$16715 ($logic_not).
Mapping SOC.$techmap$techmap16938$auto$simplemap.cc:496:simplemap_adff$4571.$logic_not$/usr/bin/../share/yosys/ice40/cells_map.v:22$16715 ($logic_not).
Mapping SOC.$techmap$techmap16939$auto$simplemap.cc:496:simplemap_adff$4572.$logic_not$/usr/bin/../share/yosys/ice40/cells_map.v:22$16715 ($logic_not).
Mapping SOC.$techmap$techmap16940$auto$simplemap.cc:496:simplemap_adff$4573.$logic_not$/usr/bin/../share/yosys/ice40/cells_map.v:22$16715 ($logic_not).
Mapping SOC.$techmap$techmap16941$auto$simplemap.cc:496:simplemap_adff$4574.$logic_not$/usr/bin/../share/yosys/ice40/cells_map.v:22$16715 ($logic_not).
Mapping SOC.$techmap$techmap16942$auto$simplemap.cc:496:simplemap_adff$4575.$logic_not$/usr/bin/../share/yosys/ice40/cells_map.v:22$16715 ($logic_not).
Mapping SOC.$techmap$techmap16943$auto$simplemap.cc:496:simplemap_adff$4576.$logic_not$/usr/bin/../share/yosys/ice40/cells_map.v:22$16715 ($logic_not).
Mapping SOC.$techmap$techmap16944$auto$simplemap.cc:496:simplemap_adff$4577.$logic_not$/usr/bin/../share/yosys/ice40/cells_map.v:22$16715 ($logic_not).
Mapping SOC.$techmap$techmap16945$auto$simplemap.cc:496:simplemap_adff$4578.$logic_not$/usr/bin/../share/yosys/ice40/cells_map.v:22$16715 ($logic_not).
Mapping SOC.$techmap$techmap16946$auto$simplemap.cc:496:simplemap_adff$4579.$logic_not$/usr/bin/../share/yosys/ice40/cells_map.v:22$16715 ($logic_not).
Mapping SOC.$techmap$techmap16947$auto$simplemap.cc:496:simplemap_adff$4580.$logic_not$/usr/bin/../share/yosys/ice40/cells_map.v:22$16715 ($logic_not).
Mapping SOC.$techmap$techmap16948$auto$simplemap.cc:496:simplemap_adff$4581.$logic_not$/usr/bin/../share/yosys/ice40/cells_map.v:22$16715 ($logic_not).
Mapping SOC.$techmap$techmap16949$auto$simplemap.cc:496:simplemap_adff$4582.$logic_not$/usr/bin/../share/yosys/ice40/cells_map.v:22$16715 ($logic_not).
Mapping SOC.$techmap$techmap16950$auto$simplemap.cc:496:simplemap_adff$4583.$logic_not$/usr/bin/../share/yosys/ice40/cells_map.v:22$16715 ($logic_not).
Mapping SOC.$techmap$techmap16951$auto$simplemap.cc:496:simplemap_adff$4584.$logic_not$/usr/bin/../share/yosys/ice40/cells_map.v:22$16715 ($logic_not).
Mapping SOC.$techmap$techmap16952$auto$simplemap.cc:496:simplemap_adff$4585.$logic_not$/usr/bin/../share/yosys/ice40/cells_map.v:22$16715 ($logic_not).
Mapping SOC.$techmap$techmap16953$auto$simplemap.cc:496:simplemap_adff$4586.$logic_not$/usr/bin/../share/yosys/ice40/cells_map.v:22$16715 ($logic_not).
Mapping SOC.$techmap$techmap16954$auto$simplemap.cc:496:simplemap_adff$4587.$logic_not$/usr/bin/../share/yosys/ice40/cells_map.v:22$16715 ($logic_not).
Mapping SOC.$techmap$techmap16955$auto$simplemap.cc:496:simplemap_adff$4588.$logic_not$/usr/bin/../share/yosys/ice40/cells_map.v:22$16715 ($logic_not).
Mapping SOC.$techmap$techmap16956$auto$simplemap.cc:496:simplemap_adff$4589.$logic_not$/usr/bin/../share/yosys/ice40/cells_map.v:22$16715 ($logic_not).
Mapping SOC.$techmap$techmap16902$auto$simplemap.cc:496:simplemap_adff$4559.$logic_not$/usr/bin/../share/yosys/ice40/cells_map.v:22$16715 ($logic_not).
Mapping SOC.$techmap$techmap16957$auto$simplemap.cc:496:simplemap_adff$4590.$logic_not$/usr/bin/../share/yosys/ice40/cells_map.v:22$16715 ($logic_not).
Mapping SOC.$techmap$techmap16958$auto$simplemap.cc:496:simplemap_adff$4592.$logic_not$/usr/bin/../share/yosys/ice40/cells_map.v:22$16715 ($logic_not).
Mapping SOC.$techmap$techmap16959$auto$simplemap.cc:496:simplemap_adff$4593.$logic_not$/usr/bin/../share/yosys/ice40/cells_map.v:22$16715 ($logic_not).
Mapping SOC.$techmap$techmap16960$auto$simplemap.cc:496:simplemap_adff$4594.$logic_not$/usr/bin/../share/yosys/ice40/cells_map.v:22$16715 ($logic_not).
Mapping SOC.$techmap$techmap16961$auto$simplemap.cc:496:simplemap_adff$4595.$logic_not$/usr/bin/../share/yosys/ice40/cells_map.v:22$16715 ($logic_not).
Mapping SOC.$techmap$techmap16962$auto$simplemap.cc:496:simplemap_adff$4596.$logic_not$/usr/bin/../share/yosys/ice40/cells_map.v:22$16715 ($logic_not).
Mapping SOC.$techmap$techmap16963$auto$simplemap.cc:496:simplemap_adff$4597.$logic_not$/usr/bin/../share/yosys/ice40/cells_map.v:22$16715 ($logic_not).
Mapping SOC.$techmap$techmap16964$auto$simplemap.cc:496:simplemap_adff$4598.$logic_not$/usr/bin/../share/yosys/ice40/cells_map.v:22$16715 ($logic_not).
Mapping SOC.$techmap$techmap16965$auto$simplemap.cc:496:simplemap_adff$4599.$logic_not$/usr/bin/../share/yosys/ice40/cells_map.v:22$16715 ($logic_not).
Mapping SOC.$techmap$techmap16966$auto$simplemap.cc:496:simplemap_adff$4600.$logic_not$/usr/bin/../share/yosys/ice40/cells_map.v:22$16715 ($logic_not).
Mapping SOC.$techmap$techmap16967$auto$simplemap.cc:496:simplemap_adff$4601.$logic_not$/usr/bin/../share/yosys/ice40/cells_map.v:22$16715 ($logic_not).
Mapping SOC.$techmap$techmap16968$auto$simplemap.cc:496:simplemap_adff$4602.$logic_not$/usr/bin/../share/yosys/ice40/cells_map.v:22$16715 ($logic_not).
Mapping SOC.$techmap$techmap16969$auto$simplemap.cc:496:simplemap_adff$4603.$logic_not$/usr/bin/../share/yosys/ice40/cells_map.v:22$16715 ($logic_not).
Mapping SOC.$techmap$techmap16970$auto$simplemap.cc:496:simplemap_adff$4604.$logic_not$/usr/bin/../share/yosys/ice40/cells_map.v:22$16715 ($logic_not).
Mapping SOC.$techmap$techmap16971$auto$simplemap.cc:496:simplemap_adff$4605.$logic_not$/usr/bin/../share/yosys/ice40/cells_map.v:22$16715 ($logic_not).
Mapping SOC.$techmap$techmap16972$auto$simplemap.cc:496:simplemap_adff$4606.$logic_not$/usr/bin/../share/yosys/ice40/cells_map.v:22$16715 ($logic_not).
Mapping SOC.$techmap$techmap16973$auto$simplemap.cc:496:simplemap_adff$4607.$logic_not$/usr/bin/../share/yosys/ice40/cells_map.v:22$16715 ($logic_not).
Mapping SOC.$techmap$techmap16974$auto$simplemap.cc:496:simplemap_adff$4608.$logic_not$/usr/bin/../share/yosys/ice40/cells_map.v:22$16715 ($logic_not).
Mapping SOC.$techmap$techmap16975$auto$simplemap.cc:496:simplemap_adff$4609.$logic_not$/usr/bin/../share/yosys/ice40/cells_map.v:22$16715 ($logic_not).
Mapping SOC.$techmap$techmap16976$auto$simplemap.cc:496:simplemap_adff$4610.$logic_not$/usr/bin/../share/yosys/ice40/cells_map.v:22$16715 ($logic_not).
Mapping SOC.$techmap$techmap16977$auto$simplemap.cc:496:simplemap_adff$4611.$logic_not$/usr/bin/../share/yosys/ice40/cells_map.v:22$16715 ($logic_not).
Mapping SOC.$techmap$techmap16978$auto$simplemap.cc:496:simplemap_adff$4612.$logic_not$/usr/bin/../share/yosys/ice40/cells_map.v:22$16715 ($logic_not).
Mapping SOC.$techmap$techmap16979$auto$simplemap.cc:496:simplemap_adff$4613.$logic_not$/usr/bin/../share/yosys/ice40/cells_map.v:22$16715 ($logic_not).

4.37. Executing ICE40_FFINIT pass (implement FF init values).
Handling FF init values in SOC.
FF init value for cell $auto$simplemap.cc:496:simplemap_adff$1374 (SB_DFFR): \CW.reset_cnt [4] = 0
FF init value for cell $auto$simplemap.cc:496:simplemap_adff$1383 (SB_DFFR): \CW.reset_cnt [13] = 0
FF init value for cell $auto$simplemap.cc:496:simplemap_adff$1384 (SB_DFFR): \CW.reset_cnt [14] = 0
FF init value for cell $auto$simplemap.cc:496:simplemap_adff$1385 (SB_DFFR): \CW.reset_cnt [15] = 0
FF init value for cell $auto$simplemap.cc:496:simplemap_adff$1372 (SB_DFFR): \CW.reset_cnt [2] = 0
FF init value for cell $auto$simplemap.cc:496:simplemap_adff$1370 (SB_DFFR): \CW.reset_cnt [0] = 0
FF init value for cell $auto$simplemap.cc:496:simplemap_adff$1371 (SB_DFFR): \CW.reset_cnt [1] = 0
FF init value for cell $auto$simplemap.cc:496:simplemap_adff$1373 (SB_DFFR): \CW.reset_cnt [3] = 0
FF init value for cell $auto$simplemap.cc:496:simplemap_adff$1376 (SB_DFFR): \CW.reset_cnt [6] = 0
FF init value for cell $auto$simplemap.cc:496:simplemap_adff$1380 (SB_DFFR): \CW.reset_cnt [10] = 0
FF init value for cell $auto$simplemap.cc:420:simplemap_dff$5708 (SB_DFF): \UART.cnt = 0
FF init value for cell $auto$simplemap.cc:496:simplemap_adff$1378 (SB_DFFR): \CW.reset_cnt [8] = 0
FF init value for cell $auto$simplemap.cc:496:simplemap_adff$1379 (SB_DFFR): \CW.reset_cnt [9] = 0
FF init value for cell $auto$simplemap.cc:496:simplemap_adff$1375 (SB_DFFR): \CW.reset_cnt [5] = 0
FF init value for cell $auto$simplemap.cc:496:simplemap_adff$1382 (SB_DFFR): \CW.reset_cnt [12] = 0
FF init value for cell $auto$simplemap.cc:496:simplemap_adff$1377 (SB_DFFR): \CW.reset_cnt [7] = 0
FF init value for cell $auto$simplemap.cc:496:simplemap_adff$1381 (SB_DFFR): \CW.reset_cnt [11] = 0
FF init value for cell $auto$simplemap.cc:420:simplemap_dff$1345 (SB_DFFE): \tap0.debug_ctrl_reg [7] = 0
FF init value for cell $auto$simplemap.cc:420:simplemap_dff$1355 (SB_DFFE): \tap0.debug_ctrl_reg [17] = 0
FF init value for cell $auto$simplemap.cc:420:simplemap_dff$1340 (SB_DFFE): \tap0.debug_ctrl_reg [2] = 0
FF init value for cell $auto$simplemap.cc:420:simplemap_dff$1341 (SB_DFFE): \tap0.debug_ctrl_reg [3] = 0
FF init value for cell $auto$simplemap.cc:420:simplemap_dff$1342 (SB_DFFE): \tap0.debug_ctrl_reg [4] = 0
FF init value for cell $auto$simplemap.cc:420:simplemap_dff$1343 (SB_DFFE): \tap0.debug_ctrl_reg [5] = 0
FF init value for cell $auto$simplemap.cc:420:simplemap_dff$1344 (SB_DFFE): \tap0.debug_ctrl_reg [6] = 0
FF init value for cell $auto$simplemap.cc:420:simplemap_dff$1348 (SB_DFFE): \tap0.debug_ctrl_reg [10] = 0
FF init value for cell $auto$simplemap.cc:420:simplemap_dff$1369 (SB_DFFE): \tap0.debug_ctrl_reg [31] = 0
FF init value for cell $auto$simplemap.cc:420:simplemap_dff$1358 (SB_DFFE): \tap0.debug_ctrl_reg [20] = 0
FF init value for cell $auto$simplemap.cc:420:simplemap_dff$1367 (SB_DFFE): \tap0.debug_ctrl_reg [29] = 0
FF init value for cell $auto$simplemap.cc:420:simplemap_dff$1368 (SB_DFFE): \tap0.debug_ctrl_reg [30] = 0
FF init value for cell $auto$simplemap.cc:420:simplemap_dff$1346 (SB_DFFE): \tap0.debug_ctrl_reg [8] = 0
FF init value for cell $auto$simplemap.cc:420:simplemap_dff$1352 (SB_DFFE): \tap0.debug_ctrl_reg [14] = 0
FF init value for cell $auto$simplemap.cc:420:simplemap_dff$1353 (SB_DFFE): \tap0.debug_ctrl_reg [15] = 0
FF init value for cell $auto$simplemap.cc:420:simplemap_dff$1354 (SB_DFFE): \tap0.debug_ctrl_reg [16] = 0
FF init value for cell $auto$simplemap.cc:420:simplemap_dff$1339 (SB_DFFE): \tap0.debug_ctrl_reg [1] = 0
FF init value for cell $auto$simplemap.cc:420:simplemap_dff$1356 (SB_DFFE): \tap0.debug_ctrl_reg [18] = 0
FF init value for cell $auto$simplemap.cc:420:simplemap_dff$1357 (SB_DFFE): \tap0.debug_ctrl_reg [19] = 0
FF init value for cell $auto$simplemap.cc:420:simplemap_dff$1349 (SB_DFFE): \tap0.debug_ctrl_reg [11] = 0
FF init value for cell $auto$simplemap.cc:420:simplemap_dff$1363 (SB_DFFE): \tap0.debug_ctrl_reg [25] = 0
FF init value for cell $auto$simplemap.cc:420:simplemap_dff$1364 (SB_DFFE): \tap0.debug_ctrl_reg [26] = 0
FF init value for cell $auto$simplemap.cc:420:simplemap_dff$1359 (SB_DFFE): \tap0.debug_ctrl_reg [21] = 0
FF init value for cell $auto$simplemap.cc:420:simplemap_dff$1360 (SB_DFFE): \tap0.debug_ctrl_reg [22] = 0
FF init value for cell $auto$simplemap.cc:420:simplemap_dff$1361 (SB_DFFE): \tap0.debug_ctrl_reg [23] = 0
FF init value for cell $auto$simplemap.cc:420:simplemap_dff$1365 (SB_DFFE): \tap0.debug_ctrl_reg [27] = 0
FF init value for cell $auto$simplemap.cc:420:simplemap_dff$1366 (SB_DFFE): \tap0.debug_ctrl_reg [28] = 0
FF init value for cell $auto$simplemap.cc:420:simplemap_dff$1350 (SB_DFFE): \tap0.debug_ctrl_reg [12] = 0
FF init value for cell $auto$simplemap.cc:420:simplemap_dff$1351 (SB_DFFE): \tap0.debug_ctrl_reg [13] = 0
FF init value for cell $auto$simplemap.cc:420:simplemap_dff$1362 (SB_DFFE): \tap0.debug_ctrl_reg [24] = 0
FF init value for cell $auto$simplemap.cc:496:simplemap_adff$1835 (SB_DFFR): \tap0.state [0] = 0
FF init value for cell $auto$simplemap.cc:420:simplemap_dff$1843 (SB_DFFE): \tap0.ir [0] = 0
FF init value for cell $auto$simplemap.cc:420:simplemap_dff$1840 (SB_DFFE): \tap0.ir_shift [1] = 0
FF init value for cell $auto$simplemap.cc:420:simplemap_dff$1844 (SB_DFFE): \tap0.ir [1] = 0
FF init value for cell $auto$simplemap.cc:420:simplemap_dff$1845 (SB_DFFE): \tap0.ir [2] = 0
FF init value for cell $auto$simplemap.cc:420:simplemap_dff$1846 (SB_DFFE): \tap0.ir [3] = 0
FF init value for cell $auto$simplemap.cc:496:simplemap_adff$1838 (SB_DFFR): \tap0.state [3] = 0
FF init value for cell $auto$simplemap.cc:420:simplemap_dff$1851 (SB_DFFE): \tap0.dr_shift [3] = 0
FF init value for cell $auto$simplemap.cc:420:simplemap_dff$1847 (SB_DFFE): \tap0.bypass_bit = 0
FF init value for cell $auto$simplemap.cc:420:simplemap_dff$1857 (SB_DFFE): \tap0.dr_shift [9] = 0
FF init value for cell $auto$simplemap.cc:420:simplemap_dff$1852 (SB_DFFE): \tap0.dr_shift [4] = 0
FF init value for cell $auto$simplemap.cc:420:simplemap_dff$1839 (SB_DFFE): \tap0.ir_shift [0] = 0
FF init value for cell $auto$simplemap.cc:420:simplemap_dff$1853 (SB_DFFE): \tap0.dr_shift [5] = 0
FF init value for cell $auto$simplemap.cc:420:simplemap_dff$1854 (SB_DFFE): \tap0.dr_shift [6] = 0
FF init value for cell $auto$simplemap.cc:420:simplemap_dff$1855 (SB_DFFE): \tap0.dr_shift [7] = 0
FF init value for cell $auto$simplemap.cc:420:simplemap_dff$1849 (SB_DFFE): \tap0.dr_shift [1] = 0
FF init value for cell $auto$simplemap.cc:420:simplemap_dff$1863 (SB_DFFE): \tap0.dr_shift [15] = 0
FF init value for cell $auto$simplemap.cc:420:simplemap_dff$1858 (SB_DFFE): \tap0.dr_shift [10] = 0
FF init value for cell $auto$simplemap.cc:420:simplemap_dff$1859 (SB_DFFE): \tap0.dr_shift [11] = 0
FF init value for cell $auto$simplemap.cc:420:simplemap_dff$1860 (SB_DFFE): \tap0.dr_shift [12] = 0
FF init value for cell $auto$simplemap.cc:420:simplemap_dff$1861 (SB_DFFE): \tap0.dr_shift [13] = 0
FF init value for cell $auto$simplemap.cc:420:simplemap_dff$1856 (SB_DFFE): \tap0.dr_shift [8] = 0
FF init value for cell $auto$simplemap.cc:420:simplemap_dff$1869 (SB_DFFE): \tap0.dr_shift [21] = 0
FF init value for cell $auto$simplemap.cc:420:simplemap_dff$1864 (SB_DFFE): \tap0.dr_shift [16] = 0
FF init value for cell $auto$simplemap.cc:420:simplemap_dff$1865 (SB_DFFE): \tap0.dr_shift [17] = 0
FF init value for cell $auto$simplemap.cc:420:simplemap_dff$1866 (SB_DFFE): \tap0.dr_shift [18] = 0
FF init value for cell $auto$simplemap.cc:420:simplemap_dff$1867 (SB_DFFE): \tap0.dr_shift [19] = 0
FF init value for cell $auto$simplemap.cc:420:simplemap_dff$1862 (SB_DFFE): \tap0.dr_shift [14] = 0
FF init value for cell $auto$simplemap.cc:420:simplemap_dff$1874 (SB_DFFE): \tap0.dr_shift [26] = 0
FF init value for cell $auto$simplemap.cc:420:simplemap_dff$1870 (SB_DFFE): \tap0.dr_shift [22] = 0
FF init value for cell $auto$simplemap.cc:420:simplemap_dff$1871 (SB_DFFE): \tap0.dr_shift [23] = 0
FF init value for cell $auto$simplemap.cc:420:simplemap_dff$1872 (SB_DFFE): \tap0.dr_shift [24] = 0
FF init value for cell $auto$simplemap.cc:420:simplemap_dff$1873 (SB_DFFE): \tap0.dr_shift [25] = 0
FF init value for cell $auto$simplemap.cc:420:simplemap_dff$1868 (SB_DFFE): \tap0.dr_shift [20] = 0
FF init value for cell $auto$simplemap.cc:420:simplemap_dff$1876 (SB_DFFE): \tap0.dr_shift [28] = 0
FF init value for cell $auto$simplemap.cc:420:simplemap_dff$1877 (SB_DFFE): \tap0.dr_shift [29] = 0
FF init value for cell $auto$simplemap.cc:420:simplemap_dff$1878 (SB_DFFE): \tap0.dr_shift [30] = 0
FF init value for cell $auto$simplemap.cc:420:simplemap_dff$1879 (SB_DFFE): \tap0.dr_shift [31] = 0
FF init value for cell $auto$simplemap.cc:420:simplemap_dff$1880 (SB_DFFE): \tap0.tdo_reg = 0
FF init value for cell $auto$simplemap.cc:420:simplemap_dff$1875 (SB_DFFE): \tap0.dr_shift [27] = 0
FF init value for cell $auto$simplemap.cc:420:simplemap_dff$1848 (SB_DFFE): \tap0.dr_shift [0] = 0
FF init value for cell $auto$simplemap.cc:420:simplemap_dff$2368 (SB_DFFE): \CPU.PC [2] = 0
FF init value for cell $auto$simplemap.cc:420:simplemap_dff$2369 (SB_DFFE): \CPU.PC [3] = 0
FF init value for cell $auto$simplemap.cc:420:simplemap_dff$2370 (SB_DFFE): \CPU.PC [4] = 0
FF init value for cell $auto$simplemap.cc:420:simplemap_dff$2371 (SB_DFFE): \CPU.PC [5] = 0
FF init value for cell $auto$simplemap.cc:420:simplemap_dff$2373 (SB_DFFE): \CPU.PC [7] = 0
FF init value for cell $auto$simplemap.cc:420:simplemap_dff$2374 (SB_DFFE): \CPU.PC [8] = 0
FF init value for cell $auto$simplemap.cc:420:simplemap_dff$2375 (SB_DFFE): \CPU.PC [9] = 0
FF init value for cell $auto$simplemap.cc:420:simplemap_dff$2376 (SB_DFFE): \CPU.PC [10] = 0
FF init value for cell $auto$simplemap.cc:420:simplemap_dff$2377 (SB_DFFE): \CPU.PC [11] = 0
FF init value for cell $auto$simplemap.cc:420:simplemap_dff$2378 (SB_DFFE): \CPU.PC [12] = 0
FF init value for cell $auto$simplemap.cc:420:simplemap_dff$2379 (SB_DFFE): \CPU.PC [13] = 0
FF init value for cell $auto$simplemap.cc:420:simplemap_dff$2380 (SB_DFFE): \CPU.PC [14] = 0
FF init value for cell $auto$simplemap.cc:420:simplemap_dff$2381 (SB_DFFE): \CPU.PC [15] = 0
FF init value for cell $auto$simplemap.cc:420:simplemap_dff$2382 (SB_DFFE): \CPU.PC [16] = 0
FF init value for cell $auto$simplemap.cc:420:simplemap_dff$2383 (SB_DFFE): \CPU.PC [17] = 0
FF init value for cell $auto$simplemap.cc:420:simplemap_dff$2384 (SB_DFFE): \CPU.PC [18] = 0
FF init value for cell $auto$simplemap.cc:420:simplemap_dff$2385 (SB_DFFE): \CPU.PC [19] = 0
FF init value for cell $auto$simplemap.cc:420:simplemap_dff$2386 (SB_DFFE): \CPU.PC [20] = 0
FF init value for cell $auto$simplemap.cc:420:simplemap_dff$2387 (SB_DFFE): \CPU.PC [21] = 0
FF init value for cell $auto$simplemap.cc:420:simplemap_dff$2388 (SB_DFFE): \CPU.PC [22] = 0
FF init value for cell $auto$simplemap.cc:420:simplemap_dff$2389 (SB_DFFE): \CPU.PC [23] = 0
FF init value for cell $auto$simplemap.cc:420:simplemap_dff$2390 (SB_DFFE): \CPU.PC [24] = 0
FF init value for cell $auto$simplemap.cc:420:simplemap_dff$2391 (SB_DFFE): \CPU.PC [25] = 0
FF init value for cell $auto$simplemap.cc:420:simplemap_dff$2392 (SB_DFFE): \CPU.PC [26] = 0
FF init value for cell $auto$simplemap.cc:420:simplemap_dff$2393 (SB_DFFE): \CPU.PC [27] = 0
FF init value for cell $auto$simplemap.cc:420:simplemap_dff$2394 (SB_DFFE): \CPU.PC [28] = 0
FF init value for cell $auto$simplemap.cc:420:simplemap_dff$2396 (SB_DFFE): \CPU.PC [30] = 0
FF init value for cell $auto$simplemap.cc:420:simplemap_dff$2397 (SB_DFFE): \CPU.PC [31] = 0
FF init value for cell $auto$simplemap.cc:420:simplemap_dff$2395 (SB_DFFE): \CPU.PC [29] = 0
FF init value for cell $auto$simplemap.cc:420:simplemap_dff$2366 (SB_DFFE): \CPU.PC [0] = 0
FF init value for cell $auto$simplemap.cc:420:simplemap_dff$2430 (SB_DFFE): \CPU.state [0] = 0
FF init value for cell $auto$simplemap.cc:420:simplemap_dff$2431 (SB_DFFE): \CPU.state [1] = 0
FF init value for cell $auto$simplemap.cc:420:simplemap_dff$2432 (SB_DFFE): \CPU.state [2] = 0
FF init value for cell $auto$simplemap.cc:420:simplemap_dff$1347 (SB_DFFE): \tap0.debug_ctrl_reg [9] = 0
FF init value for cell $auto$simplemap.cc:420:simplemap_dff$1338 (SB_DFFE): \tap0.debug_ctrl_reg [0] = 0
FF init value for cell $auto$simplemap.cc:420:simplemap_dff$2372 (SB_DFFE): \CPU.PC [6] = 0
FF init value for cell $auto$simplemap.cc:496:simplemap_adff$1837 (SB_DFFR): \tap0.state [2] = 0
FF init value for cell $auto$simplemap.cc:420:simplemap_dff$1842 (SB_DFFE): \tap0.ir_shift [3] = 0
FF init value for cell $auto$simplemap.cc:420:simplemap_dff$1841 (SB_DFFE): \tap0.ir_shift [2] = 0
FF init value for cell $auto$simplemap.cc:496:simplemap_adff$1836 (SB_DFFR): \tap0.state [1] = 0
FF init value for cell $auto$simplemap.cc:420:simplemap_dff$1850 (SB_DFFE): \tap0.dr_shift [2] = 0
FF init value for cell $auto$simplemap.cc:420:simplemap_dff$2367 (SB_DFFE): \CPU.PC [1] = 0

4.38. Executing ICE40_FFSSR pass (merge synchronous set/reset into FF cells).
Merging set/reset $_MUX_ cells into SB_FFs in SOC.
  Merging $auto$simplemap.cc:277:simplemap_mux$5711 (A=$auto$wreduce.cc:455:run$934 [0], B=1'0, S=$techmap\UART.$or$emitter_uart.v:31$81_Y) into $auto$simplemap.cc:420:simplemap_dff$5708 (SB_DFF).
  Merging $auto$simplemap.cc:277:simplemap_mux$1962 (A=\tap0.ir_shift [2], B=1'0, S=$auto$simplemap.cc:309:simplemap_lut$1992) into $auto$simplemap.cc:420:simplemap_dff$1840 (SB_DFFE).
  Merging $auto$simplemap.cc:277:simplemap_mux$2161 (A=\tdi, B=1'0, S=$auto$simplemap.cc:309:simplemap_lut$1925) into $auto$simplemap.cc:420:simplemap_dff$1847 (SB_DFFE).
  Merging $auto$simplemap.cc:277:simplemap_mux$1961 (A=\tap0.ir_shift [1], B=1'1, S=$auto$simplemap.cc:309:simplemap_lut$1992) into $auto$simplemap.cc:420:simplemap_dff$1839 (SB_DFFE).
  Merging $auto$simplemap.cc:277:simplemap_mux$2197 (A=1'0, B=\tap0.dr_shift [0], S=$techmap\tap0.$logic_and$jtag_tap.v:272$12_Y) into $auto$simplemap.cc:420:simplemap_dff$1881 (SB_DFF).
  Merging $auto$simplemap.cc:277:simplemap_mux$2199 (A=1'0, B=\tap0.dr_shift [2], S=$techmap\tap0.$logic_and$jtag_tap.v:272$12_Y) into $auto$simplemap.cc:420:simplemap_dff$1882 (SB_DFF).
  Merging $auto$simplemap.cc:277:simplemap_mux$3290 (A=$techmap\CPU.$procmux$499_Y [2], B=1'0, S=\CPU.debug_reset_req) into $auto$simplemap.cc:420:simplemap_dff$2368 (SB_DFFE).
  Merging $auto$simplemap.cc:277:simplemap_mux$3291 (A=$techmap\CPU.$procmux$499_Y [3], B=1'0, S=\CPU.debug_reset_req) into $auto$simplemap.cc:420:simplemap_dff$2369 (SB_DFFE).
  Merging $auto$simplemap.cc:277:simplemap_mux$3292 (A=$techmap\CPU.$procmux$499_Y [4], B=1'0, S=\CPU.debug_reset_req) into $auto$simplemap.cc:420:simplemap_dff$2370 (SB_DFFE).
  Merging $auto$simplemap.cc:277:simplemap_mux$3293 (A=$techmap\CPU.$procmux$499_Y [5], B=1'0, S=\CPU.debug_reset_req) into $auto$simplemap.cc:420:simplemap_dff$2371 (SB_DFFE).
  Merging $auto$simplemap.cc:277:simplemap_mux$3295 (A=$techmap\CPU.$procmux$499_Y [7], B=1'0, S=\CPU.debug_reset_req) into $auto$simplemap.cc:420:simplemap_dff$2373 (SB_DFFE).
  Merging $auto$simplemap.cc:277:simplemap_mux$3296 (A=$techmap\CPU.$procmux$499_Y [8], B=1'0, S=\CPU.debug_reset_req) into $auto$simplemap.cc:420:simplemap_dff$2374 (SB_DFFE).
  Merging $auto$simplemap.cc:277:simplemap_mux$3297 (A=$techmap\CPU.$procmux$499_Y [9], B=1'0, S=\CPU.debug_reset_req) into $auto$simplemap.cc:420:simplemap_dff$2375 (SB_DFFE).
  Merging $auto$simplemap.cc:277:simplemap_mux$3298 (A=$techmap\CPU.$procmux$499_Y [10], B=1'0, S=\CPU.debug_reset_req) into $auto$simplemap.cc:420:simplemap_dff$2376 (SB_DFFE).
  Merging $auto$simplemap.cc:277:simplemap_mux$3299 (A=$techmap\CPU.$procmux$499_Y [11], B=1'0, S=\CPU.debug_reset_req) into $auto$simplemap.cc:420:simplemap_dff$2377 (SB_DFFE).
  Merging $auto$simplemap.cc:277:simplemap_mux$3300 (A=$techmap\CPU.$procmux$499_Y [12], B=1'0, S=\CPU.debug_reset_req) into $auto$simplemap.cc:420:simplemap_dff$2378 (SB_DFFE).
  Merging $auto$simplemap.cc:277:simplemap_mux$3301 (A=$techmap\CPU.$procmux$499_Y [13], B=1'0, S=\CPU.debug_reset_req) into $auto$simplemap.cc:420:simplemap_dff$2379 (SB_DFFE).
  Merging $auto$simplemap.cc:277:simplemap_mux$3302 (A=$techmap\CPU.$procmux$499_Y [14], B=1'0, S=\CPU.debug_reset_req) into $auto$simplemap.cc:420:simplemap_dff$2380 (SB_DFFE).
  Merging $auto$simplemap.cc:277:simplemap_mux$3303 (A=$techmap\CPU.$procmux$499_Y [15], B=1'0, S=\CPU.debug_reset_req) into $auto$simplemap.cc:420:simplemap_dff$2381 (SB_DFFE).
  Merging $auto$simplemap.cc:277:simplemap_mux$3304 (A=$techmap\CPU.$procmux$499_Y [16], B=1'0, S=\CPU.debug_reset_req) into $auto$simplemap.cc:420:simplemap_dff$2382 (SB_DFFE).
  Merging $auto$simplemap.cc:277:simplemap_mux$3305 (A=$techmap\CPU.$procmux$499_Y [17], B=1'0, S=\CPU.debug_reset_req) into $auto$simplemap.cc:420:simplemap_dff$2383 (SB_DFFE).
  Merging $auto$simplemap.cc:277:simplemap_mux$3306 (A=$techmap\CPU.$procmux$499_Y [18], B=1'0, S=\CPU.debug_reset_req) into $auto$simplemap.cc:420:simplemap_dff$2384 (SB_DFFE).
  Merging $auto$simplemap.cc:277:simplemap_mux$3307 (A=$techmap\CPU.$procmux$499_Y [19], B=1'0, S=\CPU.debug_reset_req) into $auto$simplemap.cc:420:simplemap_dff$2385 (SB_DFFE).
  Merging $auto$simplemap.cc:277:simplemap_mux$3308 (A=$techmap\CPU.$procmux$499_Y [20], B=1'0, S=\CPU.debug_reset_req) into $auto$simplemap.cc:420:simplemap_dff$2386 (SB_DFFE).
  Merging $auto$simplemap.cc:277:simplemap_mux$3309 (A=$techmap\CPU.$procmux$499_Y [21], B=1'0, S=\CPU.debug_reset_req) into $auto$simplemap.cc:420:simplemap_dff$2387 (SB_DFFE).
  Merging $auto$simplemap.cc:277:simplemap_mux$3310 (A=$techmap\CPU.$procmux$499_Y [22], B=1'0, S=\CPU.debug_reset_req) into $auto$simplemap.cc:420:simplemap_dff$2388 (SB_DFFE).
  Merging $auto$simplemap.cc:277:simplemap_mux$3311 (A=$techmap\CPU.$procmux$499_Y [23], B=1'0, S=\CPU.debug_reset_req) into $auto$simplemap.cc:420:simplemap_dff$2389 (SB_DFFE).
  Merging $auto$simplemap.cc:277:simplemap_mux$3312 (A=$techmap\CPU.$procmux$499_Y [24], B=1'0, S=\CPU.debug_reset_req) into $auto$simplemap.cc:420:simplemap_dff$2390 (SB_DFFE).
  Merging $auto$simplemap.cc:277:simplemap_mux$3313 (A=$techmap\CPU.$procmux$499_Y [25], B=1'0, S=\CPU.debug_reset_req) into $auto$simplemap.cc:420:simplemap_dff$2391 (SB_DFFE).
  Merging $auto$simplemap.cc:277:simplemap_mux$3314 (A=$techmap\CPU.$procmux$499_Y [26], B=1'0, S=\CPU.debug_reset_req) into $auto$simplemap.cc:420:simplemap_dff$2392 (SB_DFFE).
  Merging $auto$simplemap.cc:277:simplemap_mux$3315 (A=$techmap\CPU.$procmux$499_Y [27], B=1'0, S=\CPU.debug_reset_req) into $auto$simplemap.cc:420:simplemap_dff$2393 (SB_DFFE).
  Merging $auto$simplemap.cc:277:simplemap_mux$3316 (A=$techmap\CPU.$procmux$499_Y [28], B=1'0, S=\CPU.debug_reset_req) into $auto$simplemap.cc:420:simplemap_dff$2394 (SB_DFFE).
  Merging $auto$simplemap.cc:277:simplemap_mux$3318 (A=$techmap\CPU.$procmux$499_Y [30], B=1'0, S=\CPU.debug_reset_req) into $auto$simplemap.cc:420:simplemap_dff$2396 (SB_DFFE).
  Merging $auto$simplemap.cc:277:simplemap_mux$3319 (A=$techmap\CPU.$procmux$499_Y [31], B=1'0, S=\CPU.debug_reset_req) into $auto$simplemap.cc:420:simplemap_dff$2397 (SB_DFFE).
  Merging $auto$simplemap.cc:277:simplemap_mux$3317 (A=$techmap\CPU.$procmux$499_Y [29], B=1'0, S=\CPU.debug_reset_req) into $auto$simplemap.cc:420:simplemap_dff$2395 (SB_DFFE).
  Merging $auto$simplemap.cc:277:simplemap_mux$3288 (A=$techmap\CPU.$procmux$499_Y [0], B=1'0, S=\CPU.debug_reset_req) into $auto$simplemap.cc:420:simplemap_dff$2366 (SB_DFFE).
  Merging $auto$simplemap.cc:277:simplemap_mux$3128 (A=$techmap\CPU.$procmux$534_Y [0], B=1'0, S=\CPU.debug_reset_req) into $auto$simplemap.cc:420:simplemap_dff$2430 (SB_DFFE).
  Merging $auto$simplemap.cc:277:simplemap_mux$3129 (A=$techmap\CPU.$procmux$534_Y [1], B=1'0, S=\CPU.debug_reset_req) into $auto$simplemap.cc:420:simplemap_dff$2431 (SB_DFFE).
  Merging $auto$simplemap.cc:277:simplemap_mux$3130 (A=$techmap\CPU.$procmux$534_Y [2], B=1'0, S=\CPU.debug_reset_req) into $auto$simplemap.cc:420:simplemap_dff$2432 (SB_DFFE).
  Merging $auto$simplemap.cc:277:simplemap_mux$3124 (A=$techmap\CPU.$procmux$544_Y, B=1'0, S=\CPU.debug_reset_req) into $auto$simplemap.cc:420:simplemap_dff$2433 (SB_DFF).
  Merging $auto$simplemap.cc:277:simplemap_mux$5371 (A=1'0, B=$techmap\TIMER.$procmux$640_Y, S=\CW.resetn) into $auto$simplemap.cc:420:simplemap_dff$4979 (SB_DFF).
  Merging $auto$simplemap.cc:277:simplemap_mux$5046 (A=1'0, B=\CPU.rs2 [3], S=\CW.resetn) into $auto$simplemap.cc:420:simplemap_dff$4901 (SB_DFFE).
  Merging $auto$simplemap.cc:277:simplemap_mux$5044 (A=1'0, B=\CPU.rs2 [1], S=\CW.resetn) into $auto$simplemap.cc:420:simplemap_dff$4899 (SB_DFFE).
  Merging $auto$simplemap.cc:277:simplemap_mux$5045 (A=1'0, B=\CPU.rs2 [2], S=\CW.resetn) into $auto$simplemap.cc:420:simplemap_dff$4900 (SB_DFFE).
  Merging $auto$simplemap.cc:277:simplemap_mux$5047 (A=1'0, B=\CPU.rs2 [4], S=\CW.resetn) into $auto$simplemap.cc:420:simplemap_dff$4902 (SB_DFFE).
  Merging $auto$simplemap.cc:277:simplemap_mux$5048 (A=1'0, B=\CPU.rs2 [5], S=\CW.resetn) into $auto$simplemap.cc:420:simplemap_dff$4903 (SB_DFFE).
  Merging $auto$simplemap.cc:277:simplemap_mux$5049 (A=1'0, B=\CPU.rs2 [6], S=\CW.resetn) into $auto$simplemap.cc:420:simplemap_dff$4904 (SB_DFFE).
  Merging $auto$simplemap.cc:277:simplemap_mux$5051 (A=1'0, B=\GPIO.bus_wdata [8], S=\CW.resetn) into $auto$simplemap.cc:420:simplemap_dff$4906 (SB_DFFE).
  Merging $auto$simplemap.cc:277:simplemap_mux$5052 (A=1'0, B=\GPIO.bus_wdata [9], S=\CW.resetn) into $auto$simplemap.cc:420:simplemap_dff$4907 (SB_DFFE).
  Merging $auto$simplemap.cc:277:simplemap_mux$5053 (A=1'0, B=\GPIO.bus_wdata [10], S=\CW.resetn) into $auto$simplemap.cc:420:simplemap_dff$4908 (SB_DFFE).
  Merging $auto$simplemap.cc:277:simplemap_mux$5054 (A=1'0, B=\GPIO.bus_wdata [11], S=\CW.resetn) into $auto$simplemap.cc:420:simplemap_dff$4909 (SB_DFFE).
  Merging $auto$simplemap.cc:277:simplemap_mux$5055 (A=1'0, B=\GPIO.bus_wdata [12], S=\CW.resetn) into $auto$simplemap.cc:420:simplemap_dff$4910 (SB_DFFE).
  Merging $auto$simplemap.cc:277:simplemap_mux$5056 (A=1'0, B=\GPIO.bus_wdata [13], S=\CW.resetn) into $auto$simplemap.cc:420:simplemap_dff$4911 (SB_DFFE).
  Merging $auto$simplemap.cc:277:simplemap_mux$5057 (A=1'0, B=\GPIO.bus_wdata [14], S=\CW.resetn) into $auto$simplemap.cc:420:simplemap_dff$4912 (SB_DFFE).
  Merging $auto$simplemap.cc:277:simplemap_mux$5058 (A=1'0, B=\GPIO.bus_wdata [15], S=\CW.resetn) into $auto$simplemap.cc:420:simplemap_dff$4913 (SB_DFFE).
  Merging $auto$simplemap.cc:277:simplemap_mux$5059 (A=1'0, B=\GPIO.bus_wdata [16], S=\CW.resetn) into $auto$simplemap.cc:420:simplemap_dff$4914 (SB_DFFE).
  Merging $auto$simplemap.cc:277:simplemap_mux$5060 (A=1'0, B=\GPIO.bus_wdata [17], S=\CW.resetn) into $auto$simplemap.cc:420:simplemap_dff$4915 (SB_DFFE).
  Merging $auto$simplemap.cc:277:simplemap_mux$5061 (A=1'0, B=\GPIO.bus_wdata [18], S=\CW.resetn) into $auto$simplemap.cc:420:simplemap_dff$4916 (SB_DFFE).
  Merging $auto$simplemap.cc:277:simplemap_mux$5062 (A=1'0, B=\GPIO.bus_wdata [19], S=\CW.resetn) into $auto$simplemap.cc:420:simplemap_dff$4917 (SB_DFFE).
  Merging $auto$simplemap.cc:277:simplemap_mux$5063 (A=1'0, B=\GPIO.bus_wdata [20], S=\CW.resetn) into $auto$simplemap.cc:420:simplemap_dff$4918 (SB_DFFE).
  Merging $auto$simplemap.cc:277:simplemap_mux$5064 (A=1'0, B=\GPIO.bus_wdata [21], S=\CW.resetn) into $auto$simplemap.cc:420:simplemap_dff$4919 (SB_DFFE).
  Merging $auto$simplemap.cc:277:simplemap_mux$5065 (A=1'0, B=\GPIO.bus_wdata [22], S=\CW.resetn) into $auto$simplemap.cc:420:simplemap_dff$4920 (SB_DFFE).
  Merging $auto$simplemap.cc:277:simplemap_mux$5066 (A=1'0, B=\GPIO.bus_wdata [23], S=\CW.resetn) into $auto$simplemap.cc:420:simplemap_dff$4921 (SB_DFFE).
  Merging $auto$simplemap.cc:277:simplemap_mux$5067 (A=1'0, B=\GPIO.bus_wdata [24], S=\CW.resetn) into $auto$simplemap.cc:420:simplemap_dff$4922 (SB_DFFE).
  Merging $auto$simplemap.cc:277:simplemap_mux$5068 (A=1'0, B=\GPIO.bus_wdata [25], S=\CW.resetn) into $auto$simplemap.cc:420:simplemap_dff$4923 (SB_DFFE).
  Merging $auto$simplemap.cc:277:simplemap_mux$5069 (A=1'0, B=\GPIO.bus_wdata [26], S=\CW.resetn) into $auto$simplemap.cc:420:simplemap_dff$4924 (SB_DFFE).
  Merging $auto$simplemap.cc:277:simplemap_mux$5070 (A=1'0, B=\GPIO.bus_wdata [27], S=\CW.resetn) into $auto$simplemap.cc:420:simplemap_dff$4925 (SB_DFFE).
  Merging $auto$simplemap.cc:277:simplemap_mux$5071 (A=1'0, B=\GPIO.bus_wdata [28], S=\CW.resetn) into $auto$simplemap.cc:420:simplemap_dff$4926 (SB_DFFE).
  Merging $auto$simplemap.cc:277:simplemap_mux$5072 (A=1'0, B=\GPIO.bus_wdata [29], S=\CW.resetn) into $auto$simplemap.cc:420:simplemap_dff$4927 (SB_DFFE).
  Merging $auto$simplemap.cc:277:simplemap_mux$5073 (A=1'0, B=\GPIO.bus_wdata [30], S=\CW.resetn) into $auto$simplemap.cc:420:simplemap_dff$4928 (SB_DFFE).
  Merging $auto$simplemap.cc:277:simplemap_mux$5074 (A=1'0, B=\GPIO.bus_wdata [31], S=\CW.resetn) into $auto$simplemap.cc:420:simplemap_dff$4929 (SB_DFFE).
  Merging $auto$simplemap.cc:277:simplemap_mux$5107 (A=1'0, B=$techmap\TIMER.$procmux$688_Y [0], S=\CW.resetn) into $auto$simplemap.cc:420:simplemap_dff$4930 (SB_DFFE).
  Merging $auto$simplemap.cc:277:simplemap_mux$5108 (A=1'0, B=$techmap\TIMER.$procmux$688_Y [1], S=\CW.resetn) into $auto$simplemap.cc:420:simplemap_dff$4931 (SB_DFFE).
  Merging $auto$simplemap.cc:277:simplemap_mux$5109 (A=1'0, B=$techmap\TIMER.$procmux$688_Y [2], S=\CW.resetn) into $auto$simplemap.cc:420:simplemap_dff$4932 (SB_DFFE).
  Merging $auto$simplemap.cc:277:simplemap_mux$5110 (A=1'0, B=$techmap\TIMER.$procmux$688_Y [3], S=\CW.resetn) into $auto$simplemap.cc:420:simplemap_dff$4933 (SB_DFFE).
  Merging $auto$simplemap.cc:277:simplemap_mux$5111 (A=1'0, B=$techmap\TIMER.$procmux$688_Y [4], S=\CW.resetn) into $auto$simplemap.cc:420:simplemap_dff$4934 (SB_DFFE).
  Merging $auto$simplemap.cc:277:simplemap_mux$5112 (A=1'0, B=$techmap\TIMER.$procmux$688_Y [5], S=\CW.resetn) into $auto$simplemap.cc:420:simplemap_dff$4935 (SB_DFFE).
  Merging $auto$simplemap.cc:277:simplemap_mux$5113 (A=1'0, B=$techmap\TIMER.$procmux$688_Y [6], S=\CW.resetn) into $auto$simplemap.cc:420:simplemap_dff$4936 (SB_DFFE).
  Merging $auto$simplemap.cc:277:simplemap_mux$5043 (A=1'0, B=\CPU.rs2 [0], S=\CW.resetn) into $auto$simplemap.cc:420:simplemap_dff$4898 (SB_DFFE).
  Merging $auto$simplemap.cc:277:simplemap_mux$5114 (A=1'0, B=$techmap\TIMER.$procmux$688_Y [7], S=\CW.resetn) into $auto$simplemap.cc:420:simplemap_dff$4937 (SB_DFFE).
  Merging $auto$simplemap.cc:277:simplemap_mux$5116 (A=1'0, B=$techmap\TIMER.$procmux$688_Y [9], S=\CW.resetn) into $auto$simplemap.cc:420:simplemap_dff$4939 (SB_DFFE).
  Merging $auto$simplemap.cc:277:simplemap_mux$5117 (A=1'0, B=$techmap\TIMER.$procmux$688_Y [10], S=\CW.resetn) into $auto$simplemap.cc:420:simplemap_dff$4940 (SB_DFFE).
  Merging $auto$simplemap.cc:277:simplemap_mux$5118 (A=1'0, B=$techmap\TIMER.$procmux$688_Y [11], S=\CW.resetn) into $auto$simplemap.cc:420:simplemap_dff$4941 (SB_DFFE).
  Merging $auto$simplemap.cc:277:simplemap_mux$5119 (A=1'0, B=$techmap\TIMER.$procmux$688_Y [12], S=\CW.resetn) into $auto$simplemap.cc:420:simplemap_dff$4942 (SB_DFFE).
  Merging $auto$simplemap.cc:277:simplemap_mux$5120 (A=1'0, B=$techmap\TIMER.$procmux$688_Y [13], S=\CW.resetn) into $auto$simplemap.cc:420:simplemap_dff$4943 (SB_DFFE).
  Merging $auto$simplemap.cc:277:simplemap_mux$5121 (A=1'0, B=$techmap\TIMER.$procmux$688_Y [14], S=\CW.resetn) into $auto$simplemap.cc:420:simplemap_dff$4944 (SB_DFFE).
  Merging $auto$simplemap.cc:277:simplemap_mux$5178 (A=1'0, B=$techmap\TIMER.$procmux$677_Y [7], S=\CW.resetn) into $auto$simplemap.cc:420:simplemap_dff$4954 (SB_DFFE).
  Merging $auto$simplemap.cc:277:simplemap_mux$5122 (A=1'0, B=$techmap\TIMER.$procmux$688_Y [15], S=\CW.resetn) into $auto$simplemap.cc:420:simplemap_dff$4945 (SB_DFFE).
  Merging $auto$simplemap.cc:277:simplemap_mux$5172 (A=1'0, B=$techmap\TIMER.$procmux$677_Y [1], S=\CW.resetn) into $auto$simplemap.cc:420:simplemap_dff$4948 (SB_DFFE).
  Merging $auto$simplemap.cc:277:simplemap_mux$5173 (A=1'0, B=$techmap\TIMER.$procmux$677_Y [2], S=\CW.resetn) into $auto$simplemap.cc:420:simplemap_dff$4949 (SB_DFFE).
  Merging $auto$simplemap.cc:277:simplemap_mux$5174 (A=1'0, B=$techmap\TIMER.$procmux$677_Y [3], S=\CW.resetn) into $auto$simplemap.cc:420:simplemap_dff$4950 (SB_DFFE).
  Merging $auto$simplemap.cc:277:simplemap_mux$5175 (A=1'0, B=$techmap\TIMER.$procmux$677_Y [4], S=\CW.resetn) into $auto$simplemap.cc:420:simplemap_dff$4951 (SB_DFFE).
  Merging $auto$simplemap.cc:277:simplemap_mux$5176 (A=1'0, B=$techmap\TIMER.$procmux$677_Y [5], S=\CW.resetn) into $auto$simplemap.cc:420:simplemap_dff$4952 (SB_DFFE).
  Merging $auto$simplemap.cc:277:simplemap_mux$5115 (A=1'0, B=$techmap\TIMER.$procmux$688_Y [8], S=\CW.resetn) into $auto$simplemap.cc:420:simplemap_dff$4938 (SB_DFFE).
  Merging $auto$simplemap.cc:277:simplemap_mux$5177 (A=1'0, B=$techmap\TIMER.$procmux$677_Y [6], S=\CW.resetn) into $auto$simplemap.cc:420:simplemap_dff$4953 (SB_DFFE).
  Merging $auto$simplemap.cc:277:simplemap_mux$5179 (A=1'0, B=$techmap\TIMER.$procmux$677_Y [8], S=\CW.resetn) into $auto$simplemap.cc:420:simplemap_dff$4955 (SB_DFFE).
  Merging $auto$simplemap.cc:277:simplemap_mux$5180 (A=1'0, B=$techmap\TIMER.$procmux$677_Y [9], S=\CW.resetn) into $auto$simplemap.cc:420:simplemap_dff$4956 (SB_DFFE).
  Merging $auto$simplemap.cc:277:simplemap_mux$5181 (A=1'0, B=$techmap\TIMER.$procmux$677_Y [10], S=\CW.resetn) into $auto$simplemap.cc:420:simplemap_dff$4957 (SB_DFFE).
  Merging $auto$simplemap.cc:277:simplemap_mux$5182 (A=1'0, B=$techmap\TIMER.$procmux$677_Y [11], S=\CW.resetn) into $auto$simplemap.cc:420:simplemap_dff$4958 (SB_DFFE).
  Merging $auto$simplemap.cc:277:simplemap_mux$5183 (A=1'0, B=$techmap\TIMER.$procmux$677_Y [12], S=\CW.resetn) into $auto$simplemap.cc:420:simplemap_dff$4959 (SB_DFFE).
  Merging $auto$simplemap.cc:277:simplemap_mux$5184 (A=1'0, B=$techmap\TIMER.$procmux$677_Y [13], S=\CW.resetn) into $auto$simplemap.cc:420:simplemap_dff$4960 (SB_DFFE).
  Merging $auto$simplemap.cc:277:simplemap_mux$5185 (A=1'0, B=$techmap\TIMER.$procmux$677_Y [14], S=\CW.resetn) into $auto$simplemap.cc:420:simplemap_dff$4961 (SB_DFFE).
  Merging $auto$simplemap.cc:277:simplemap_mux$5186 (A=1'0, B=$techmap\TIMER.$procmux$677_Y [15], S=\CW.resetn) into $auto$simplemap.cc:420:simplemap_dff$4962 (SB_DFFE).
  Merging $auto$simplemap.cc:277:simplemap_mux$5187 (A=1'0, B=$techmap\TIMER.$procmux$677_Y [16], S=\CW.resetn) into $auto$simplemap.cc:420:simplemap_dff$4963 (SB_DFFE).
  Merging $auto$simplemap.cc:277:simplemap_mux$5188 (A=1'0, B=$techmap\TIMER.$procmux$677_Y [17], S=\CW.resetn) into $auto$simplemap.cc:420:simplemap_dff$4964 (SB_DFFE).
  Merging $auto$simplemap.cc:277:simplemap_mux$5189 (A=1'0, B=$techmap\TIMER.$procmux$677_Y [18], S=\CW.resetn) into $auto$simplemap.cc:420:simplemap_dff$4965 (SB_DFFE).
  Merging $auto$simplemap.cc:277:simplemap_mux$5190 (A=1'0, B=$techmap\TIMER.$procmux$677_Y [19], S=\CW.resetn) into $auto$simplemap.cc:420:simplemap_dff$4966 (SB_DFFE).
  Merging $auto$simplemap.cc:277:simplemap_mux$5191 (A=1'0, B=$techmap\TIMER.$procmux$677_Y [20], S=\CW.resetn) into $auto$simplemap.cc:420:simplemap_dff$4967 (SB_DFFE).
  Merging $auto$simplemap.cc:277:simplemap_mux$5192 (A=1'0, B=$techmap\TIMER.$procmux$677_Y [21], S=\CW.resetn) into $auto$simplemap.cc:420:simplemap_dff$4968 (SB_DFFE).
  Merging $auto$simplemap.cc:277:simplemap_mux$5193 (A=1'0, B=$techmap\TIMER.$procmux$677_Y [22], S=\CW.resetn) into $auto$simplemap.cc:420:simplemap_dff$4969 (SB_DFFE).
  Merging $auto$simplemap.cc:277:simplemap_mux$5194 (A=1'0, B=$techmap\TIMER.$procmux$677_Y [23], S=\CW.resetn) into $auto$simplemap.cc:420:simplemap_dff$4970 (SB_DFFE).
  Merging $auto$simplemap.cc:277:simplemap_mux$5195 (A=1'0, B=$techmap\TIMER.$procmux$677_Y [24], S=\CW.resetn) into $auto$simplemap.cc:420:simplemap_dff$4971 (SB_DFFE).
  Merging $auto$simplemap.cc:277:simplemap_mux$5196 (A=1'0, B=$techmap\TIMER.$procmux$677_Y [25], S=\CW.resetn) into $auto$simplemap.cc:420:simplemap_dff$4972 (SB_DFFE).
  Merging $auto$simplemap.cc:277:simplemap_mux$5197 (A=1'0, B=$techmap\TIMER.$procmux$677_Y [26], S=\CW.resetn) into $auto$simplemap.cc:420:simplemap_dff$4973 (SB_DFFE).
  Merging $auto$simplemap.cc:277:simplemap_mux$5198 (A=1'0, B=$techmap\TIMER.$procmux$677_Y [27], S=\CW.resetn) into $auto$simplemap.cc:420:simplemap_dff$4974 (SB_DFFE).
  Merging $auto$simplemap.cc:277:simplemap_mux$5199 (A=1'0, B=$techmap\TIMER.$procmux$677_Y [28], S=\CW.resetn) into $auto$simplemap.cc:420:simplemap_dff$4975 (SB_DFFE).
  Merging $auto$simplemap.cc:277:simplemap_mux$5200 (A=1'0, B=$techmap\TIMER.$procmux$677_Y [29], S=\CW.resetn) into $auto$simplemap.cc:420:simplemap_dff$4976 (SB_DFFE).
  Merging $auto$simplemap.cc:277:simplemap_mux$5201 (A=1'0, B=$techmap\TIMER.$procmux$677_Y [30], S=\CW.resetn) into $auto$simplemap.cc:420:simplemap_dff$4977 (SB_DFFE).
  Merging $auto$simplemap.cc:277:simplemap_mux$5050 (A=1'0, B=\CPU.rs2 [7], S=\CW.resetn) into $auto$simplemap.cc:420:simplemap_dff$4905 (SB_DFFE).
  Merging $auto$simplemap.cc:277:simplemap_mux$5202 (A=1'0, B=$techmap\TIMER.$procmux$677_Y [31], S=\CW.resetn) into $auto$simplemap.cc:420:simplemap_dff$4978 (SB_DFFE).
  Merging $auto$simplemap.cc:277:simplemap_mux$5379 (A=1'0, B=\CPU.rs2 [1], S=\CW.resetn) into $auto$simplemap.cc:420:simplemap_dff$4980 (SB_DFFE).
  Merging $auto$simplemap.cc:277:simplemap_mux$5380 (A=1'0, B=\CPU.rs2 [2], S=\CW.resetn) into $auto$simplemap.cc:420:simplemap_dff$4981 (SB_DFFE).
  Merging $auto$simplemap.cc:277:simplemap_mux$5381 (A=1'0, B=\CPU.rs2 [3], S=\CW.resetn) into $auto$simplemap.cc:420:simplemap_dff$4982 (SB_DFFE).
  Merging $auto$simplemap.cc:277:simplemap_mux$5382 (A=1'0, B=\CPU.rs2 [4], S=\CW.resetn) into $auto$simplemap.cc:420:simplemap_dff$4983 (SB_DFFE).
  Merging $auto$simplemap.cc:277:simplemap_mux$5383 (A=1'0, B=\CPU.rs2 [5], S=\CW.resetn) into $auto$simplemap.cc:420:simplemap_dff$4984 (SB_DFFE).
  Merging $auto$simplemap.cc:277:simplemap_mux$5384 (A=1'0, B=\CPU.rs2 [6], S=\CW.resetn) into $auto$simplemap.cc:420:simplemap_dff$4985 (SB_DFFE).
  Merging $auto$simplemap.cc:277:simplemap_mux$5171 (A=1'0, B=$techmap\TIMER.$procmux$677_Y [0], S=\CW.resetn) into $auto$simplemap.cc:420:simplemap_dff$4947 (SB_DFFE).
  Merging $auto$simplemap.cc:277:simplemap_mux$5385 (A=1'0, B=\CPU.rs2 [7], S=\CW.resetn) into $auto$simplemap.cc:420:simplemap_dff$4986 (SB_DFFE).
  Merging $auto$simplemap.cc:277:simplemap_mux$5387 (A=1'0, B=\GPIO.bus_wdata [9], S=\CW.resetn) into $auto$simplemap.cc:420:simplemap_dff$4988 (SB_DFFE).
  Merging $auto$simplemap.cc:277:simplemap_mux$5388 (A=1'0, B=\GPIO.bus_wdata [10], S=\CW.resetn) into $auto$simplemap.cc:420:simplemap_dff$4989 (SB_DFFE).
  Merging $auto$simplemap.cc:277:simplemap_mux$5389 (A=1'0, B=\GPIO.bus_wdata [11], S=\CW.resetn) into $auto$simplemap.cc:420:simplemap_dff$4990 (SB_DFFE).
  Merging $auto$simplemap.cc:277:simplemap_mux$5390 (A=1'0, B=\GPIO.bus_wdata [12], S=\CW.resetn) into $auto$simplemap.cc:420:simplemap_dff$4991 (SB_DFFE).
  Merging $auto$simplemap.cc:277:simplemap_mux$5391 (A=1'0, B=\GPIO.bus_wdata [13], S=\CW.resetn) into $auto$simplemap.cc:420:simplemap_dff$4992 (SB_DFFE).
  Merging $auto$simplemap.cc:277:simplemap_mux$5392 (A=1'0, B=\GPIO.bus_wdata [14], S=\CW.resetn) into $auto$simplemap.cc:420:simplemap_dff$4993 (SB_DFFE).
  Merging $auto$simplemap.cc:277:simplemap_mux$5393 (A=1'0, B=\GPIO.bus_wdata [15], S=\CW.resetn) into $auto$simplemap.cc:420:simplemap_dff$4994 (SB_DFFE).
  Merging $auto$simplemap.cc:277:simplemap_mux$5394 (A=1'0, B=\GPIO.bus_wdata [16], S=\CW.resetn) into $auto$simplemap.cc:420:simplemap_dff$4995 (SB_DFFE).
  Merging $auto$simplemap.cc:277:simplemap_mux$5395 (A=1'0, B=\GPIO.bus_wdata [17], S=\CW.resetn) into $auto$simplemap.cc:420:simplemap_dff$4996 (SB_DFFE).
  Merging $auto$simplemap.cc:277:simplemap_mux$5396 (A=1'0, B=\GPIO.bus_wdata [18], S=\CW.resetn) into $auto$simplemap.cc:420:simplemap_dff$4997 (SB_DFFE).
  Merging $auto$simplemap.cc:277:simplemap_mux$5397 (A=1'0, B=\GPIO.bus_wdata [19], S=\CW.resetn) into $auto$simplemap.cc:420:simplemap_dff$4998 (SB_DFFE).
  Merging $auto$simplemap.cc:277:simplemap_mux$5398 (A=1'0, B=\GPIO.bus_wdata [20], S=\CW.resetn) into $auto$simplemap.cc:420:simplemap_dff$4999 (SB_DFFE).
  Merging $auto$simplemap.cc:277:simplemap_mux$5399 (A=1'0, B=\GPIO.bus_wdata [21], S=\CW.resetn) into $auto$simplemap.cc:420:simplemap_dff$5000 (SB_DFFE).
  Merging $auto$simplemap.cc:277:simplemap_mux$5400 (A=1'0, B=\GPIO.bus_wdata [22], S=\CW.resetn) into $auto$simplemap.cc:420:simplemap_dff$5001 (SB_DFFE).
  Merging $auto$simplemap.cc:277:simplemap_mux$5401 (A=1'0, B=\GPIO.bus_wdata [23], S=\CW.resetn) into $auto$simplemap.cc:420:simplemap_dff$5002 (SB_DFFE).
  Merging $auto$simplemap.cc:277:simplemap_mux$5402 (A=1'0, B=\GPIO.bus_wdata [24], S=\CW.resetn) into $auto$simplemap.cc:420:simplemap_dff$5003 (SB_DFFE).
  Merging $auto$simplemap.cc:277:simplemap_mux$5403 (A=1'0, B=\GPIO.bus_wdata [25], S=\CW.resetn) into $auto$simplemap.cc:420:simplemap_dff$5004 (SB_DFFE).
  Merging $auto$simplemap.cc:277:simplemap_mux$5404 (A=1'0, B=\GPIO.bus_wdata [26], S=\CW.resetn) into $auto$simplemap.cc:420:simplemap_dff$5005 (SB_DFFE).
  Merging $auto$simplemap.cc:277:simplemap_mux$5405 (A=1'0, B=\GPIO.bus_wdata [27], S=\CW.resetn) into $auto$simplemap.cc:420:simplemap_dff$5006 (SB_DFFE).
  Merging $auto$simplemap.cc:277:simplemap_mux$5406 (A=1'0, B=\GPIO.bus_wdata [28], S=\CW.resetn) into $auto$simplemap.cc:420:simplemap_dff$5007 (SB_DFFE).
  Merging $auto$simplemap.cc:277:simplemap_mux$5407 (A=1'0, B=\GPIO.bus_wdata [29], S=\CW.resetn) into $auto$simplemap.cc:420:simplemap_dff$5008 (SB_DFFE).
  Merging $auto$simplemap.cc:277:simplemap_mux$5408 (A=1'0, B=\GPIO.bus_wdata [30], S=\CW.resetn) into $auto$simplemap.cc:420:simplemap_dff$5009 (SB_DFFE).
  Merging $auto$simplemap.cc:277:simplemap_mux$5409 (A=1'0, B=\GPIO.bus_wdata [31], S=\CW.resetn) into $auto$simplemap.cc:420:simplemap_dff$5010 (SB_DFFE).
  Merging $auto$simplemap.cc:277:simplemap_mux$5482 (A=1'0, B=$techmap$techmap\TIMER.$procmux$605.$ternary$/usr/bin/../share/yosys/techmap.v:445$4779_Y [0], S=\CW.resetn) into $auto$simplemap.cc:420:simplemap_dff$5011 (SB_DFFE).
  Merging $auto$simplemap.cc:277:simplemap_mux$5483 (A=1'0, B=$techmap$techmap\TIMER.$procmux$605.$ternary$/usr/bin/../share/yosys/techmap.v:445$4779_Y [1], S=\CW.resetn) into $auto$simplemap.cc:420:simplemap_dff$5012 (SB_DFFE).
  Merging $auto$simplemap.cc:277:simplemap_mux$5484 (A=1'0, B=$techmap$techmap\TIMER.$procmux$605.$ternary$/usr/bin/../share/yosys/techmap.v:445$4779_Y [2], S=\CW.resetn) into $auto$simplemap.cc:420:simplemap_dff$5013 (SB_DFFE).
  Merging $auto$simplemap.cc:277:simplemap_mux$5485 (A=1'0, B=$techmap$techmap\TIMER.$procmux$605.$ternary$/usr/bin/../share/yosys/techmap.v:445$4779_Y [3], S=\CW.resetn) into $auto$simplemap.cc:420:simplemap_dff$5014 (SB_DFFE).
  Merging $auto$simplemap.cc:277:simplemap_mux$5486 (A=1'0, B=$techmap$techmap\TIMER.$procmux$605.$ternary$/usr/bin/../share/yosys/techmap.v:445$4779_Y [4], S=\CW.resetn) into $auto$simplemap.cc:420:simplemap_dff$5015 (SB_DFFE).
  Merging $auto$simplemap.cc:277:simplemap_mux$5487 (A=1'0, B=$techmap$techmap\TIMER.$procmux$605.$ternary$/usr/bin/../share/yosys/techmap.v:445$4779_Y [5], S=\CW.resetn) into $auto$simplemap.cc:420:simplemap_dff$5016 (SB_DFFE).
  Merging $auto$simplemap.cc:277:simplemap_mux$5488 (A=1'0, B=$techmap$techmap\TIMER.$procmux$605.$ternary$/usr/bin/../share/yosys/techmap.v:445$4779_Y [6], S=\CW.resetn) into $auto$simplemap.cc:420:simplemap_dff$5017 (SB_DFFE).
  Merging $auto$simplemap.cc:277:simplemap_mux$5386 (A=1'0, B=\GPIO.bus_wdata [8], S=\CW.resetn) into $auto$simplemap.cc:420:simplemap_dff$4987 (SB_DFFE).
  Merging $auto$simplemap.cc:277:simplemap_mux$5489 (A=1'0, B=$techmap$techmap\TIMER.$procmux$605.$ternary$/usr/bin/../share/yosys/techmap.v:445$4779_Y [7], S=\CW.resetn) into $auto$simplemap.cc:420:simplemap_dff$5018 (SB_DFFE).
  Merging $auto$simplemap.cc:277:simplemap_mux$5491 (A=1'0, B=$techmap$techmap\TIMER.$procmux$605.$ternary$/usr/bin/../share/yosys/techmap.v:445$4779_Y [9], S=\CW.resetn) into $auto$simplemap.cc:420:simplemap_dff$5020 (SB_DFFE).
  Merging $auto$simplemap.cc:277:simplemap_mux$5492 (A=1'0, B=$techmap$techmap\TIMER.$procmux$605.$ternary$/usr/bin/../share/yosys/techmap.v:445$4779_Y [10], S=\CW.resetn) into $auto$simplemap.cc:420:simplemap_dff$5021 (SB_DFFE).
  Merging $auto$simplemap.cc:277:simplemap_mux$5493 (A=1'0, B=$techmap$techmap\TIMER.$procmux$605.$ternary$/usr/bin/../share/yosys/techmap.v:445$4779_Y [11], S=\CW.resetn) into $auto$simplemap.cc:420:simplemap_dff$5022 (SB_DFFE).
  Merging $auto$simplemap.cc:277:simplemap_mux$5494 (A=1'0, B=$techmap$techmap\TIMER.$procmux$605.$ternary$/usr/bin/../share/yosys/techmap.v:445$4779_Y [12], S=\CW.resetn) into $auto$simplemap.cc:420:simplemap_dff$5023 (SB_DFFE).
  Merging $auto$simplemap.cc:277:simplemap_mux$5495 (A=1'0, B=$techmap$techmap\TIMER.$procmux$605.$ternary$/usr/bin/../share/yosys/techmap.v:445$4779_Y [13], S=\CW.resetn) into $auto$simplemap.cc:420:simplemap_dff$5024 (SB_DFFE).
  Merging $auto$simplemap.cc:277:simplemap_mux$5496 (A=1'0, B=$techmap$techmap\TIMER.$procmux$605.$ternary$/usr/bin/../share/yosys/techmap.v:445$4779_Y [14], S=\CW.resetn) into $auto$simplemap.cc:420:simplemap_dff$5025 (SB_DFFE).
  Merging $auto$simplemap.cc:277:simplemap_mux$5497 (A=1'0, B=$techmap$techmap\TIMER.$procmux$605.$ternary$/usr/bin/../share/yosys/techmap.v:445$4779_Y [15], S=\CW.resetn) into $auto$simplemap.cc:420:simplemap_dff$5026 (SB_DFFE).
  Merging $auto$simplemap.cc:277:simplemap_mux$5498 (A=1'0, B=$techmap$techmap\TIMER.$procmux$605.$ternary$/usr/bin/../share/yosys/techmap.v:445$4779_Y [16], S=\CW.resetn) into $auto$simplemap.cc:420:simplemap_dff$5027 (SB_DFFE).
  Merging $auto$simplemap.cc:277:simplemap_mux$5499 (A=1'0, B=$techmap$techmap\TIMER.$procmux$605.$ternary$/usr/bin/../share/yosys/techmap.v:445$4779_Y [17], S=\CW.resetn) into $auto$simplemap.cc:420:simplemap_dff$5028 (SB_DFFE).
  Merging $auto$simplemap.cc:277:simplemap_mux$5500 (A=1'0, B=$techmap$techmap\TIMER.$procmux$605.$ternary$/usr/bin/../share/yosys/techmap.v:445$4779_Y [18], S=\CW.resetn) into $auto$simplemap.cc:420:simplemap_dff$5029 (SB_DFFE).
  Merging $auto$simplemap.cc:277:simplemap_mux$5501 (A=1'0, B=$techmap$techmap\TIMER.$procmux$605.$ternary$/usr/bin/../share/yosys/techmap.v:445$4779_Y [19], S=\CW.resetn) into $auto$simplemap.cc:420:simplemap_dff$5030 (SB_DFFE).
  Merging $auto$simplemap.cc:277:simplemap_mux$5502 (A=1'0, B=$techmap$techmap\TIMER.$procmux$605.$ternary$/usr/bin/../share/yosys/techmap.v:445$4779_Y [20], S=\CW.resetn) into $auto$simplemap.cc:420:simplemap_dff$5031 (SB_DFFE).
  Merging $auto$simplemap.cc:277:simplemap_mux$5503 (A=1'0, B=$techmap$techmap\TIMER.$procmux$605.$ternary$/usr/bin/../share/yosys/techmap.v:445$4779_Y [21], S=\CW.resetn) into $auto$simplemap.cc:420:simplemap_dff$5032 (SB_DFFE).
  Merging $auto$simplemap.cc:277:simplemap_mux$5504 (A=1'0, B=$techmap$techmap\TIMER.$procmux$605.$ternary$/usr/bin/../share/yosys/techmap.v:445$4779_Y [22], S=\CW.resetn) into $auto$simplemap.cc:420:simplemap_dff$5033 (SB_DFFE).
  Merging $auto$simplemap.cc:277:simplemap_mux$5505 (A=1'0, B=$techmap$techmap\TIMER.$procmux$605.$ternary$/usr/bin/../share/yosys/techmap.v:445$4779_Y [23], S=\CW.resetn) into $auto$simplemap.cc:420:simplemap_dff$5034 (SB_DFFE).
  Merging $auto$simplemap.cc:277:simplemap_mux$5506 (A=1'0, B=$techmap$techmap\TIMER.$procmux$605.$ternary$/usr/bin/../share/yosys/techmap.v:445$4779_Y [24], S=\CW.resetn) into $auto$simplemap.cc:420:simplemap_dff$5035 (SB_DFFE).
  Merging $auto$simplemap.cc:277:simplemap_mux$5507 (A=1'0, B=$techmap$techmap\TIMER.$procmux$605.$ternary$/usr/bin/../share/yosys/techmap.v:445$4779_Y [25], S=\CW.resetn) into $auto$simplemap.cc:420:simplemap_dff$5036 (SB_DFFE).
  Merging $auto$simplemap.cc:277:simplemap_mux$5508 (A=1'0, B=$techmap$techmap\TIMER.$procmux$605.$ternary$/usr/bin/../share/yosys/techmap.v:445$4779_Y [26], S=\CW.resetn) into $auto$simplemap.cc:420:simplemap_dff$5037 (SB_DFFE).
  Merging $auto$simplemap.cc:277:simplemap_mux$5509 (A=1'0, B=$techmap$techmap\TIMER.$procmux$605.$ternary$/usr/bin/../share/yosys/techmap.v:445$4779_Y [27], S=\CW.resetn) into $auto$simplemap.cc:420:simplemap_dff$5038 (SB_DFFE).
  Merging $auto$simplemap.cc:277:simplemap_mux$5510 (A=1'0, B=$techmap$techmap\TIMER.$procmux$605.$ternary$/usr/bin/../share/yosys/techmap.v:445$4779_Y [28], S=\CW.resetn) into $auto$simplemap.cc:420:simplemap_dff$5039 (SB_DFFE).
  Merging $auto$simplemap.cc:277:simplemap_mux$5511 (A=1'0, B=$techmap$techmap\TIMER.$procmux$605.$ternary$/usr/bin/../share/yosys/techmap.v:445$4779_Y [29], S=\CW.resetn) into $auto$simplemap.cc:420:simplemap_dff$5040 (SB_DFFE).
  Merging $auto$simplemap.cc:277:simplemap_mux$5512 (A=1'0, B=$techmap$techmap\TIMER.$procmux$605.$ternary$/usr/bin/../share/yosys/techmap.v:445$4779_Y [30], S=\CW.resetn) into $auto$simplemap.cc:420:simplemap_dff$5041 (SB_DFFE).
  Merging $auto$simplemap.cc:277:simplemap_mux$5513 (A=1'0, B=$techmap$techmap\TIMER.$procmux$605.$ternary$/usr/bin/../share/yosys/techmap.v:445$4779_Y [31], S=\CW.resetn) into $auto$simplemap.cc:420:simplemap_dff$5042 (SB_DFFE).
  Merging $auto$simplemap.cc:277:simplemap_mux$5490 (A=1'0, B=$techmap$techmap\TIMER.$procmux$605.$ternary$/usr/bin/../share/yosys/techmap.v:445$4779_Y [8], S=\CW.resetn) into $auto$simplemap.cc:420:simplemap_dff$5019 (SB_DFFE).
  Merging $auto$simplemap.cc:277:simplemap_mux$5712 (A=1'0, B=\UART.data [1], S=\UART.cnt) into $auto$simplemap.cc:420:simplemap_dff$5698 (SB_DFFE).
  Merging $auto$simplemap.cc:277:simplemap_mux$3294 (A=$techmap\CPU.$procmux$499_Y [6], B=1'0, S=\CPU.debug_reset_req) into $auto$simplemap.cc:420:simplemap_dff$2372 (SB_DFFE).
  Merging $auto$simplemap.cc:277:simplemap_mux$5363 (A=1'0, B=$techmap\TIMER.$procmux$660_Y, S=\CW.resetn) into $auto$simplemap.cc:420:simplemap_dff$4946 (SB_DFF).
  Merging $auto$simplemap.cc:277:simplemap_mux$1964 (A=\tdi, B=1'0, S=$auto$simplemap.cc:309:simplemap_lut$1992) into $auto$simplemap.cc:420:simplemap_dff$1842 (SB_DFFE).
  Merging $auto$simplemap.cc:277:simplemap_mux$1963 (A=\tap0.ir_shift [3], B=1'0, S=$auto$simplemap.cc:309:simplemap_lut$1992) into $auto$simplemap.cc:420:simplemap_dff$1841 (SB_DFFE).
  Merging $auto$simplemap.cc:277:simplemap_mux$2198 (A=1'0, B=\tap0.dr_shift [1], S=$techmap\tap0.$logic_and$jtag_tap.v:272$12_Y) into $auto$simplemap.cc:420:simplemap_dff$1883 (SB_DFF).
  Merging $auto$simplemap.cc:277:simplemap_mux$3289 (A=$techmap\CPU.$procmux$499_Y [1], B=1'0, S=\CPU.debug_reset_req) into $auto$simplemap.cc:420:simplemap_dff$2367 (SB_DFFE).

4.39. Executing ICE40_OPT pass (performing simple optimizations).

4.39.1. Running ICE40 specific optimizations.

4.39.2. Executing OPT_EXPR pass (perform const folding).
Optimizing module SOC.
<suppressed ~336 debug messages>

4.39.3. Executing OPT_MERGE pass (detect identical cells).
Finding identical cells in module `\SOC'.
<suppressed ~6849 debug messages>
Removed a total of 2283 cells.

4.39.4. Executing OPT_RMDFF pass (remove dff with constant values).

4.39.5. Executing OPT_CLEAN pass (remove unused cells and wires).
Finding unused cells or wires in module \SOC..
Removed 160 unused cells and 4804 unused wires.
<suppressed ~161 debug messages>

4.39.6. Rerunning OPT passes. (Removed registers in this run.)

4.39.7. Running ICE40 specific optimizations.

4.39.8. Executing OPT_EXPR pass (perform const folding).
Optimizing module SOC.
<suppressed ~3 debug messages>

4.39.9. Executing OPT_MERGE pass (detect identical cells).
Finding identical cells in module `\SOC'.
Removed a total of 0 cells.

4.39.10. Executing OPT_RMDFF pass (remove dff with constant values).

4.39.11. Executing OPT_CLEAN pass (remove unused cells and wires).
Finding unused cells or wires in module \SOC..

4.39.12. Rerunning OPT passes. (Removed registers in this run.)

4.39.13. Running ICE40 specific optimizations.

4.39.14. Executing OPT_EXPR pass (perform const folding).
Optimizing module SOC.

4.39.15. Executing OPT_MERGE pass (detect identical cells).
Finding identical cells in module `\SOC'.
Removed a total of 0 cells.

4.39.16. Executing OPT_RMDFF pass (remove dff with constant values).

4.39.17. Executing OPT_CLEAN pass (remove unused cells and wires).
Finding unused cells or wires in module \SOC..

4.39.18. Finished OPT passes. (There is nothing left to do.)

4.40. Executing TECHMAP pass (map to technology primitives).

4.40.1. Executing Verilog-2005 frontend: /usr/bin/../share/yosys/ice40/latches_map.v
Parsing Verilog input from `/usr/bin/../share/yosys/ice40/latches_map.v' to AST representation.
Generating RTLIL representation for module `\$_DLATCH_N_'.
Generating RTLIL representation for module `\$_DLATCH_P_'.
Successfully finished Verilog frontend.

4.40.2. Continuing TECHMAP pass.
No more expansions possible.

4.41. Executing ABC pass (technology mapping using ABC).

4.41.1. Extracting gate netlist of module `\SOC' to `<abc-temp-dir>/input.blif'..
Extracted 2742 gates and 3508 wires to a netlist network with 764 inputs and 417 outputs.

4.41.1.1. Executing ABC.
Running ABC command: berkeley-abc -s -f <abc-temp-dir>/abc.script 2>&1
ABC: ABC command line: "source <abc-temp-dir>/abc.script".
ABC: 
ABC: + read_blif <abc-temp-dir>/input.blif 
ABC: + read_lut <abc-temp-dir>/lutdefs.txt 
ABC: + strash 
ABC: + ifraig 
ABC: + scorr 
ABC: Warning: The network is combinational (run "fraig" or "fraig_sweep").
ABC: + dc2 
ABC: + dretime 
ABC: + retime 
ABC: + strash 
ABC: + dch -f 
ABC: + if 
ABC: + mfs2 
ABC: + lutpack -S 1 
ABC: + dress 
ABC: Total number of equiv classes                =     849.
ABC: Participating nodes from both networks       =    1868.
ABC: Participating nodes from the first network   =     887. (  61.26 % of nodes)
ABC: Participating nodes from the second network  =     981. (  67.75 % of nodes)
ABC: Node pairs (any polarity)                    =     885. (  61.12 % of names can be moved)
ABC: Node pairs (same polarity)                   =     561. (  38.74 % of names can be moved)
ABC: Total runtime =     0.15 sec
ABC: + write_blif <abc-temp-dir>/output.blif 

4.41.1.2. Re-integrating ABC results.
ABC RESULTS:              $lut cells:     2894
ABC RESULTS:        internal signals:     2327
ABC RESULTS:           input signals:      764
ABC RESULTS:          output signals:      417
Removing temp directory.
Removed 0 unused cells and 1582 unused wires.

4.42. Executing TECHMAP pass (map to technology primitives).

4.42.1. Executing Verilog-2005 frontend: /usr/bin/../share/yosys/ice40/cells_map.v
Parsing Verilog input from `/usr/bin/../share/yosys/ice40/cells_map.v' to AST representation.
Generating RTLIL representation for module `\$_DFF_N_'.
Generating RTLIL representation for module `\$_DFF_P_'.
Generating RTLIL representation for module `\$_DFFE_NN_'.
Generating RTLIL representation for module `\$_DFFE_PN_'.
Generating RTLIL representation for module `\$_DFFE_NP_'.
Generating RTLIL representation for module `\$_DFFE_PP_'.
Generating RTLIL representation for module `\$_DFF_NN0_'.
Generating RTLIL representation for module `\$_DFF_NN1_'.
Generating RTLIL representation for module `\$_DFF_PN0_'.
Generating RTLIL representation for module `\$_DFF_PN1_'.
Generating RTLIL representation for module `\$_DFF_NP0_'.
Generating RTLIL representation for module `\$_DFF_NP1_'.
Generating RTLIL representation for module `\$_DFF_PP0_'.
Generating RTLIL representation for module `\$_DFF_PP1_'.
Generating RTLIL representation for module `\$__DFFE_NN0'.
Generating RTLIL representation for module `\$__DFFE_NN1'.
Generating RTLIL representation for module `\$__DFFE_PN0'.
Generating RTLIL representation for module `\$__DFFE_PN1'.
Generating RTLIL representation for module `\$__DFFE_NP0'.
Generating RTLIL representation for module `\$__DFFE_NP1'.
Generating RTLIL representation for module `\$__DFFE_PP0'.
Generating RTLIL representation for module `\$__DFFE_PP1'.
Generating RTLIL representation for module `\$lut'.
Successfully finished Verilog frontend.

4.42.2. Continuing TECHMAP pass.
Using template $paramod\$lut\WIDTH=2\LUT=4'1110 for cells of type $lut.
Using template $paramod\$lut\WIDTH=3\LUT=8'00110101 for cells of type $lut.
Using template $paramod\$lut\WIDTH=4\LUT=16'0000000000000001 for cells of type $lut.
Using template $paramod\$lut\WIDTH=4\LUT=16'1000000000000000 for cells of type $lut.
Using template $paramod\$lut\WIDTH=4\LUT=16'0100000000000000 for cells of type $lut.
Using template $paramod\$lut\WIDTH=2\LUT=4'0001 for cells of type $lut.
Using template $paramod\$lut\WIDTH=4\LUT=16'0001000111110000 for cells of type $lut.
Using template $paramod\$lut\WIDTH=3\LUT=8'00000001 for cells of type $lut.
Using template $paramod\$lut\WIDTH=3\LUT=8'11001010 for cells of type $lut.
Using template $paramod\$lut\WIDTH=3\LUT=8'01000000 for cells of type $lut.
Using template $paramod\$lut\WIDTH=2\LUT=4'1000 for cells of type $lut.
Using template $paramod\$lut\WIDTH=4\LUT=16'1111111100000111 for cells of type $lut.
Using template $paramod\$lut\WIDTH=3\LUT=8'00010000 for cells of type $lut.
Using template $paramod\$lut\WIDTH=4\LUT=16'0000011101110111 for cells of type $lut.
Using template $paramod\$lut\WIDTH=4\LUT=16'1110111100000000 for cells of type $lut.
Using template $paramod\$lut\WIDTH=4\LUT=16'0000101110111011 for cells of type $lut.
Using template $paramod\$lut\WIDTH=4\LUT=16'0000111111101110 for cells of type $lut.
Using template $paramod\$lut\WIDTH=3\LUT=8'11100000 for cells of type $lut.
Using template $paramod\$lut\WIDTH=2\LUT=4'0100 for cells of type $lut.
Using template $paramod\$lut\WIDTH=4\LUT=16'0000000000001110 for cells of type $lut.
Using template $paramod\$lut\WIDTH=4\LUT=16'1111100000000000 for cells of type $lut.
Using template $paramod\$lut\WIDTH=3\LUT=8'00000111 for cells of type $lut.
Using template $paramod\$lut\WIDTH=3\LUT=8'01001111 for cells of type $lut.
Using template $paramod\$lut\WIDTH=4\LUT=16'0000111110111011 for cells of type $lut.
Using template $paramod\$lut\WIDTH=3\LUT=8'01110000 for cells of type $lut.
Using template $paramod\$lut\WIDTH=4\LUT=16'1010110000000000 for cells of type $lut.
Using template $paramod\$lut\WIDTH=4\LUT=16'0001000000000000 for cells of type $lut.
Using template $paramod\$lut\WIDTH=4\LUT=16'0001111100000000 for cells of type $lut.
Using template $paramod\$lut\WIDTH=4\LUT=16'1100101000000000 for cells of type $lut.
Using template $paramod\$lut\WIDTH=3\LUT=8'10011111 for cells of type $lut.
Using template $paramod\$lut\WIDTH=2\LUT=4'1011 for cells of type $lut.
Using template $paramod\$lut\WIDTH=3\LUT=8'10000000 for cells of type $lut.
Using template $paramod\$lut\WIDTH=4\LUT=16'1110110000001110 for cells of type $lut.
Using template $paramod\$lut\WIDTH=4\LUT=16'0011010100110011 for cells of type $lut.
Using template $paramod\$lut\WIDTH=4\LUT=16'0000001100000101 for cells of type $lut.
Using template $paramod\$lut\WIDTH=4\LUT=16'0011010100000000 for cells of type $lut.
Using template $paramod\$lut\WIDTH=4\LUT=16'0001000100001111 for cells of type $lut.
Using template $paramod\$lut\WIDTH=4\LUT=16'0011101000000000 for cells of type $lut.
Using template $paramod\$lut\WIDTH=3\LUT=8'00001110 for cells of type $lut.
Using template $paramod\$lut\WIDTH=4\LUT=16'1010001100110011 for cells of type $lut.
Using template $paramod\$lut\WIDTH=3\LUT=8'11000101 for cells of type $lut.
Using template $paramod\$lut\WIDTH=4\LUT=16'0000000011101111 for cells of type $lut.
Using template $paramod\$lut\WIDTH=4\LUT=16'0000101000001100 for cells of type $lut.
Using template $paramod\$lut\WIDTH=4\LUT=16'1111000001000100 for cells of type $lut.
Using template $paramod\$lut\WIDTH=3\LUT=8'01000001 for cells of type $lut.
Using template $paramod\$lut\WIDTH=4\LUT=16'1001000000001001 for cells of type $lut.
Using template $paramod\$lut\WIDTH=4\LUT=16'0001000000000001 for cells of type $lut.
Using template $paramod\$lut\WIDTH=4\LUT=16'1011111111111111 for cells of type $lut.
Using template $paramod\$lut\WIDTH=3\LUT=8'10110000 for cells of type $lut.
Using template $paramod\$lut\WIDTH=4\LUT=16'0000000011110001 for cells of type $lut.
Using template $paramod\$lut\WIDTH=4\LUT=16'1000111100000000 for cells of type $lut.
Using template $paramod\$lut\WIDTH=3\LUT=8'00001011 for cells of type $lut.
Using template $paramod\$lut\WIDTH=3\LUT=8'10001111 for cells of type $lut.
Using template $paramod\$lut\WIDTH=4\LUT=16'0011010111111111 for cells of type $lut.
Using template $paramod\$lut\WIDTH=4\LUT=16'0000111000000000 for cells of type $lut.
Using template $paramod\$lut\WIDTH=3\LUT=8'00001101 for cells of type $lut.
Using template $paramod\$lut\WIDTH=3\LUT=8'01010011 for cells of type $lut.
Using template $paramod\$lut\WIDTH=4\LUT=16'0000000010111111 for cells of type $lut.
Using template $paramod\$lut\WIDTH=4\LUT=16'0001001111110001 for cells of type $lut.
Using template $paramod\$lut\WIDTH=4\LUT=16'0000000100000000 for cells of type $lut.
Using template $paramod\$lut\WIDTH=4\LUT=16'1000000011111111 for cells of type $lut.
Using template $paramod\$lut\WIDTH=4\LUT=16'0000001100001010 for cells of type $lut.
Using template $paramod\$lut\WIDTH=4\LUT=16'0000110100000000 for cells of type $lut.
Using template $paramod\$lut\WIDTH=4\LUT=16'0000000011111000 for cells of type $lut.
Using template $paramod\$lut\WIDTH=4\LUT=16'1000111110001000 for cells of type $lut.
Using template $paramod\$lut\WIDTH=3\LUT=8'11010000 for cells of type $lut.
Using template $paramod\$lut\WIDTH=3\LUT=8'10101100 for cells of type $lut.
Using template $paramod\$lut\WIDTH=4\LUT=16'0000000001001111 for cells of type $lut.
Using template $paramod\$lut\WIDTH=4\LUT=16'0000111101110111 for cells of type $lut.
Using template $paramod\$lut\WIDTH=4\LUT=16'0000011100000000 for cells of type $lut.
Using template $paramod\$lut\WIDTH=4\LUT=16'0000000000000111 for cells of type $lut.
Using template $paramod\$lut\WIDTH=4\LUT=16'0000000000011111 for cells of type $lut.
Using template $paramod\$lut\WIDTH=4\LUT=16'1111000000010001 for cells of type $lut.
Using template $paramod\$lut\WIDTH=4\LUT=16'1111010000000000 for cells of type $lut.
Using template $paramod\$lut\WIDTH=4\LUT=16'1111000100000000 for cells of type $lut.
Using template $paramod\$lut\WIDTH=1\LUT=2'01 for cells of type $lut.
Using template $paramod\$lut\WIDTH=4\LUT=16'0100111100000000 for cells of type $lut.
Using template $paramod\$lut\WIDTH=4\LUT=16'0101001100000000 for cells of type $lut.
Using template $paramod\$lut\WIDTH=4\LUT=16'1111001100000101 for cells of type $lut.
Using template $paramod\$lut\WIDTH=4\LUT=16'1111111111111000 for cells of type $lut.
Using template $paramod\$lut\WIDTH=3\LUT=8'10100011 for cells of type $lut.
Using template $paramod\$lut\WIDTH=4\LUT=16'0011111110100000 for cells of type $lut.
Using template $paramod\$lut\WIDTH=4\LUT=16'1111110000001010 for cells of type $lut.
Using template $paramod\$lut\WIDTH=4\LUT=16'1111000010111011 for cells of type $lut.
Using template $paramod\$lut\WIDTH=3\LUT=8'00010111 for cells of type $lut.
Using template $paramod\$lut\WIDTH=4\LUT=16'1100010100000000 for cells of type $lut.
Using template $paramod\$lut\WIDTH=4\LUT=16'0000000000001101 for cells of type $lut.
Using template $paramod\$lut\WIDTH=4\LUT=16'1100101011001100 for cells of type $lut.
Using template $paramod\$lut\WIDTH=4\LUT=16'1100111110100000 for cells of type $lut.
Using template $paramod\$lut\WIDTH=4\LUT=16'1111000001001111 for cells of type $lut.
Using template $paramod\$lut\WIDTH=2\LUT=4'0111 for cells of type $lut.
Using template $paramod\$lut\WIDTH=4\LUT=16'1011111100000000 for cells of type $lut.
Using template $paramod\$lut\WIDTH=4\LUT=16'1100110011001010 for cells of type $lut.
Using template $paramod\$lut\WIDTH=4\LUT=16'0000000000001011 for cells of type $lut.
Using template $paramod\$lut\WIDTH=4\LUT=16'1000001100000000 for cells of type $lut.
Using template $paramod\$lut\WIDTH=4\LUT=16'1100101011111111 for cells of type $lut.
Using template $paramod\$lut\WIDTH=4\LUT=16'1111110011110101 for cells of type $lut.
Using template $paramod\$lut\WIDTH=4\LUT=16'0000110000000101 for cells of type $lut.
Using template $paramod\$lut\WIDTH=3\LUT=8'11110100 for cells of type $lut.
Using template $paramod\$lut\WIDTH=4\LUT=16'0000000010001111 for cells of type $lut.
Using template $paramod\$lut\WIDTH=2\LUT=4'0110 for cells of type $lut.
Using template $paramod\$lut\WIDTH=4\LUT=16'0111111111111111 for cells of type $lut.
Using template $paramod\$lut\WIDTH=4\LUT=16'1110001111111111 for cells of type $lut.
Using template $paramod\$lut\WIDTH=4\LUT=16'0000101100000000 for cells of type $lut.
Using template $paramod\$lut\WIDTH=4\LUT=16'0100010000001111 for cells of type $lut.
Using template $paramod\$lut\WIDTH=4\LUT=16'0111111100000000 for cells of type $lut.
Using template $paramod\$lut\WIDTH=4\LUT=16'0100010011110000 for cells of type $lut.
Using template $paramod\$lut\WIDTH=4\LUT=16'1111110111001111 for cells of type $lut.
Using template $paramod\$lut\WIDTH=4\LUT=16'1111001111111010 for cells of type $lut.
Using template $paramod\$lut\WIDTH=3\LUT=8'00111010 for cells of type $lut.
Using template $paramod\$lut\WIDTH=4\LUT=16'1011111011111111 for cells of type $lut.
Using template $paramod\$lut\WIDTH=4\LUT=16'0000000101000000 for cells of type $lut.
Using template $paramod\$lut\WIDTH=4\LUT=16'1111000011101110 for cells of type $lut.
Using template $paramod\$lut\WIDTH=4\LUT=16'0000111011101110 for cells of type $lut.
Using template $paramod\$lut\WIDTH=3\LUT=8'01100000 for cells of type $lut.
Using template $paramod\$lut\WIDTH=4\LUT=16'1111100010001000 for cells of type $lut.
Using template $paramod\$lut\WIDTH=4\LUT=16'1100010111111111 for cells of type $lut.
Using template $paramod\$lut\WIDTH=2\LUT=4'1001 for cells of type $lut.
Using template $paramod\$lut\WIDTH=4\LUT=16'0000000011110100 for cells of type $lut.
Using template $paramod\$lut\WIDTH=4\LUT=16'1111111101110000 for cells of type $lut.
Using template $paramod\$lut\WIDTH=4\LUT=16'1100110011000101 for cells of type $lut.
Using template $paramod\$lut\WIDTH=4\LUT=16'1010110011001100 for cells of type $lut.
Using template $paramod\$lut\WIDTH=4\LUT=16'0000010100000011 for cells of type $lut.
Using template $paramod\$lut\WIDTH=4\LUT=16'1111001011111111 for cells of type $lut.
Using template $paramod\$lut\WIDTH=4\LUT=16'1101010100110000 for cells of type $lut.
Using template $paramod\$lut\WIDTH=4\LUT=16'1101111000111101 for cells of type $lut.
Using template $paramod\$lut\WIDTH=3\LUT=8'11101111 for cells of type $lut.
Using template $paramod\$lut\WIDTH=4\LUT=16'0001000011111111 for cells of type $lut.
Using template $paramod\$lut\WIDTH=4\LUT=16'1111111011110001 for cells of type $lut.
Using template $paramod\$lut\WIDTH=4\LUT=16'1111010001000100 for cells of type $lut.
Using template $paramod\$lut\WIDTH=4\LUT=16'1111111110000000 for cells of type $lut.
Using template $paramod\$lut\WIDTH=4\LUT=16'1111111100010000 for cells of type $lut.
Using template $paramod\$lut\WIDTH=4\LUT=16'0101001100110011 for cells of type $lut.
Using template $paramod\$lut\WIDTH=3\LUT=8'11110001 for cells of type $lut.
Using template $paramod\$lut\WIDTH=4\LUT=16'0000011111111111 for cells of type $lut.
Using template $paramod\$lut\WIDTH=4\LUT=16'1001000000000000 for cells of type $lut.
Using template $paramod\$lut\WIDTH=3\LUT=8'00011111 for cells of type $lut.
Using template $paramod\$lut\WIDTH=4\LUT=16'0000001101011111 for cells of type $lut.
Using template $paramod\$lut\WIDTH=4\LUT=16'1111111110110000 for cells of type $lut.
Using template $paramod\$lut\WIDTH=4\LUT=16'0111011111110000 for cells of type $lut.
Using template $paramod\$lut\WIDTH=4\LUT=16'0101010111000011 for cells of type $lut.
Using template $paramod\$lut\WIDTH=4\LUT=16'0000000100010000 for cells of type $lut.
No more expansions possible.
<suppressed ~3009 debug messages>
Removed 0 unused cells and 2894 unused wires.

4.43. Executing HIERARCHY pass (managing design hierarchy).

4.43.1. Analyzing design hierarchy..
Top module:  \SOC

4.43.2. Analyzing design hierarchy..
Top module:  \SOC
Removed 0 unused modules.

4.44. Printing statistics.

=== SOC ===

   Number of wires:               1617
   Number of wire bits:           3475
   Number of public wires:         132
   Number of public wire bits:    1578
   Number of memories:               0
   Number of memory bits:            0
   Number of processes:              0
   Number of cells:               2304
     SB_CARRY                      211
     SB_DFF                          1
     SB_DFFE                       119
     SB_DFFER                       68
     SB_DFFESR                     183
     SB_DFFESS                       1
     SB_DFFR                        31
     SB_DFFS                         1
     SB_DFFSR                        7
     SB_LUT4                      1666
     SB_RAM40_4K                    16

4.45. Executing CHECK pass (checking for obvious problems).
checking module SOC..
found and reported 0 problems.

4.46. Executing JSON backend.

Warnings: 1 unique messages, 34 total
End of script. Logfile hash: 60f21327cf
CPU: user 7.95s system 0.10s, MEM: 186.80 MB total, 181.16 MB resident
Yosys 0.9 (git sha1 1979e0b)
Time spent: 22% 25x opt_clean (1 sec), 19% 25x opt_expr (1 sec), ...
