
 /----------------------------------------------------------------------------\
 |                                                                            |
 |  yosys -- Yosys Open SYnthesis Suite                                       |
 |                                                                            |
 |  Copyright (C) 2012 - 2019  Clifford Wolf <clifford@clifford.at>           |
 |                                                                            |
 |  Permission to use, copy, modify, and/or distribute this software for any  |
 |  purpose with or without fee is hereby granted, provided that the above    |
 |  copyright notice and this permission notice appear in all copies.         |
 |                                                                            |
 |  THE SOFTWARE IS PROVIDED "AS IS" AND THE AUTHOR DISCLAIMS ALL WARRANTIES  |
 |  WITH REGARD TO THIS SOFTWARE INCLUDING ALL IMPLIED WARRANTIES OF          |
 |  MERCHANTABILITY AND FITNESS. IN NO EVENT SHALL THE AUTHOR BE LIABLE FOR   |
 |  ANY SPECIAL, DIRECT, INDIRECT, OR CONSEQUENTIAL DAMAGES OR ANY DAMAGES    |
 |  WHATSOEVER RESULTING FROM LOSS OF USE, DATA OR PROFITS, WHETHER IN AN     |
 |  ACTION OF CONTRACT, NEGLIGENCE OR OTHER TORTIOUS ACTION, ARISING OUT OF   |
 |  OR IN CONNECTION WITH THE USE OR PERFORMANCE OF THIS SOFTWARE.            |
 |                                                                            |
 \----------------------------------------------------------------------------/

 Yosys 0.9 (git sha1 1979e0b)


-- Running command `read_verilog rtl/riscv.v rtl/riscv_jtag_dtm.v rtl/dmi_cdc.v rtl/dmi_interface.v rtl/riscv_debug_module_minimal.v rtl/abstract_access_unit.v rtl/core_debug_adapter.v; hierarchy -check -top SOC; synth_ice40 -top SOC; stat; write_json SOC.json' --

1. Executing Verilog-2005 frontend: rtl/riscv.v
Parsing Verilog input from `rtl/riscv.v' to AST representation.
Generating RTLIL representation for module `\femtoPLL'.
Generating RTLIL representation for module `\Clockworks'.
Generating RTLIL representation for module `\corescore_emitter_uart'.
Generating RTLIL representation for module `\Memory'.
Generating RTLIL representation for module `\Processor'.
Generating RTLIL representation for module `\SOC'.
Successfully finished Verilog frontend.

2. Executing Verilog-2005 frontend: rtl/riscv_jtag_dtm.v
Parsing Verilog input from `rtl/riscv_jtag_dtm.v' to AST representation.
Generating RTLIL representation for module `\riscv_jtag_dtm'.
Successfully finished Verilog frontend.

3. Executing Verilog-2005 frontend: rtl/dmi_cdc.v
Parsing Verilog input from `rtl/dmi_cdc.v' to AST representation.
Generating RTLIL representation for module `\dmi_cdc'.
Successfully finished Verilog frontend.

4. Executing Verilog-2005 frontend: rtl/dmi_interface.v
Parsing Verilog input from `rtl/dmi_interface.v' to AST representation.
Generating RTLIL representation for module `\dmi_interface'.
Successfully finished Verilog frontend.

5. Executing Verilog-2005 frontend: rtl/riscv_debug_module_minimal.v
Parsing Verilog input from `rtl/riscv_debug_module_minimal.v' to AST representation.
Generating RTLIL representation for module `\riscv_debug_module_minimal'.
Successfully finished Verilog frontend.

6. Executing Verilog-2005 frontend: rtl/abstract_access_unit.v
Parsing Verilog input from `rtl/abstract_access_unit.v' to AST representation.
Generating RTLIL representation for module `\abstract_access_unit'.
Successfully finished Verilog frontend.

7. Executing Verilog-2005 frontend: rtl/core_debug_adapter.v
Parsing Verilog input from `rtl/core_debug_adapter.v' to AST representation.
Generating RTLIL representation for module `\core_debug_adapter'.
Successfully finished Verilog frontend.

8. Executing HIERARCHY pass (managing design hierarchy).

8.1. Analyzing design hierarchy..
Top module:  \SOC
Used module:     \core_debug_adapter
Used module:     \riscv_debug_module_minimal
Used module:         \abstract_access_unit
Used module:     \dmi_interface
Used module:     \dmi_cdc
Used module:     \riscv_jtag_dtm
Used module:     \Memory
Used module:     \Processor
Used module:     \Clockworks

8.2. Executing AST frontend in derive mode using pre-parsed AST for module `\Clockworks'.
Parameter \SLOW = 0
Generating RTLIL representation for module `$paramod\Clockworks\SLOW=0'.

8.3. Analyzing design hierarchy..
Top module:  \SOC
Used module:     \core_debug_adapter
Used module:     \riscv_debug_module_minimal
Used module:         \abstract_access_unit
Used module:     \dmi_interface
Used module:     \dmi_cdc
Used module:     \riscv_jtag_dtm
Used module:     \Memory
Used module:     \Processor
Used module:     $paramod\Clockworks\SLOW=0

8.4. Analyzing design hierarchy..
Top module:  \SOC
Used module:     \core_debug_adapter
Used module:     \riscv_debug_module_minimal
Used module:         \abstract_access_unit
Used module:     \dmi_interface
Used module:     \dmi_cdc
Used module:     \riscv_jtag_dtm
Used module:     \Memory
Used module:     \Processor
Used module:     $paramod\Clockworks\SLOW=0
Removing unused module `\corescore_emitter_uart'.
Removing unused module `\Clockworks'.
Removing unused module `\femtoPLL'.
Removed 3 unused modules.

9. Executing SYNTH_ICE40 pass.

9.1. Executing Verilog-2005 frontend: /usr/bin/../share/yosys/ice40/cells_sim.v
Parsing Verilog input from `/usr/bin/../share/yosys/ice40/cells_sim.v' to AST representation.
Generating RTLIL representation for module `\SB_IO'.
Generating RTLIL representation for module `\SB_GB_IO'.
Generating RTLIL representation for module `\SB_GB'.
Generating RTLIL representation for module `\SB_LUT4'.
Generating RTLIL representation for module `\SB_CARRY'.
Generating RTLIL representation for module `\SB_DFF'.
Generating RTLIL representation for module `\SB_DFFE'.
Generating RTLIL representation for module `\SB_DFFSR'.
Generating RTLIL representation for module `\SB_DFFR'.
Generating RTLIL representation for module `\SB_DFFSS'.
Generating RTLIL representation for module `\SB_DFFS'.
Generating RTLIL representation for module `\SB_DFFESR'.
Generating RTLIL representation for module `\SB_DFFER'.
Generating RTLIL representation for module `\SB_DFFESS'.
Generating RTLIL representation for module `\SB_DFFES'.
Generating RTLIL representation for module `\SB_DFFN'.
Generating RTLIL representation for module `\SB_DFFNE'.
Generating RTLIL representation for module `\SB_DFFNSR'.
Generating RTLIL representation for module `\SB_DFFNR'.
Generating RTLIL representation for module `\SB_DFFNSS'.
Generating RTLIL representation for module `\SB_DFFNS'.
Generating RTLIL representation for module `\SB_DFFNESR'.
Generating RTLIL representation for module `\SB_DFFNER'.
Generating RTLIL representation for module `\SB_DFFNESS'.
Generating RTLIL representation for module `\SB_DFFNES'.
Generating RTLIL representation for module `\SB_RAM40_4K'.
Generating RTLIL representation for module `\SB_RAM40_4KNR'.
Generating RTLIL representation for module `\SB_RAM40_4KNW'.
Generating RTLIL representation for module `\SB_RAM40_4KNRNW'.
Generating RTLIL representation for module `\ICESTORM_LC'.
Generating RTLIL representation for module `\SB_PLL40_CORE'.
Generating RTLIL representation for module `\SB_PLL40_PAD'.
Generating RTLIL representation for module `\SB_PLL40_2_PAD'.
Generating RTLIL representation for module `\SB_PLL40_2F_CORE'.
Generating RTLIL representation for module `\SB_PLL40_2F_PAD'.
Generating RTLIL representation for module `\SB_WARMBOOT'.
Generating RTLIL representation for module `\SB_SPRAM256KA'.
Generating RTLIL representation for module `\SB_HFOSC'.
Generating RTLIL representation for module `\SB_LFOSC'.
Generating RTLIL representation for module `\SB_RGBA_DRV'.
Generating RTLIL representation for module `\SB_LED_DRV_CUR'.
Generating RTLIL representation for module `\SB_RGB_DRV'.
Generating RTLIL representation for module `\SB_I2C'.
Generating RTLIL representation for module `\SB_SPI'.
Generating RTLIL representation for module `\SB_LEDDA_IP'.
Generating RTLIL representation for module `\SB_FILTER_50NS'.
Generating RTLIL representation for module `\SB_IO_I3C'.
Generating RTLIL representation for module `\SB_IO_OD'.
Generating RTLIL representation for module `\SB_MAC16'.
Successfully finished Verilog frontend.

9.2. Executing HIERARCHY pass (managing design hierarchy).

9.2.1. Analyzing design hierarchy..
Top module:  \SOC
Used module:     \core_debug_adapter
Used module:     \riscv_debug_module_minimal
Used module:         \abstract_access_unit
Used module:     \dmi_interface
Used module:     \dmi_cdc
Used module:     \riscv_jtag_dtm
Used module:     \Memory
Used module:     \Processor
Used module:     $paramod\Clockworks\SLOW=0

9.2.2. Analyzing design hierarchy..
Top module:  \SOC
Used module:     \core_debug_adapter
Used module:     \riscv_debug_module_minimal
Used module:         \abstract_access_unit
Used module:     \dmi_interface
Used module:     \dmi_cdc
Used module:     \riscv_jtag_dtm
Used module:     \Memory
Used module:     \Processor
Used module:     $paramod\Clockworks\SLOW=0
Removed 0 unused modules.

9.3. Executing PROC pass (convert processes to netlists).

9.3.1. Executing PROC_CLEAN pass (remove empty switches from decision trees).
Removing empty process `Memory.$proc$rtl/riscv.v:19$42'.
Cleaned up 0 empty switches.

9.3.2. Executing PROC_RMDEAD pass (remove dead branches from decision trees).
Marked 4 switch rules as full_case in process $proc$rtl/riscv_debug_module_minimal.v:190$407 in module riscv_debug_module_minimal.
Removed 1 dead cases from process $proc$rtl/dmi_interface.v:61$405 in module dmi_interface.
Marked 2 switch rules as full_case in process $proc$rtl/dmi_interface.v:61$405 in module dmi_interface.
Marked 2 switch rules as full_case in process $proc$rtl/dmi_cdc.v:149$401 in module dmi_cdc.
Marked 1 switch rules as full_case in process $proc$rtl/dmi_cdc.v:79$395 in module dmi_cdc.
Marked 1 switch rules as full_case in process $proc$rtl/riscv_jtag_dtm.v:305$391 in module riscv_jtag_dtm.
Marked 1 switch rules as full_case in process $proc$rtl/riscv_jtag_dtm.v:289$388 in module riscv_jtag_dtm.
Marked 1 switch rules as full_case in process $proc$rtl/riscv_jtag_dtm.v:267$386 in module riscv_jtag_dtm.
Marked 2 switch rules as full_case in process $proc$rtl/riscv_jtag_dtm.v:189$383 in module riscv_jtag_dtm.
Marked 1 switch rules as full_case in process $proc$rtl/riscv_jtag_dtm.v:167$381 in module riscv_jtag_dtm.
Removed 1 dead cases from process $proc$rtl/riscv_jtag_dtm.v:143$364 in module riscv_jtag_dtm.
Marked 1 switch rules as full_case in process $proc$rtl/riscv_jtag_dtm.v:143$364 in module riscv_jtag_dtm.
Marked 1 switch rules as full_case in process $proc$rtl/riscv_jtag_dtm.v:135$362 in module riscv_jtag_dtm.
Marked 1 switch rules as full_case in process $proc$rtl/riscv.v:764$354 in module SOC.
Marked 2 switch rules as full_case in process $proc$rtl/riscv.v:648$335 in module SOC.
Marked 2 switch rules as full_case in process $proc$rtl/riscv.v:635$330 in module SOC.
Marked 1 switch rules as full_case in process $proc$rtl/riscv.v:627$327 in module SOC.
Marked 4 switch rules as full_case in process $proc$rtl/riscv.v:292$186 in module Processor.
Marked 1 switch rules as full_case in process $proc$rtl/riscv.v:211$145 in module Processor.
Removed 1 dead cases from process $proc$rtl/riscv.v:195$139 in module Processor.
Marked 1 switch rules as full_case in process $proc$rtl/riscv.v:195$139 in module Processor.
Marked 1 switch rules as full_case in process $proc$rtl/clockworks.v:103$414 in module $paramod\Clockworks\SLOW=0.
Marked 1 switch rules as full_case in process $proc$rtl/core_debug_adapter.v:20$412 in module core_debug_adapter.
Marked 4 switch rules as full_case in process $proc$rtl/abstract_access_unit.v:60$409 in module abstract_access_unit.
Removed a total of 3 dead cases.

9.3.3. Executing PROC_INIT pass (extract init attributes).
Found init rule in `\riscv_jtag_dtm.$proc$rtl/riscv_jtag_dtm.v:100$393'.
  Set init value: \state = 4'0000
  Set init value: \dmi_valid = 1'0
  Set init value: \dmi_addr = 7'0000000
  Set init value: \dmi_wdata = 0
  Set init value: \dmi_op = 2'00
  Set init value: \ir = 5'00000
  Set init value: \ir_shift = 5'00000
  Set init value: \dr_shift = 41'00000000000000000000000000000000000000000
  Set init value: \bypass_bit = 1'0
  Set init value: \dmi_rdata_reg = 0
  Set init value: \dmi_resp_reg = 2'00
  Set init value: \tdo_reg = 1'0
Found init rule in `\Processor.$proc$rtl/riscv.v:284$325'.
  Set init value: \state = 3'000
Found init rule in `\Processor.$proc$rtl/riscv.v:96$259'.
  Set init value: \PC = 0
Found init rule in `$paramod\Clockworks\SLOW=0.$proc$rtl/clockworks.v:98$418'.
  Set init value: \reset_cnt = 16'0000000000000000

9.3.4. Executing PROC_ARST pass (detect async resets in processes).
Found async reset \reset in `\riscv_debug_module_minimal.$proc$rtl/riscv_debug_module_minimal.v:190$407'.
Found async reset \reset in `\dmi_interface.$proc$rtl/dmi_interface.v:61$405'.
Found async reset \resetn in `\dmi_cdc.$proc$rtl/dmi_cdc.v:149$401'.
Found async reset \trst_n in `\dmi_cdc.$proc$rtl/dmi_cdc.v:79$395'.
Found async reset \n_trst in `\riscv_jtag_dtm.$proc$rtl/riscv_jtag_dtm.v:305$391'.
Found async reset \n_trst in `\riscv_jtag_dtm.$proc$rtl/riscv_jtag_dtm.v:289$388'.
Found async reset \n_trst in `\riscv_jtag_dtm.$proc$rtl/riscv_jtag_dtm.v:267$386'.
Found async reset \n_trst in `\riscv_jtag_dtm.$proc$rtl/riscv_jtag_dtm.v:189$383'.
Found async reset \n_trst in `\riscv_jtag_dtm.$proc$rtl/riscv_jtag_dtm.v:167$381'.
Found async reset \n_trst in `\riscv_jtag_dtm.$proc$rtl/riscv_jtag_dtm.v:135$362'.
Found async reset \resetn in `\SOC.$proc$rtl/riscv.v:764$354'.
Found async reset \resetn in `\SOC.$proc$rtl/riscv.v:648$335'.
Found async reset \resetn in `\SOC.$proc$rtl/riscv.v:635$330'.
Found async reset \resetn in `\SOC.$proc$rtl/riscv.v:627$327'.
Found async reset \RESET in `$paramod\Clockworks\SLOW=0.$proc$rtl/clockworks.v:103$414'.
Found async reset \reset in `\core_debug_adapter.$proc$rtl/core_debug_adapter.v:20$412'.
Found async reset \reset in `\abstract_access_unit.$proc$rtl/abstract_access_unit.v:60$409'.

9.3.5. Executing PROC_MUX pass (convert decision trees to multiplexers).
Creating decoders for process `\riscv_debug_module_minimal.$proc$rtl/riscv_debug_module_minimal.v:190$407'.
     1/14: $0\abstractcs_reg[31:0] [31:13]
     2/14: $0\abstractcs_reg[31:0] [11:0]
     3/14: $0\abstractcs_reg[31:0] [12]
     4/14: $0\dmcontrol_reg[31:0] [1]
     5/14: $0\dmcontrol_reg[31:0] [0]
     6/14: $0\dmcontrol_reg[31:0] [2]
     7/14: $0\data1_reg[31:0]
     8/14: $0\data0_reg[31:0]
     9/14: $0\aau_start[0:0]
    10/14: $0\command_reg[31:0]
    11/14: $0\dmcontrol_reg[31:0] [31:3]
    12/14: $0\dm_resp[1:0]
    13/14: $0\dm_rdata[31:0]
    14/14: $0\dm_ready[0:0]
Creating decoders for process `\dmi_interface.$proc$rtl/dmi_interface.v:61$405'.
     1/8: $0\dmi_resp[1:0]
     2/8: $0\dmi_rdata[31:0]
     3/8: $0\dmi_ready[0:0]
     4/8: $0\dm_op[1:0]
     5/8: $0\dm_wdata[31:0]
     6/8: $0\dm_addr[6:0]
     7/8: $0\dm_valid[0:0]
     8/8: $0\state[0:0]
Creating decoders for process `\dmi_cdc.$proc$rtl/dmi_cdc.v:149$401'.
     1/11: $0\response_pending[0:0]
     2/11: $0\rsp_toggle_clk[0:0]
     3/11: $0\req_sync_prev[0:0]
     4/11: $0\req_sync2[0:0]
     5/11: $0\req_sync1[0:0]
     6/11: $0\resp_resp_buf[1:0]
     7/11: $0\resp_data_buf[31:0]
     8/11: $0\dmi_data[31:0]
     9/11: $0\dmi_op[1:0]
    10/11: $0\dmi_addr[6:0]
    11/11: $0\dmi_valid[0:0]
Creating decoders for process `\dmi_cdc.$proc$rtl/dmi_cdc.v:79$395'.
     1/11: $0\busy[0:0]
     2/11: $0\rsp_sync_prev[0:0]
     3/11: $0\rsp_sync2[0:0]
     4/11: $0\rsp_sync1[0:0]
     5/11: $0\req_toggle_tck[0:0]
     6/11: $0\req_op_buf[1:0]
     7/11: $0\req_data_buf[31:0]
     8/11: $0\req_addr_buf[6:0]
     9/11: $0\resp_resp[1:0]
    10/11: $0\resp_data[31:0]
    11/11: $0\resp_valid[0:0]
Creating decoders for process `\riscv_jtag_dtm.$proc$rtl/riscv_jtag_dtm.v:100$393'.
     1/13: $1\dmi_resp_reg[1:0]
     2/13: $1\dmi_rdata_reg[31:0]
     3/13: $1\tdo_reg[0:0]
     4/13: $1\bypass_bit[0:0]
     5/13: $1\dmi_op[1:0]
     6/13: $1\dmi_wdata[31:0]
     7/13: $1\dmi_addr[6:0]
     8/13: $1\dmi_valid[0:0]
     9/13: $1\dr_shift[40:0]
    10/13: $0\dtmcs_reg[31:0]
    11/13: $1\ir_shift[4:0]
    12/13: $1\ir[4:0]
    13/13: $1\state[3:0]
Creating decoders for process `\riscv_jtag_dtm.$proc$rtl/riscv_jtag_dtm.v:305$391'.
     1/1: $0\tdo_reg[0:0]
Creating decoders for process `\riscv_jtag_dtm.$proc$rtl/riscv_jtag_dtm.v:289$388'.
     1/1: $0\tdo_next[0:0]
Creating decoders for process `\riscv_jtag_dtm.$proc$rtl/riscv_jtag_dtm.v:267$386'.
     1/2: $0\dmi_resp_reg[1:0]
     2/2: $0\dmi_rdata_reg[31:0]
Creating decoders for process `\riscv_jtag_dtm.$proc$rtl/riscv_jtag_dtm.v:189$383'.
     1/6: $0\bypass_bit[0:0]
     2/6: $0\dr_shift[40:0]
     3/6: $0\dmi_op[1:0]
     4/6: $0\dmi_wdata[31:0]
     5/6: $0\dmi_addr[6:0]
     6/6: $0\dmi_valid[0:0]
Creating decoders for process `\riscv_jtag_dtm.$proc$rtl/riscv_jtag_dtm.v:167$381'.
     1/2: $0\ir_shift[4:0]
     2/2: $0\ir[4:0]
Creating decoders for process `\riscv_jtag_dtm.$proc$rtl/riscv_jtag_dtm.v:143$364'.
     1/2: $1\next_state[3:0]
     2/2: $0\next_state[3:0]
Creating decoders for process `\riscv_jtag_dtm.$proc$rtl/riscv_jtag_dtm.v:135$362'.
     1/1: $0\state[3:0]
Creating decoders for process `\SOC.$proc$rtl/riscv.v:764$354'.
     1/1: $0\dbg_mem_ready_r[0:0]
Creating decoders for process `\SOC.$proc$rtl/riscv.v:648$335'.
     1/1: $1\reset_led_counter[23:0]
Creating decoders for process `\SOC.$proc$rtl/riscv.v:635$330'.
     1/1: $0\reset_led_counter[23:0]
Creating decoders for process `\SOC.$proc$rtl/riscv.v:627$327'.
     1/1: $0\heartbeat_counter[23:0]
Creating decoders for process `\Processor.$proc$rtl/riscv.v:284$325'.
     1/1: $1\state[2:0]
Creating decoders for process `\Processor.$proc$rtl/riscv.v:154$260'.
     1/65: $0\i[31:0]
     2/65: $0$memwr$\RegisterBank$rtl/riscv.v:156$110_DATA[31:0]$324
     3/65: $0$memwr$\RegisterBank$rtl/riscv.v:156$110_ADDR[31:0]$323
     4/65: $0$memwr$\RegisterBank$rtl/riscv.v:156$109_DATA[31:0]$322
     5/65: $0$memwr$\RegisterBank$rtl/riscv.v:156$109_ADDR[31:0]$321
     6/65: $0$memwr$\RegisterBank$rtl/riscv.v:156$108_DATA[31:0]$320
     7/65: $0$memwr$\RegisterBank$rtl/riscv.v:156$108_ADDR[31:0]$319
     8/65: $0$memwr$\RegisterBank$rtl/riscv.v:156$107_DATA[31:0]$318
     9/65: $0$memwr$\RegisterBank$rtl/riscv.v:156$107_ADDR[31:0]$317
    10/65: $0$memwr$\RegisterBank$rtl/riscv.v:156$106_DATA[31:0]$316
    11/65: $0$memwr$\RegisterBank$rtl/riscv.v:156$106_ADDR[31:0]$315
    12/65: $0$memwr$\RegisterBank$rtl/riscv.v:156$105_DATA[31:0]$314
    13/65: $0$memwr$\RegisterBank$rtl/riscv.v:156$105_ADDR[31:0]$313
    14/65: $0$memwr$\RegisterBank$rtl/riscv.v:156$104_DATA[31:0]$312
    15/65: $0$memwr$\RegisterBank$rtl/riscv.v:156$104_ADDR[31:0]$311
    16/65: $0$memwr$\RegisterBank$rtl/riscv.v:156$103_DATA[31:0]$310
    17/65: $0$memwr$\RegisterBank$rtl/riscv.v:156$103_ADDR[31:0]$309
    18/65: $0$memwr$\RegisterBank$rtl/riscv.v:156$102_DATA[31:0]$308
    19/65: $0$memwr$\RegisterBank$rtl/riscv.v:156$102_ADDR[31:0]$307
    20/65: $0$memwr$\RegisterBank$rtl/riscv.v:156$101_DATA[31:0]$306
    21/65: $0$memwr$\RegisterBank$rtl/riscv.v:156$101_ADDR[31:0]$305
    22/65: $0$memwr$\RegisterBank$rtl/riscv.v:156$100_DATA[31:0]$304
    23/65: $0$memwr$\RegisterBank$rtl/riscv.v:156$100_ADDR[31:0]$303
    24/65: $0$memwr$\RegisterBank$rtl/riscv.v:156$99_DATA[31:0]$302
    25/65: $0$memwr$\RegisterBank$rtl/riscv.v:156$99_ADDR[31:0]$301
    26/65: $0$memwr$\RegisterBank$rtl/riscv.v:156$98_DATA[31:0]$300
    27/65: $0$memwr$\RegisterBank$rtl/riscv.v:156$98_ADDR[31:0]$299
    28/65: $0$memwr$\RegisterBank$rtl/riscv.v:156$97_DATA[31:0]$298
    29/65: $0$memwr$\RegisterBank$rtl/riscv.v:156$97_ADDR[31:0]$297
    30/65: $0$memwr$\RegisterBank$rtl/riscv.v:156$96_DATA[31:0]$296
    31/65: $0$memwr$\RegisterBank$rtl/riscv.v:156$96_ADDR[31:0]$295
    32/65: $0$memwr$\RegisterBank$rtl/riscv.v:156$95_DATA[31:0]$294
    33/65: $0$memwr$\RegisterBank$rtl/riscv.v:156$95_ADDR[31:0]$293
    34/65: $0$memwr$\RegisterBank$rtl/riscv.v:156$94_DATA[31:0]$292
    35/65: $0$memwr$\RegisterBank$rtl/riscv.v:156$94_ADDR[31:0]$291
    36/65: $0$memwr$\RegisterBank$rtl/riscv.v:156$93_DATA[31:0]$290
    37/65: $0$memwr$\RegisterBank$rtl/riscv.v:156$93_ADDR[31:0]$289
    38/65: $0$memwr$\RegisterBank$rtl/riscv.v:156$92_DATA[31:0]$288
    39/65: $0$memwr$\RegisterBank$rtl/riscv.v:156$92_ADDR[31:0]$287
    40/65: $0$memwr$\RegisterBank$rtl/riscv.v:156$91_DATA[31:0]$286
    41/65: $0$memwr$\RegisterBank$rtl/riscv.v:156$91_ADDR[31:0]$285
    42/65: $0$memwr$\RegisterBank$rtl/riscv.v:156$90_DATA[31:0]$284
    43/65: $0$memwr$\RegisterBank$rtl/riscv.v:156$90_ADDR[31:0]$283
    44/65: $0$memwr$\RegisterBank$rtl/riscv.v:156$89_DATA[31:0]$282
    45/65: $0$memwr$\RegisterBank$rtl/riscv.v:156$89_ADDR[31:0]$281
    46/65: $0$memwr$\RegisterBank$rtl/riscv.v:156$88_DATA[31:0]$280
    47/65: $0$memwr$\RegisterBank$rtl/riscv.v:156$88_ADDR[31:0]$279
    48/65: $0$memwr$\RegisterBank$rtl/riscv.v:156$87_DATA[31:0]$278
    49/65: $0$memwr$\RegisterBank$rtl/riscv.v:156$87_ADDR[31:0]$277
    50/65: $0$memwr$\RegisterBank$rtl/riscv.v:156$86_DATA[31:0]$276
    51/65: $0$memwr$\RegisterBank$rtl/riscv.v:156$86_ADDR[31:0]$275
    52/65: $0$memwr$\RegisterBank$rtl/riscv.v:156$85_DATA[31:0]$274
    53/65: $0$memwr$\RegisterBank$rtl/riscv.v:156$85_ADDR[31:0]$273
    54/65: $0$memwr$\RegisterBank$rtl/riscv.v:156$84_DATA[31:0]$272
    55/65: $0$memwr$\RegisterBank$rtl/riscv.v:156$84_ADDR[31:0]$271
    56/65: $0$memwr$\RegisterBank$rtl/riscv.v:156$83_DATA[31:0]$270
    57/65: $0$memwr$\RegisterBank$rtl/riscv.v:156$83_ADDR[31:0]$269
    58/65: $0$memwr$\RegisterBank$rtl/riscv.v:156$82_DATA[31:0]$268
    59/65: $0$memwr$\RegisterBank$rtl/riscv.v:156$82_ADDR[31:0]$267
    60/65: $0$memwr$\RegisterBank$rtl/riscv.v:156$81_DATA[31:0]$266
    61/65: $0$memwr$\RegisterBank$rtl/riscv.v:156$81_ADDR[31:0]$265
    62/65: $0$memwr$\RegisterBank$rtl/riscv.v:156$80_DATA[31:0]$264
    63/65: $0$memwr$\RegisterBank$rtl/riscv.v:156$80_ADDR[31:0]$263
    64/65: $0$memwr$\RegisterBank$rtl/riscv.v:156$79_DATA[31:0]$262
    65/65: $0$memwr$\RegisterBank$rtl/riscv.v:156$79_ADDR[31:0]$261
Creating decoders for process `\Processor.$proc$rtl/riscv.v:96$259'.
     1/1: $1\PC[31:0]
Creating decoders for process `\Processor.$proc$rtl/riscv.v:177$221'.
     1/3: $0$func$\flip32$rtl/riscv.v:193$76$\flip32[31:0]$222
     2/3: $0$func$\flip32$rtl/riscv.v:193$78$\flip32[31:0]$223
     3/3: $0$func$\flip32$rtl/riscv.v:193$78$\x[31:0]$224
Creating decoders for process `\Processor.$proc$rtl/riscv.v:177$217'.
     1/3: $0$func$\flip32$rtl/riscv.v:187$75$\flip32[31:0]$218
     2/3: $0$func$\flip32$rtl/riscv.v:187$77$\flip32[31:0]$219
     3/3: $0$func$\flip32$rtl/riscv.v:187$77$\x[31:0]$220
Creating decoders for process `\Processor.$proc$rtl/riscv.v:292$186'.
     1/12: $0$memwr$\RegisterBank$rtl/riscv.v:350$111_EN[31:0]$189
     2/12: $0$memwr$\RegisterBank$rtl/riscv.v:350$111_DATA[31:0]$188
     3/12: $0$memwr$\RegisterBank$rtl/riscv.v:350$111_ADDR[4:0]$187
     4/12: $0$memwr$\RegisterBank$rtl/riscv.v:361$112_EN[31:0]$192
     5/12: $0$memwr$\RegisterBank$rtl/riscv.v:361$112_DATA[31:0]$191
     6/12: $0$memwr$\RegisterBank$rtl/riscv.v:361$112_ADDR[4:0]$190
     7/12: $0\state[2:0]
     8/12: $0\rs2[31:0]
     9/12: $0\rs1[31:0]
    10/12: $0\instr[31:0]
    11/12: $0\PC[31:0]
    12/12: $0\debug_halted[0:0]
Creating decoders for process `\Processor.$proc$rtl/riscv.v:211$145'.
     1/2: $1\takeBranch[0:0]
     2/2: $0\takeBranch[0:0]
Creating decoders for process `\Processor.$proc$rtl/riscv.v:195$139'.
     1/2: $1\aluOut[31:0]
     2/2: $0\aluOut[31:0]
Creating decoders for process `\Processor.$proc$rtl/riscv.v:82$113'.
     1/1: $0\debug_reg_data_r[31:0]
Creating decoders for process `\Memory.$proc$rtl/riscv.v:25$23'.
     1/13: $0$memwr$\MEM$rtl/riscv.v:38$19_EN[31:0]$26
     2/13: $0$memwr$\MEM$rtl/riscv.v:38$19_DATA[31:0]$25
     3/13: $0$memwr$\MEM$rtl/riscv.v:38$19_ADDR[29:0]$24
     4/13: $0$memwr$\MEM$rtl/riscv.v:39$20_EN[31:0]$29
     5/13: $0$memwr$\MEM$rtl/riscv.v:39$20_DATA[31:0]$28
     6/13: $0$memwr$\MEM$rtl/riscv.v:39$20_ADDR[29:0]$27
     7/13: $0$memwr$\MEM$rtl/riscv.v:40$21_EN[31:0]$32
     8/13: $0$memwr$\MEM$rtl/riscv.v:40$21_DATA[31:0]$31
     9/13: $0$memwr$\MEM$rtl/riscv.v:40$21_ADDR[29:0]$30
    10/13: $0$memwr$\MEM$rtl/riscv.v:41$22_EN[31:0]$35
    11/13: $0$memwr$\MEM$rtl/riscv.v:41$22_DATA[31:0]$34
    12/13: $0$memwr$\MEM$rtl/riscv.v:41$22_ADDR[29:0]$33
    13/13: $0\mem_rdata[31:0]
Creating decoders for process `$paramod\Clockworks\SLOW=0.$proc$rtl/clockworks.v:98$418'.
     1/1: $1\reset_cnt[15:0]
Creating decoders for process `$paramod\Clockworks\SLOW=0.$proc$rtl/clockworks.v:103$414'.
     1/1: $0\reset_cnt[15:0]
Creating decoders for process `\core_debug_adapter.$proc$rtl/core_debug_adapter.v:20$412'.
     1/3: $0\reset_req[0:0]
     2/3: $0\resume_req[0:0]
     3/3: $0\halt_req[0:0]
Creating decoders for process `\abstract_access_unit.$proc$rtl/abstract_access_unit.v:60$409'.
     1/12: $0\done[0:0]
     2/12: $0\data1_out[31:0]
     3/12: $0\data0_out[31:0]
     4/12: $0\busy[0:0]
     5/12: $0\mem_write[0:0]
     6/12: $0\mem_valid[0:0]
     7/12: $0\state[2:0]
     8/12: $0\debug_reg_we[0:0]
     9/12: $0\debug_reg_addr[4:0]
    10/12: $0\debug_reg_wdata[31:0]
    11/12: $0\mem_addr[31:0]
    12/12: $0\mem_wdata[31:0]

9.3.6. Executing PROC_DLATCH pass (convert process syncs to latches).
No latch inferred for signal `\riscv_jtag_dtm.\dtmcs_reg' from process `\riscv_jtag_dtm.$proc$rtl/riscv_jtag_dtm.v:100$393'.
No latch inferred for signal `\riscv_jtag_dtm.\next_state' from process `\riscv_jtag_dtm.$proc$rtl/riscv_jtag_dtm.v:143$364'.
No latch inferred for signal `\Processor.\i' from process `\Processor.$proc$rtl/riscv.v:154$260'.
No latch inferred for signal `\Processor.$memwr$\RegisterBank$rtl/riscv.v:156$79_ADDR' from process `\Processor.$proc$rtl/riscv.v:154$260'.
No latch inferred for signal `\Processor.$memwr$\RegisterBank$rtl/riscv.v:156$79_DATA' from process `\Processor.$proc$rtl/riscv.v:154$260'.
No latch inferred for signal `\Processor.$memwr$\RegisterBank$rtl/riscv.v:156$80_ADDR' from process `\Processor.$proc$rtl/riscv.v:154$260'.
No latch inferred for signal `\Processor.$memwr$\RegisterBank$rtl/riscv.v:156$80_DATA' from process `\Processor.$proc$rtl/riscv.v:154$260'.
No latch inferred for signal `\Processor.$memwr$\RegisterBank$rtl/riscv.v:156$81_ADDR' from process `\Processor.$proc$rtl/riscv.v:154$260'.
No latch inferred for signal `\Processor.$memwr$\RegisterBank$rtl/riscv.v:156$81_DATA' from process `\Processor.$proc$rtl/riscv.v:154$260'.
No latch inferred for signal `\Processor.$memwr$\RegisterBank$rtl/riscv.v:156$82_ADDR' from process `\Processor.$proc$rtl/riscv.v:154$260'.
No latch inferred for signal `\Processor.$memwr$\RegisterBank$rtl/riscv.v:156$82_DATA' from process `\Processor.$proc$rtl/riscv.v:154$260'.
No latch inferred for signal `\Processor.$memwr$\RegisterBank$rtl/riscv.v:156$83_ADDR' from process `\Processor.$proc$rtl/riscv.v:154$260'.
No latch inferred for signal `\Processor.$memwr$\RegisterBank$rtl/riscv.v:156$83_DATA' from process `\Processor.$proc$rtl/riscv.v:154$260'.
No latch inferred for signal `\Processor.$memwr$\RegisterBank$rtl/riscv.v:156$84_ADDR' from process `\Processor.$proc$rtl/riscv.v:154$260'.
No latch inferred for signal `\Processor.$memwr$\RegisterBank$rtl/riscv.v:156$84_DATA' from process `\Processor.$proc$rtl/riscv.v:154$260'.
No latch inferred for signal `\Processor.$memwr$\RegisterBank$rtl/riscv.v:156$85_ADDR' from process `\Processor.$proc$rtl/riscv.v:154$260'.
No latch inferred for signal `\Processor.$memwr$\RegisterBank$rtl/riscv.v:156$85_DATA' from process `\Processor.$proc$rtl/riscv.v:154$260'.
No latch inferred for signal `\Processor.$memwr$\RegisterBank$rtl/riscv.v:156$86_ADDR' from process `\Processor.$proc$rtl/riscv.v:154$260'.
No latch inferred for signal `\Processor.$memwr$\RegisterBank$rtl/riscv.v:156$86_DATA' from process `\Processor.$proc$rtl/riscv.v:154$260'.
No latch inferred for signal `\Processor.$memwr$\RegisterBank$rtl/riscv.v:156$87_ADDR' from process `\Processor.$proc$rtl/riscv.v:154$260'.
No latch inferred for signal `\Processor.$memwr$\RegisterBank$rtl/riscv.v:156$87_DATA' from process `\Processor.$proc$rtl/riscv.v:154$260'.
No latch inferred for signal `\Processor.$memwr$\RegisterBank$rtl/riscv.v:156$88_ADDR' from process `\Processor.$proc$rtl/riscv.v:154$260'.
No latch inferred for signal `\Processor.$memwr$\RegisterBank$rtl/riscv.v:156$88_DATA' from process `\Processor.$proc$rtl/riscv.v:154$260'.
No latch inferred for signal `\Processor.$memwr$\RegisterBank$rtl/riscv.v:156$89_ADDR' from process `\Processor.$proc$rtl/riscv.v:154$260'.
No latch inferred for signal `\Processor.$memwr$\RegisterBank$rtl/riscv.v:156$89_DATA' from process `\Processor.$proc$rtl/riscv.v:154$260'.
No latch inferred for signal `\Processor.$memwr$\RegisterBank$rtl/riscv.v:156$90_ADDR' from process `\Processor.$proc$rtl/riscv.v:154$260'.
No latch inferred for signal `\Processor.$memwr$\RegisterBank$rtl/riscv.v:156$90_DATA' from process `\Processor.$proc$rtl/riscv.v:154$260'.
No latch inferred for signal `\Processor.$memwr$\RegisterBank$rtl/riscv.v:156$91_ADDR' from process `\Processor.$proc$rtl/riscv.v:154$260'.
No latch inferred for signal `\Processor.$memwr$\RegisterBank$rtl/riscv.v:156$91_DATA' from process `\Processor.$proc$rtl/riscv.v:154$260'.
No latch inferred for signal `\Processor.$memwr$\RegisterBank$rtl/riscv.v:156$92_ADDR' from process `\Processor.$proc$rtl/riscv.v:154$260'.
No latch inferred for signal `\Processor.$memwr$\RegisterBank$rtl/riscv.v:156$92_DATA' from process `\Processor.$proc$rtl/riscv.v:154$260'.
No latch inferred for signal `\Processor.$memwr$\RegisterBank$rtl/riscv.v:156$93_ADDR' from process `\Processor.$proc$rtl/riscv.v:154$260'.
No latch inferred for signal `\Processor.$memwr$\RegisterBank$rtl/riscv.v:156$93_DATA' from process `\Processor.$proc$rtl/riscv.v:154$260'.
No latch inferred for signal `\Processor.$memwr$\RegisterBank$rtl/riscv.v:156$94_ADDR' from process `\Processor.$proc$rtl/riscv.v:154$260'.
No latch inferred for signal `\Processor.$memwr$\RegisterBank$rtl/riscv.v:156$94_DATA' from process `\Processor.$proc$rtl/riscv.v:154$260'.
No latch inferred for signal `\Processor.$memwr$\RegisterBank$rtl/riscv.v:156$95_ADDR' from process `\Processor.$proc$rtl/riscv.v:154$260'.
No latch inferred for signal `\Processor.$memwr$\RegisterBank$rtl/riscv.v:156$95_DATA' from process `\Processor.$proc$rtl/riscv.v:154$260'.
No latch inferred for signal `\Processor.$memwr$\RegisterBank$rtl/riscv.v:156$96_ADDR' from process `\Processor.$proc$rtl/riscv.v:154$260'.
No latch inferred for signal `\Processor.$memwr$\RegisterBank$rtl/riscv.v:156$96_DATA' from process `\Processor.$proc$rtl/riscv.v:154$260'.
No latch inferred for signal `\Processor.$memwr$\RegisterBank$rtl/riscv.v:156$97_ADDR' from process `\Processor.$proc$rtl/riscv.v:154$260'.
No latch inferred for signal `\Processor.$memwr$\RegisterBank$rtl/riscv.v:156$97_DATA' from process `\Processor.$proc$rtl/riscv.v:154$260'.
No latch inferred for signal `\Processor.$memwr$\RegisterBank$rtl/riscv.v:156$98_ADDR' from process `\Processor.$proc$rtl/riscv.v:154$260'.
No latch inferred for signal `\Processor.$memwr$\RegisterBank$rtl/riscv.v:156$98_DATA' from process `\Processor.$proc$rtl/riscv.v:154$260'.
No latch inferred for signal `\Processor.$memwr$\RegisterBank$rtl/riscv.v:156$99_ADDR' from process `\Processor.$proc$rtl/riscv.v:154$260'.
No latch inferred for signal `\Processor.$memwr$\RegisterBank$rtl/riscv.v:156$99_DATA' from process `\Processor.$proc$rtl/riscv.v:154$260'.
No latch inferred for signal `\Processor.$memwr$\RegisterBank$rtl/riscv.v:156$100_ADDR' from process `\Processor.$proc$rtl/riscv.v:154$260'.
No latch inferred for signal `\Processor.$memwr$\RegisterBank$rtl/riscv.v:156$100_DATA' from process `\Processor.$proc$rtl/riscv.v:154$260'.
No latch inferred for signal `\Processor.$memwr$\RegisterBank$rtl/riscv.v:156$101_ADDR' from process `\Processor.$proc$rtl/riscv.v:154$260'.
No latch inferred for signal `\Processor.$memwr$\RegisterBank$rtl/riscv.v:156$101_DATA' from process `\Processor.$proc$rtl/riscv.v:154$260'.
No latch inferred for signal `\Processor.$memwr$\RegisterBank$rtl/riscv.v:156$102_ADDR' from process `\Processor.$proc$rtl/riscv.v:154$260'.
No latch inferred for signal `\Processor.$memwr$\RegisterBank$rtl/riscv.v:156$102_DATA' from process `\Processor.$proc$rtl/riscv.v:154$260'.
No latch inferred for signal `\Processor.$memwr$\RegisterBank$rtl/riscv.v:156$103_ADDR' from process `\Processor.$proc$rtl/riscv.v:154$260'.
No latch inferred for signal `\Processor.$memwr$\RegisterBank$rtl/riscv.v:156$103_DATA' from process `\Processor.$proc$rtl/riscv.v:154$260'.
No latch inferred for signal `\Processor.$memwr$\RegisterBank$rtl/riscv.v:156$104_ADDR' from process `\Processor.$proc$rtl/riscv.v:154$260'.
No latch inferred for signal `\Processor.$memwr$\RegisterBank$rtl/riscv.v:156$104_DATA' from process `\Processor.$proc$rtl/riscv.v:154$260'.
No latch inferred for signal `\Processor.$memwr$\RegisterBank$rtl/riscv.v:156$105_ADDR' from process `\Processor.$proc$rtl/riscv.v:154$260'.
No latch inferred for signal `\Processor.$memwr$\RegisterBank$rtl/riscv.v:156$105_DATA' from process `\Processor.$proc$rtl/riscv.v:154$260'.
No latch inferred for signal `\Processor.$memwr$\RegisterBank$rtl/riscv.v:156$106_ADDR' from process `\Processor.$proc$rtl/riscv.v:154$260'.
No latch inferred for signal `\Processor.$memwr$\RegisterBank$rtl/riscv.v:156$106_DATA' from process `\Processor.$proc$rtl/riscv.v:154$260'.
No latch inferred for signal `\Processor.$memwr$\RegisterBank$rtl/riscv.v:156$107_ADDR' from process `\Processor.$proc$rtl/riscv.v:154$260'.
No latch inferred for signal `\Processor.$memwr$\RegisterBank$rtl/riscv.v:156$107_DATA' from process `\Processor.$proc$rtl/riscv.v:154$260'.
No latch inferred for signal `\Processor.$memwr$\RegisterBank$rtl/riscv.v:156$108_ADDR' from process `\Processor.$proc$rtl/riscv.v:154$260'.
No latch inferred for signal `\Processor.$memwr$\RegisterBank$rtl/riscv.v:156$108_DATA' from process `\Processor.$proc$rtl/riscv.v:154$260'.
No latch inferred for signal `\Processor.$memwr$\RegisterBank$rtl/riscv.v:156$109_ADDR' from process `\Processor.$proc$rtl/riscv.v:154$260'.
No latch inferred for signal `\Processor.$memwr$\RegisterBank$rtl/riscv.v:156$109_DATA' from process `\Processor.$proc$rtl/riscv.v:154$260'.
No latch inferred for signal `\Processor.$memwr$\RegisterBank$rtl/riscv.v:156$110_ADDR' from process `\Processor.$proc$rtl/riscv.v:154$260'.
No latch inferred for signal `\Processor.$memwr$\RegisterBank$rtl/riscv.v:156$110_DATA' from process `\Processor.$proc$rtl/riscv.v:154$260'.
No latch inferred for signal `\Processor.$func$\flip32$rtl/riscv.v:193$76$\flip32' from process `\Processor.$proc$rtl/riscv.v:177$221'.
No latch inferred for signal `\Processor.$func$\flip32$rtl/riscv.v:193$78$\flip32' from process `\Processor.$proc$rtl/riscv.v:177$221'.
No latch inferred for signal `\Processor.$func$\flip32$rtl/riscv.v:193$78$\x' from process `\Processor.$proc$rtl/riscv.v:177$221'.
No latch inferred for signal `\Processor.$func$\flip32$rtl/riscv.v:187$75$\flip32' from process `\Processor.$proc$rtl/riscv.v:177$217'.
No latch inferred for signal `\Processor.$func$\flip32$rtl/riscv.v:187$77$\flip32' from process `\Processor.$proc$rtl/riscv.v:177$217'.
No latch inferred for signal `\Processor.$func$\flip32$rtl/riscv.v:187$77$\x' from process `\Processor.$proc$rtl/riscv.v:177$217'.
No latch inferred for signal `\Processor.\takeBranch' from process `\Processor.$proc$rtl/riscv.v:211$145'.
No latch inferred for signal `\Processor.\aluOut' from process `\Processor.$proc$rtl/riscv.v:195$139'.

9.3.7. Executing PROC_DFF pass (convert process syncs to FFs).
Creating register for signal `\riscv_debug_module_minimal.\dm_ready' using process `\riscv_debug_module_minimal.$proc$rtl/riscv_debug_module_minimal.v:190$407'.
  created $adff cell `$procdff$1148' with positive edge clock and positive level reset.
Creating register for signal `\riscv_debug_module_minimal.\dm_rdata' using process `\riscv_debug_module_minimal.$proc$rtl/riscv_debug_module_minimal.v:190$407'.
  created $adff cell `$procdff$1149' with positive edge clock and positive level reset.
Creating register for signal `\riscv_debug_module_minimal.\dm_resp' using process `\riscv_debug_module_minimal.$proc$rtl/riscv_debug_module_minimal.v:190$407'.
  created $adff cell `$procdff$1150' with positive edge clock and positive level reset.
Creating register for signal `\riscv_debug_module_minimal.\abstractcs_reg' using process `\riscv_debug_module_minimal.$proc$rtl/riscv_debug_module_minimal.v:190$407'.
  created $adff cell `$procdff$1151' with positive edge clock and positive level reset.
Creating register for signal `\riscv_debug_module_minimal.\command_reg' using process `\riscv_debug_module_minimal.$proc$rtl/riscv_debug_module_minimal.v:190$407'.
  created $adff cell `$procdff$1152' with positive edge clock and positive level reset.
Creating register for signal `\riscv_debug_module_minimal.\dmcontrol_reg' using process `\riscv_debug_module_minimal.$proc$rtl/riscv_debug_module_minimal.v:190$407'.
  created $adff cell `$procdff$1153' with positive edge clock and positive level reset.
Creating register for signal `\riscv_debug_module_minimal.\data0_reg' using process `\riscv_debug_module_minimal.$proc$rtl/riscv_debug_module_minimal.v:190$407'.
  created $adff cell `$procdff$1154' with positive edge clock and positive level reset.
Creating register for signal `\riscv_debug_module_minimal.\data1_reg' using process `\riscv_debug_module_minimal.$proc$rtl/riscv_debug_module_minimal.v:190$407'.
  created $dff cell `$procdff$1155' with positive edge clock.
Creating register for signal `\riscv_debug_module_minimal.\aau_start' using process `\riscv_debug_module_minimal.$proc$rtl/riscv_debug_module_minimal.v:190$407'.
  created $adff cell `$procdff$1156' with positive edge clock and positive level reset.
Creating register for signal `\dmi_interface.\state' using process `\dmi_interface.$proc$rtl/dmi_interface.v:61$405'.
  created $adff cell `$procdff$1157' with positive edge clock and positive level reset.
Creating register for signal `\dmi_interface.\dm_valid' using process `\dmi_interface.$proc$rtl/dmi_interface.v:61$405'.
  created $adff cell `$procdff$1158' with positive edge clock and positive level reset.
Creating register for signal `\dmi_interface.\dm_addr' using process `\dmi_interface.$proc$rtl/dmi_interface.v:61$405'.
  created $adff cell `$procdff$1159' with positive edge clock and positive level reset.
Creating register for signal `\dmi_interface.\dm_wdata' using process `\dmi_interface.$proc$rtl/dmi_interface.v:61$405'.
  created $adff cell `$procdff$1160' with positive edge clock and positive level reset.
Creating register for signal `\dmi_interface.\dm_op' using process `\dmi_interface.$proc$rtl/dmi_interface.v:61$405'.
  created $adff cell `$procdff$1161' with positive edge clock and positive level reset.
Creating register for signal `\dmi_interface.\dmi_ready' using process `\dmi_interface.$proc$rtl/dmi_interface.v:61$405'.
  created $adff cell `$procdff$1162' with positive edge clock and positive level reset.
Creating register for signal `\dmi_interface.\dmi_rdata' using process `\dmi_interface.$proc$rtl/dmi_interface.v:61$405'.
  created $adff cell `$procdff$1163' with positive edge clock and positive level reset.
Creating register for signal `\dmi_interface.\dmi_resp' using process `\dmi_interface.$proc$rtl/dmi_interface.v:61$405'.
  created $adff cell `$procdff$1164' with positive edge clock and positive level reset.
Creating register for signal `\dmi_cdc.\dmi_valid' using process `\dmi_cdc.$proc$rtl/dmi_cdc.v:149$401'.
  created $adff cell `$procdff$1165' with positive edge clock and negative level reset.
Creating register for signal `\dmi_cdc.\dmi_addr' using process `\dmi_cdc.$proc$rtl/dmi_cdc.v:149$401'.
  created $adff cell `$procdff$1166' with positive edge clock and negative level reset.
Creating register for signal `\dmi_cdc.\dmi_op' using process `\dmi_cdc.$proc$rtl/dmi_cdc.v:149$401'.
  created $adff cell `$procdff$1167' with positive edge clock and negative level reset.
Creating register for signal `\dmi_cdc.\dmi_data' using process `\dmi_cdc.$proc$rtl/dmi_cdc.v:149$401'.
  created $adff cell `$procdff$1168' with positive edge clock and negative level reset.
Creating register for signal `\dmi_cdc.\resp_data_buf' using process `\dmi_cdc.$proc$rtl/dmi_cdc.v:149$401'.
  created $dff cell `$procdff$1169' with positive edge clock.
Creating register for signal `\dmi_cdc.\resp_resp_buf' using process `\dmi_cdc.$proc$rtl/dmi_cdc.v:149$401'.
  created $dff cell `$procdff$1170' with positive edge clock.
Creating register for signal `\dmi_cdc.\req_sync1' using process `\dmi_cdc.$proc$rtl/dmi_cdc.v:149$401'.
  created $adff cell `$procdff$1171' with positive edge clock and negative level reset.
Creating register for signal `\dmi_cdc.\req_sync2' using process `\dmi_cdc.$proc$rtl/dmi_cdc.v:149$401'.
  created $adff cell `$procdff$1172' with positive edge clock and negative level reset.
Creating register for signal `\dmi_cdc.\req_sync_prev' using process `\dmi_cdc.$proc$rtl/dmi_cdc.v:149$401'.
  created $adff cell `$procdff$1173' with positive edge clock and negative level reset.
Creating register for signal `\dmi_cdc.\rsp_toggle_clk' using process `\dmi_cdc.$proc$rtl/dmi_cdc.v:149$401'.
  created $adff cell `$procdff$1174' with positive edge clock and negative level reset.
Creating register for signal `\dmi_cdc.\response_pending' using process `\dmi_cdc.$proc$rtl/dmi_cdc.v:149$401'.
  created $adff cell `$procdff$1175' with positive edge clock and negative level reset.
Creating register for signal `\dmi_cdc.\resp_valid' using process `\dmi_cdc.$proc$rtl/dmi_cdc.v:79$395'.
  created $adff cell `$procdff$1176' with positive edge clock and negative level reset.
Creating register for signal `\dmi_cdc.\resp_data' using process `\dmi_cdc.$proc$rtl/dmi_cdc.v:79$395'.
  created $adff cell `$procdff$1177' with positive edge clock and negative level reset.
Creating register for signal `\dmi_cdc.\resp_resp' using process `\dmi_cdc.$proc$rtl/dmi_cdc.v:79$395'.
  created $adff cell `$procdff$1178' with positive edge clock and negative level reset.
Creating register for signal `\dmi_cdc.\req_addr_buf' using process `\dmi_cdc.$proc$rtl/dmi_cdc.v:79$395'.
  created $dff cell `$procdff$1179' with positive edge clock.
Creating register for signal `\dmi_cdc.\req_data_buf' using process `\dmi_cdc.$proc$rtl/dmi_cdc.v:79$395'.
  created $dff cell `$procdff$1180' with positive edge clock.
Creating register for signal `\dmi_cdc.\req_op_buf' using process `\dmi_cdc.$proc$rtl/dmi_cdc.v:79$395'.
  created $dff cell `$procdff$1181' with positive edge clock.
Creating register for signal `\dmi_cdc.\req_toggle_tck' using process `\dmi_cdc.$proc$rtl/dmi_cdc.v:79$395'.
  created $adff cell `$procdff$1182' with positive edge clock and negative level reset.
Creating register for signal `\dmi_cdc.\rsp_sync1' using process `\dmi_cdc.$proc$rtl/dmi_cdc.v:79$395'.
  created $adff cell `$procdff$1183' with positive edge clock and negative level reset.
Creating register for signal `\dmi_cdc.\rsp_sync2' using process `\dmi_cdc.$proc$rtl/dmi_cdc.v:79$395'.
  created $adff cell `$procdff$1184' with positive edge clock and negative level reset.
Creating register for signal `\dmi_cdc.\rsp_sync_prev' using process `\dmi_cdc.$proc$rtl/dmi_cdc.v:79$395'.
  created $adff cell `$procdff$1185' with positive edge clock and negative level reset.
Creating register for signal `\dmi_cdc.\busy' using process `\dmi_cdc.$proc$rtl/dmi_cdc.v:79$395'.
  created $adff cell `$procdff$1186' with positive edge clock and negative level reset.
Creating register for signal `\riscv_jtag_dtm.\tdo_reg' using process `\riscv_jtag_dtm.$proc$rtl/riscv_jtag_dtm.v:305$391'.
  created $adff cell `$procdff$1187' with negative edge clock and negative level reset.
Creating register for signal `\riscv_jtag_dtm.\tdo_next' using process `\riscv_jtag_dtm.$proc$rtl/riscv_jtag_dtm.v:289$388'.
  created $adff cell `$procdff$1188' with positive edge clock and negative level reset.
Creating register for signal `\riscv_jtag_dtm.\dmi_rdata_reg' using process `\riscv_jtag_dtm.$proc$rtl/riscv_jtag_dtm.v:267$386'.
  created $adff cell `$procdff$1189' with positive edge clock and negative level reset.
Creating register for signal `\riscv_jtag_dtm.\dmi_resp_reg' using process `\riscv_jtag_dtm.$proc$rtl/riscv_jtag_dtm.v:267$386'.
  created $adff cell `$procdff$1190' with positive edge clock and negative level reset.
Creating register for signal `\riscv_jtag_dtm.\dmi_valid' using process `\riscv_jtag_dtm.$proc$rtl/riscv_jtag_dtm.v:189$383'.
  created $adff cell `$procdff$1191' with positive edge clock and negative level reset.
Creating register for signal `\riscv_jtag_dtm.\dmi_addr' using process `\riscv_jtag_dtm.$proc$rtl/riscv_jtag_dtm.v:189$383'.
  created $adff cell `$procdff$1192' with positive edge clock and negative level reset.
Creating register for signal `\riscv_jtag_dtm.\dmi_wdata' using process `\riscv_jtag_dtm.$proc$rtl/riscv_jtag_dtm.v:189$383'.
  created $adff cell `$procdff$1193' with positive edge clock and negative level reset.
Creating register for signal `\riscv_jtag_dtm.\dmi_op' using process `\riscv_jtag_dtm.$proc$rtl/riscv_jtag_dtm.v:189$383'.
  created $adff cell `$procdff$1194' with positive edge clock and negative level reset.
Creating register for signal `\riscv_jtag_dtm.\dr_shift' using process `\riscv_jtag_dtm.$proc$rtl/riscv_jtag_dtm.v:189$383'.
  created $adff cell `$procdff$1195' with positive edge clock and negative level reset.
Creating register for signal `\riscv_jtag_dtm.\bypass_bit' using process `\riscv_jtag_dtm.$proc$rtl/riscv_jtag_dtm.v:189$383'.
  created $adff cell `$procdff$1196' with positive edge clock and negative level reset.
Creating register for signal `\riscv_jtag_dtm.\ir' using process `\riscv_jtag_dtm.$proc$rtl/riscv_jtag_dtm.v:167$381'.
  created $adff cell `$procdff$1197' with positive edge clock and negative level reset.
Creating register for signal `\riscv_jtag_dtm.\ir_shift' using process `\riscv_jtag_dtm.$proc$rtl/riscv_jtag_dtm.v:167$381'.
  created $adff cell `$procdff$1198' with positive edge clock and negative level reset.
Creating register for signal `\riscv_jtag_dtm.\state' using process `\riscv_jtag_dtm.$proc$rtl/riscv_jtag_dtm.v:135$362'.
  created $adff cell `$procdff$1199' with positive edge clock and negative level reset.
Creating register for signal `\SOC.\dbg_mem_ready_r' using process `\SOC.$proc$rtl/riscv.v:764$354'.
  created $adff cell `$procdff$1200' with positive edge clock and negative level reset.
Creating register for signal `\SOC.\reset_led_counter' using process `\SOC.$proc$rtl/riscv.v:648$335'.
  created $adff cell `$procdff$1201' with positive edge clock and negative level reset.
Creating register for signal `\SOC.\reset_led_counter' using process `\SOC.$proc$rtl/riscv.v:635$330'.
  created $adff cell `$procdff$1202' with positive edge clock and negative level reset.
Creating register for signal `\SOC.\heartbeat_counter' using process `\SOC.$proc$rtl/riscv.v:627$327'.
  created $adff cell `$procdff$1203' with positive edge clock and negative level reset.
Creating register for signal `\Processor.\debug_halted' using process `\Processor.$proc$rtl/riscv.v:292$186'.
  created $dff cell `$procdff$1204' with positive edge clock.
Creating register for signal `\Processor.\PC' using process `\Processor.$proc$rtl/riscv.v:292$186'.
  created $dff cell `$procdff$1205' with positive edge clock.
Creating register for signal `\Processor.\instr' using process `\Processor.$proc$rtl/riscv.v:292$186'.
  created $dff cell `$procdff$1206' with positive edge clock.
Creating register for signal `\Processor.\rs1' using process `\Processor.$proc$rtl/riscv.v:292$186'.
  created $dff cell `$procdff$1207' with positive edge clock.
Creating register for signal `\Processor.\rs2' using process `\Processor.$proc$rtl/riscv.v:292$186'.
  created $dff cell `$procdff$1208' with positive edge clock.
Creating register for signal `\Processor.\state' using process `\Processor.$proc$rtl/riscv.v:292$186'.
  created $dff cell `$procdff$1209' with positive edge clock.
Creating register for signal `\Processor.$memwr$\RegisterBank$rtl/riscv.v:350$111_ADDR' using process `\Processor.$proc$rtl/riscv.v:292$186'.
  created $dff cell `$procdff$1210' with positive edge clock.
Creating register for signal `\Processor.$memwr$\RegisterBank$rtl/riscv.v:350$111_DATA' using process `\Processor.$proc$rtl/riscv.v:292$186'.
  created $dff cell `$procdff$1211' with positive edge clock.
Creating register for signal `\Processor.$memwr$\RegisterBank$rtl/riscv.v:350$111_EN' using process `\Processor.$proc$rtl/riscv.v:292$186'.
  created $dff cell `$procdff$1212' with positive edge clock.
Creating register for signal `\Processor.$memwr$\RegisterBank$rtl/riscv.v:361$112_ADDR' using process `\Processor.$proc$rtl/riscv.v:292$186'.
  created $dff cell `$procdff$1213' with positive edge clock.
Creating register for signal `\Processor.$memwr$\RegisterBank$rtl/riscv.v:361$112_DATA' using process `\Processor.$proc$rtl/riscv.v:292$186'.
  created $dff cell `$procdff$1214' with positive edge clock.
Creating register for signal `\Processor.$memwr$\RegisterBank$rtl/riscv.v:361$112_EN' using process `\Processor.$proc$rtl/riscv.v:292$186'.
  created $dff cell `$procdff$1215' with positive edge clock.
Creating register for signal `\Processor.\debug_reg_data_r' using process `\Processor.$proc$rtl/riscv.v:82$113'.
  created $dff cell `$procdff$1216' with positive edge clock.
Creating register for signal `\Memory.$memwr$\MEM$rtl/riscv.v:38$19_ADDR' using process `\Memory.$proc$rtl/riscv.v:25$23'.
  created $dff cell `$procdff$1217' with positive edge clock.
Creating register for signal `\Memory.\mem_rdata' using process `\Memory.$proc$rtl/riscv.v:25$23'.
  created $dff cell `$procdff$1218' with positive edge clock.
Creating register for signal `\Memory.$memwr$\MEM$rtl/riscv.v:38$19_DATA' using process `\Memory.$proc$rtl/riscv.v:25$23'.
  created $dff cell `$procdff$1219' with positive edge clock.
Creating register for signal `\Memory.$memwr$\MEM$rtl/riscv.v:38$19_EN' using process `\Memory.$proc$rtl/riscv.v:25$23'.
  created $dff cell `$procdff$1220' with positive edge clock.
Creating register for signal `\Memory.$memwr$\MEM$rtl/riscv.v:39$20_ADDR' using process `\Memory.$proc$rtl/riscv.v:25$23'.
  created $dff cell `$procdff$1221' with positive edge clock.
Creating register for signal `\Memory.$memwr$\MEM$rtl/riscv.v:39$20_DATA' using process `\Memory.$proc$rtl/riscv.v:25$23'.
  created $dff cell `$procdff$1222' with positive edge clock.
Creating register for signal `\Memory.$memwr$\MEM$rtl/riscv.v:39$20_EN' using process `\Memory.$proc$rtl/riscv.v:25$23'.
  created $dff cell `$procdff$1223' with positive edge clock.
Creating register for signal `\Memory.$memwr$\MEM$rtl/riscv.v:40$21_ADDR' using process `\Memory.$proc$rtl/riscv.v:25$23'.
  created $dff cell `$procdff$1224' with positive edge clock.
Creating register for signal `\Memory.$memwr$\MEM$rtl/riscv.v:40$21_DATA' using process `\Memory.$proc$rtl/riscv.v:25$23'.
  created $dff cell `$procdff$1225' with positive edge clock.
Creating register for signal `\Memory.$memwr$\MEM$rtl/riscv.v:40$21_EN' using process `\Memory.$proc$rtl/riscv.v:25$23'.
  created $dff cell `$procdff$1226' with positive edge clock.
Creating register for signal `\Memory.$memwr$\MEM$rtl/riscv.v:41$22_ADDR' using process `\Memory.$proc$rtl/riscv.v:25$23'.
  created $dff cell `$procdff$1227' with positive edge clock.
Creating register for signal `\Memory.$memwr$\MEM$rtl/riscv.v:41$22_DATA' using process `\Memory.$proc$rtl/riscv.v:25$23'.
  created $dff cell `$procdff$1228' with positive edge clock.
Creating register for signal `\Memory.$memwr$\MEM$rtl/riscv.v:41$22_EN' using process `\Memory.$proc$rtl/riscv.v:25$23'.
  created $dff cell `$procdff$1229' with positive edge clock.
Creating register for signal `$paramod\Clockworks\SLOW=0.\reset_cnt' using process `$paramod\Clockworks\SLOW=0.$proc$rtl/clockworks.v:103$414'.
  created $adff cell `$procdff$1230' with positive edge clock and negative level reset.
Creating register for signal `\core_debug_adapter.\halt_req' using process `\core_debug_adapter.$proc$rtl/core_debug_adapter.v:20$412'.
  created $adff cell `$procdff$1231' with positive edge clock and positive level reset.
Creating register for signal `\core_debug_adapter.\resume_req' using process `\core_debug_adapter.$proc$rtl/core_debug_adapter.v:20$412'.
  created $adff cell `$procdff$1232' with positive edge clock and positive level reset.
Creating register for signal `\core_debug_adapter.\reset_req' using process `\core_debug_adapter.$proc$rtl/core_debug_adapter.v:20$412'.
  created $adff cell `$procdff$1233' with positive edge clock and positive level reset.
Creating register for signal `\abstract_access_unit.\mem_wdata' using process `\abstract_access_unit.$proc$rtl/abstract_access_unit.v:60$409'.
  created $adff cell `$procdff$1234' with positive edge clock and positive level reset.
Creating register for signal `\abstract_access_unit.\mem_addr' using process `\abstract_access_unit.$proc$rtl/abstract_access_unit.v:60$409'.
  created $adff cell `$procdff$1235' with positive edge clock and positive level reset.
Creating register for signal `\abstract_access_unit.\debug_reg_wdata' using process `\abstract_access_unit.$proc$rtl/abstract_access_unit.v:60$409'.
  created $dff cell `$procdff$1236' with positive edge clock.
Creating register for signal `\abstract_access_unit.\debug_reg_addr' using process `\abstract_access_unit.$proc$rtl/abstract_access_unit.v:60$409'.
  created $adff cell `$procdff$1237' with positive edge clock and positive level reset.
Creating register for signal `\abstract_access_unit.\debug_reg_we' using process `\abstract_access_unit.$proc$rtl/abstract_access_unit.v:60$409'.
  created $adff cell `$procdff$1238' with positive edge clock and positive level reset.
Creating register for signal `\abstract_access_unit.\state' using process `\abstract_access_unit.$proc$rtl/abstract_access_unit.v:60$409'.
  created $adff cell `$procdff$1239' with positive edge clock and positive level reset.
Creating register for signal `\abstract_access_unit.\mem_valid' using process `\abstract_access_unit.$proc$rtl/abstract_access_unit.v:60$409'.
  created $adff cell `$procdff$1240' with positive edge clock and positive level reset.
Creating register for signal `\abstract_access_unit.\mem_write' using process `\abstract_access_unit.$proc$rtl/abstract_access_unit.v:60$409'.
  created $adff cell `$procdff$1241' with positive edge clock and positive level reset.
Creating register for signal `\abstract_access_unit.\busy' using process `\abstract_access_unit.$proc$rtl/abstract_access_unit.v:60$409'.
  created $adff cell `$procdff$1242' with positive edge clock and positive level reset.
Creating register for signal `\abstract_access_unit.\data0_out' using process `\abstract_access_unit.$proc$rtl/abstract_access_unit.v:60$409'.
  created $adff cell `$procdff$1243' with positive edge clock and positive level reset.
Creating register for signal `\abstract_access_unit.\data1_out' using process `\abstract_access_unit.$proc$rtl/abstract_access_unit.v:60$409'.
  created $adff cell `$procdff$1244' with positive edge clock and positive level reset.
Creating register for signal `\abstract_access_unit.\done' using process `\abstract_access_unit.$proc$rtl/abstract_access_unit.v:60$409'.
  created $adff cell `$procdff$1245' with positive edge clock and positive level reset.

9.3.8. Executing PROC_CLEAN pass (remove empty switches from decision trees).
Found and cleaned up 8 empty switches in `\riscv_debug_module_minimal.$proc$rtl/riscv_debug_module_minimal.v:190$407'.
Removing empty process `riscv_debug_module_minimal.$proc$rtl/riscv_debug_module_minimal.v:190$407'.
Found and cleaned up 3 empty switches in `\dmi_interface.$proc$rtl/dmi_interface.v:61$405'.
Removing empty process `dmi_interface.$proc$rtl/dmi_interface.v:61$405'.
Found and cleaned up 3 empty switches in `\dmi_cdc.$proc$rtl/dmi_cdc.v:149$401'.
Removing empty process `dmi_cdc.$proc$rtl/dmi_cdc.v:149$401'.
Found and cleaned up 2 empty switches in `\dmi_cdc.$proc$rtl/dmi_cdc.v:79$395'.
Removing empty process `dmi_cdc.$proc$rtl/dmi_cdc.v:79$395'.
Removing empty process `riscv_jtag_dtm.$proc$rtl/riscv_jtag_dtm.v:100$393'.
Removing empty process `riscv_jtag_dtm.$proc$rtl/riscv_jtag_dtm.v:305$391'.
Found and cleaned up 2 empty switches in `\riscv_jtag_dtm.$proc$rtl/riscv_jtag_dtm.v:289$388'.
Removing empty process `riscv_jtag_dtm.$proc$rtl/riscv_jtag_dtm.v:289$388'.
Found and cleaned up 1 empty switch in `\riscv_jtag_dtm.$proc$rtl/riscv_jtag_dtm.v:267$386'.
Removing empty process `riscv_jtag_dtm.$proc$rtl/riscv_jtag_dtm.v:267$386'.
Found and cleaned up 4 empty switches in `\riscv_jtag_dtm.$proc$rtl/riscv_jtag_dtm.v:189$383'.
Removing empty process `riscv_jtag_dtm.$proc$rtl/riscv_jtag_dtm.v:189$383'.
Found and cleaned up 1 empty switch in `\riscv_jtag_dtm.$proc$rtl/riscv_jtag_dtm.v:167$381'.
Removing empty process `riscv_jtag_dtm.$proc$rtl/riscv_jtag_dtm.v:167$381'.
Found and cleaned up 1 empty switch in `\riscv_jtag_dtm.$proc$rtl/riscv_jtag_dtm.v:143$364'.
Removing empty process `riscv_jtag_dtm.$proc$rtl/riscv_jtag_dtm.v:143$364'.
Removing empty process `riscv_jtag_dtm.$proc$rtl/riscv_jtag_dtm.v:135$362'.
Removing empty process `SOC.$proc$rtl/riscv.v:764$354'.
Found and cleaned up 2 empty switches in `\SOC.$proc$rtl/riscv.v:648$335'.
Removing empty process `SOC.$proc$rtl/riscv.v:648$335'.
Found and cleaned up 2 empty switches in `\SOC.$proc$rtl/riscv.v:635$330'.
Removing empty process `SOC.$proc$rtl/riscv.v:635$330'.
Removing empty process `SOC.$proc$rtl/riscv.v:627$327'.
Removing empty process `Processor.$proc$rtl/riscv.v:284$325'.
Removing empty process `Processor.$proc$rtl/riscv.v:154$260'.
Removing empty process `Processor.$proc$rtl/riscv.v:96$259'.
Removing empty process `Processor.$proc$rtl/riscv.v:177$221'.
Removing empty process `Processor.$proc$rtl/riscv.v:177$217'.
Found and cleaned up 9 empty switches in `\Processor.$proc$rtl/riscv.v:292$186'.
Removing empty process `Processor.$proc$rtl/riscv.v:292$186'.
Found and cleaned up 1 empty switch in `\Processor.$proc$rtl/riscv.v:211$145'.
Removing empty process `Processor.$proc$rtl/riscv.v:211$145'.
Found and cleaned up 1 empty switch in `\Processor.$proc$rtl/riscv.v:195$139'.
Removing empty process `Processor.$proc$rtl/riscv.v:195$139'.
Removing empty process `Processor.$proc$rtl/riscv.v:82$113'.
Found and cleaned up 5 empty switches in `\Memory.$proc$rtl/riscv.v:25$23'.
Removing empty process `Memory.$proc$rtl/riscv.v:25$23'.
Removing empty process `$paramod\Clockworks\SLOW=0.$proc$rtl/clockworks.v:98$418'.
Removing empty process `$paramod\Clockworks\SLOW=0.$proc$rtl/clockworks.v:103$414'.
Removing empty process `core_debug_adapter.$proc$rtl/core_debug_adapter.v:20$412'.
Found and cleaned up 7 empty switches in `\abstract_access_unit.$proc$rtl/abstract_access_unit.v:60$409'.
Removing empty process `abstract_access_unit.$proc$rtl/abstract_access_unit.v:60$409'.
Cleaned up 52 empty switches.

9.4. Executing FLATTEN pass (flatten design).
Using template $paramod\Clockworks\SLOW=0 for cells of type $paramod\Clockworks\SLOW=0.
Using template Memory for cells of type Memory.
Using template riscv_jtag_dtm for cells of type riscv_jtag_dtm.
Using template dmi_cdc for cells of type dmi_cdc.
Using template dmi_interface for cells of type dmi_interface.
Using template riscv_debug_module_minimal for cells of type riscv_debug_module_minimal.
Using template core_debug_adapter for cells of type core_debug_adapter.
Using template Processor for cells of type Processor.
Using template abstract_access_unit for cells of type abstract_access_unit.
<suppressed ~9 debug messages>
No more expansions possible.
Deleting now unused module riscv_debug_module_minimal.
Deleting now unused module dmi_interface.
Deleting now unused module dmi_cdc.
Deleting now unused module riscv_jtag_dtm.
Deleting now unused module Processor.
Deleting now unused module Memory.
Deleting now unused module $paramod\Clockworks\SLOW=0.
Deleting now unused module core_debug_adapter.
Deleting now unused module abstract_access_unit.

9.5. Executing TRIBUF pass.

9.6. Executing DEMINOUT pass (demote inout ports to input or output).

9.7. Executing OPT_EXPR pass (perform const folding).
Optimizing module SOC.
<suppressed ~49 debug messages>

9.8. Executing OPT_CLEAN pass (remove unused cells and wires).
Finding unused cells or wires in module \SOC..
Removed 36 unused cells and 514 unused wires.
<suppressed ~46 debug messages>

9.9. Executing CHECK pass (checking for obvious problems).
checking module SOC..
Warning: multiple conflicting drivers for SOC.\reset_led_counter [23]:
    port Q[23] of cell $procdff$1201 ($adff)
    port Q[23] of cell $procdff$1202 ($adff)
Warning: multiple conflicting drivers for SOC.\reset_led_counter [22]:
    port Q[22] of cell $procdff$1201 ($adff)
    port Q[22] of cell $procdff$1202 ($adff)
Warning: multiple conflicting drivers for SOC.\reset_led_counter [21]:
    port Q[21] of cell $procdff$1201 ($adff)
    port Q[21] of cell $procdff$1202 ($adff)
Warning: multiple conflicting drivers for SOC.\reset_led_counter [20]:
    port Q[20] of cell $procdff$1201 ($adff)
    port Q[20] of cell $procdff$1202 ($adff)
Warning: multiple conflicting drivers for SOC.\reset_led_counter [19]:
    port Q[19] of cell $procdff$1201 ($adff)
    port Q[19] of cell $procdff$1202 ($adff)
Warning: multiple conflicting drivers for SOC.\reset_led_counter [18]:
    port Q[18] of cell $procdff$1201 ($adff)
    port Q[18] of cell $procdff$1202 ($adff)
Warning: multiple conflicting drivers for SOC.\reset_led_counter [17]:
    port Q[17] of cell $procdff$1201 ($adff)
    port Q[17] of cell $procdff$1202 ($adff)
Warning: multiple conflicting drivers for SOC.\reset_led_counter [16]:
    port Q[16] of cell $procdff$1201 ($adff)
    port Q[16] of cell $procdff$1202 ($adff)
Warning: multiple conflicting drivers for SOC.\reset_led_counter [15]:
    port Q[15] of cell $procdff$1201 ($adff)
    port Q[15] of cell $procdff$1202 ($adff)
Warning: multiple conflicting drivers for SOC.\reset_led_counter [14]:
    port Q[14] of cell $procdff$1201 ($adff)
    port Q[14] of cell $procdff$1202 ($adff)
Warning: multiple conflicting drivers for SOC.\reset_led_counter [13]:
    port Q[13] of cell $procdff$1201 ($adff)
    port Q[13] of cell $procdff$1202 ($adff)
Warning: multiple conflicting drivers for SOC.\reset_led_counter [12]:
    port Q[12] of cell $procdff$1201 ($adff)
    port Q[12] of cell $procdff$1202 ($adff)
Warning: multiple conflicting drivers for SOC.\reset_led_counter [11]:
    port Q[11] of cell $procdff$1201 ($adff)
    port Q[11] of cell $procdff$1202 ($adff)
Warning: multiple conflicting drivers for SOC.\reset_led_counter [10]:
    port Q[10] of cell $procdff$1201 ($adff)
    port Q[10] of cell $procdff$1202 ($adff)
Warning: multiple conflicting drivers for SOC.\reset_led_counter [9]:
    port Q[9] of cell $procdff$1201 ($adff)
    port Q[9] of cell $procdff$1202 ($adff)
Warning: multiple conflicting drivers for SOC.\reset_led_counter [8]:
    port Q[8] of cell $procdff$1201 ($adff)
    port Q[8] of cell $procdff$1202 ($adff)
Warning: multiple conflicting drivers for SOC.\reset_led_counter [7]:
    port Q[7] of cell $procdff$1201 ($adff)
    port Q[7] of cell $procdff$1202 ($adff)
Warning: multiple conflicting drivers for SOC.\reset_led_counter [6]:
    port Q[6] of cell $procdff$1201 ($adff)
    port Q[6] of cell $procdff$1202 ($adff)
Warning: multiple conflicting drivers for SOC.\reset_led_counter [5]:
    port Q[5] of cell $procdff$1201 ($adff)
    port Q[5] of cell $procdff$1202 ($adff)
Warning: multiple conflicting drivers for SOC.\reset_led_counter [4]:
    port Q[4] of cell $procdff$1201 ($adff)
    port Q[4] of cell $procdff$1202 ($adff)
Warning: multiple conflicting drivers for SOC.\reset_led_counter [3]:
    port Q[3] of cell $procdff$1201 ($adff)
    port Q[3] of cell $procdff$1202 ($adff)
Warning: multiple conflicting drivers for SOC.\reset_led_counter [2]:
    port Q[2] of cell $procdff$1201 ($adff)
    port Q[2] of cell $procdff$1202 ($adff)
Warning: multiple conflicting drivers for SOC.\reset_led_counter [1]:
    port Q[1] of cell $procdff$1201 ($adff)
    port Q[1] of cell $procdff$1202 ($adff)
Warning: multiple conflicting drivers for SOC.\reset_led_counter [0]:
    port Q[0] of cell $procdff$1201 ($adff)
    port Q[0] of cell $procdff$1202 ($adff)
Warning: Wire SOC.\TXD is used but has no driver.
Warning: Wire SOC.\uart_rdata [31] is used but has no driver.
Warning: Wire SOC.\uart_rdata [30] is used but has no driver.
Warning: Wire SOC.\uart_rdata [29] is used but has no driver.
Warning: Wire SOC.\uart_rdata [28] is used but has no driver.
Warning: Wire SOC.\uart_rdata [27] is used but has no driver.
Warning: Wire SOC.\uart_rdata [26] is used but has no driver.
Warning: Wire SOC.\uart_rdata [25] is used but has no driver.
Warning: Wire SOC.\uart_rdata [24] is used but has no driver.
Warning: Wire SOC.\uart_rdata [23] is used but has no driver.
Warning: Wire SOC.\uart_rdata [22] is used but has no driver.
Warning: Wire SOC.\uart_rdata [21] is used but has no driver.
Warning: Wire SOC.\uart_rdata [20] is used but has no driver.
Warning: Wire SOC.\uart_rdata [19] is used but has no driver.
Warning: Wire SOC.\uart_rdata [18] is used but has no driver.
Warning: Wire SOC.\uart_rdata [17] is used but has no driver.
Warning: Wire SOC.\uart_rdata [16] is used but has no driver.
Warning: Wire SOC.\uart_rdata [15] is used but has no driver.
Warning: Wire SOC.\uart_rdata [14] is used but has no driver.
Warning: Wire SOC.\uart_rdata [13] is used but has no driver.
Warning: Wire SOC.\uart_rdata [12] is used but has no driver.
Warning: Wire SOC.\uart_rdata [11] is used but has no driver.
Warning: Wire SOC.\uart_rdata [10] is used but has no driver.
Warning: Wire SOC.\uart_rdata [9] is used but has no driver.
Warning: Wire SOC.\uart_rdata [8] is used but has no driver.
Warning: Wire SOC.\uart_rdata [7] is used but has no driver.
Warning: Wire SOC.\uart_rdata [6] is used but has no driver.
Warning: Wire SOC.\uart_rdata [5] is used but has no driver.
Warning: Wire SOC.\uart_rdata [4] is used but has no driver.
Warning: Wire SOC.\uart_rdata [3] is used but has no driver.
Warning: Wire SOC.\uart_rdata [2] is used but has no driver.
Warning: Wire SOC.\uart_rdata [1] is used but has no driver.
Warning: Wire SOC.\uart_rdata [0] is used but has no driver.
found and reported 57 problems.

9.10. Executing OPT pass (performing simple optimizations).

9.10.1. Executing OPT_EXPR pass (perform const folding).
Optimizing module SOC.

9.10.2. Executing OPT_MERGE pass (detect identical cells).
Finding identical cells in module `\SOC'.
<suppressed ~369 debug messages>
Removed a total of 123 cells.

9.10.3. Executing OPT_MUXTREE pass (detect dead branches in mux trees).
Running muxtree optimizer on module \SOC..
  Creating internal representation of mux trees.
  Evaluating internal representation of mux trees.
      Replacing known input bits on port A of cell $techmap\debug_module.$procmux$479: \debug_module.dmcontrol_reg [2] -> 1'0
      Replacing known input bits on port A of cell $techmap\dmi_cdc_inst.$procmux$632: \dmi_cdc_inst.response_pending -> 1'0
      Replacing known input bits on port A of cell $techmap\dmi_if.$procmux$627: \dmi_if.state -> 1'0
      Replacing known input bits on port A of cell $techmap\dmi_if.$procmux$625: \dmi_if.state -> 1'1
      Replacing known input bits on port A of cell $techmap\dmi_if.$procmux$629: \dmi_if.state -> 1'0
  Analyzing evaluation results.
    dead port 2/2 on $mux $ternary$rtl/riscv.v:779$357.
Removed 1 multiplexer ports.
<suppressed ~114 debug messages>

9.10.4. Executing OPT_REDUCE pass (consolidate $*mux and $reduce_* inputs).
  Optimizing cells in module \SOC.
    New input vector for $reduce_or cell $techmap\dtm.$procmux$698_ANY: { $techmap\dtm.$procmux$680_CMP [0] $techmap\dtm.$procmux$680_CMP [1] }
    New input vector for $reduce_or cell $techmap\dtm.$procmux$680_ANY: { $techmap\dtm.$procmux$680_CMP [0] $techmap\dtm.$procmux$680_CMP [1] $techmap\dtm.$procmux$680_CMP [2] }
    New input vector for $reduce_and cell $techmap\CW.$reduce_and$rtl/clockworks.v:100$413: { \CW.reset_cnt [0] \CW.reset_cnt [1] \CW.reset_cnt [2] \CW.reset_cnt [3] \CW.reset_cnt [4] \CW.reset_cnt [5] \CW.reset_cnt [6] \CW.reset_cnt [7] \CW.reset_cnt [8] \CW.reset_cnt [9] \CW.reset_cnt [10] \CW.reset_cnt [11] \CW.reset_cnt [12] \CW.reset_cnt [13] \CW.reset_cnt [14] \CW.reset_cnt [15] }
    Consolidated identical input bits for $mux cell $techmap\CPU.$procmux$770:
      Old ports: A=0, B=32'11111111111111111111111111111111, Y=$techmap\CPU.$procmux$770_Y
      New ports: A=1'0, B=1'1, Y=$techmap\CPU.$procmux$770_Y [0]
      New connections: $techmap\CPU.$procmux$770_Y [31:1] = { $techmap\CPU.$procmux$770_Y [0] $techmap\CPU.$procmux$770_Y [0] $techmap\CPU.$procmux$770_Y [0] $techmap\CPU.$procmux$770_Y [0] $techmap\CPU.$procmux$770_Y [0] $techmap\CPU.$procmux$770_Y [0] $techmap\CPU.$procmux$770_Y [0] $techmap\CPU.$procmux$770_Y [0] $techmap\CPU.$procmux$770_Y [0] $techmap\CPU.$procmux$770_Y [0] $techmap\CPU.$procmux$770_Y [0] $techmap\CPU.$procmux$770_Y [0] $techmap\CPU.$procmux$770_Y [0] $techmap\CPU.$procmux$770_Y [0] $techmap\CPU.$procmux$770_Y [0] $techmap\CPU.$procmux$770_Y [0] $techmap\CPU.$procmux$770_Y [0] $techmap\CPU.$procmux$770_Y [0] $techmap\CPU.$procmux$770_Y [0] $techmap\CPU.$procmux$770_Y [0] $techmap\CPU.$procmux$770_Y [0] $techmap\CPU.$procmux$770_Y [0] $techmap\CPU.$procmux$770_Y [0] $techmap\CPU.$procmux$770_Y [0] $techmap\CPU.$procmux$770_Y [0] $techmap\CPU.$procmux$770_Y [0] $techmap\CPU.$procmux$770_Y [0] $techmap\CPU.$procmux$770_Y [0] $techmap\CPU.$procmux$770_Y [0] $techmap\CPU.$procmux$770_Y [0] $techmap\CPU.$procmux$770_Y [0] }
    Consolidated identical input bits for $mux cell $techmap\CPU.$procmux$802:
      Old ports: A=0, B=32'11111111111111111111111111111111, Y=$techmap\CPU.$procmux$802_Y
      New ports: A=1'0, B=1'1, Y=$techmap\CPU.$procmux$802_Y [0]
      New connections: $techmap\CPU.$procmux$802_Y [31:1] = { $techmap\CPU.$procmux$802_Y [0] $techmap\CPU.$procmux$802_Y [0] $techmap\CPU.$procmux$802_Y [0] $techmap\CPU.$procmux$802_Y [0] $techmap\CPU.$procmux$802_Y [0] $techmap\CPU.$procmux$802_Y [0] $techmap\CPU.$procmux$802_Y [0] $techmap\CPU.$procmux$802_Y [0] $techmap\CPU.$procmux$802_Y [0] $techmap\CPU.$procmux$802_Y [0] $techmap\CPU.$procmux$802_Y [0] $techmap\CPU.$procmux$802_Y [0] $techmap\CPU.$procmux$802_Y [0] $techmap\CPU.$procmux$802_Y [0] $techmap\CPU.$procmux$802_Y [0] $techmap\CPU.$procmux$802_Y [0] $techmap\CPU.$procmux$802_Y [0] $techmap\CPU.$procmux$802_Y [0] $techmap\CPU.$procmux$802_Y [0] $techmap\CPU.$procmux$802_Y [0] $techmap\CPU.$procmux$802_Y [0] $techmap\CPU.$procmux$802_Y [0] $techmap\CPU.$procmux$802_Y [0] $techmap\CPU.$procmux$802_Y [0] $techmap\CPU.$procmux$802_Y [0] $techmap\CPU.$procmux$802_Y [0] $techmap\CPU.$procmux$802_Y [0] $techmap\CPU.$procmux$802_Y [0] $techmap\CPU.$procmux$802_Y [0] $techmap\CPU.$procmux$802_Y [0] $techmap\CPU.$procmux$802_Y [0] }
    New ctrl vector for $pmux cell $techmap\CPU.$procmux$837: { $techmap\CPU.$eq$rtl/riscv.v:489$209_Y $techmap\CPU.$eq$rtl/riscv.v:489$208_Y $techmap\CPU.$procmux$842_CMP $techmap\CPU.$eq$rtl/riscv.v:490$213_Y $auto$opt_reduce.cc:132:opt_mux$1247 }
    Consolidated identical input bits for $mux cell $techmap\RAM.$procmux$941:
      Old ports: A=0, B=255, Y=$techmap\RAM.$0$memwr$\MEM$rtl/riscv.v:38$19_EN[31:0]$26
      New ports: A=1'0, B=1'1, Y=$techmap\RAM.$0$memwr$\MEM$rtl/riscv.v:38$19_EN[31:0]$26 [0]
      New connections: $techmap\RAM.$0$memwr$\MEM$rtl/riscv.v:38$19_EN[31:0]$26 [31:1] = { 24'000000000000000000000000 $techmap\RAM.$0$memwr$\MEM$rtl/riscv.v:38$19_EN[31:0]$26 [0] $techmap\RAM.$0$memwr$\MEM$rtl/riscv.v:38$19_EN[31:0]$26 [0] $techmap\RAM.$0$memwr$\MEM$rtl/riscv.v:38$19_EN[31:0]$26 [0] $techmap\RAM.$0$memwr$\MEM$rtl/riscv.v:38$19_EN[31:0]$26 [0] $techmap\RAM.$0$memwr$\MEM$rtl/riscv.v:38$19_EN[31:0]$26 [0] $techmap\RAM.$0$memwr$\MEM$rtl/riscv.v:38$19_EN[31:0]$26 [0] $techmap\RAM.$0$memwr$\MEM$rtl/riscv.v:38$19_EN[31:0]$26 [0] }
    Consolidated identical input bits for $mux cell $techmap\RAM.$procmux$947:
      Old ports: A=0, B=65280, Y=$techmap\RAM.$0$memwr$\MEM$rtl/riscv.v:39$20_EN[31:0]$29
      New ports: A=1'0, B=1'1, Y=$techmap\RAM.$0$memwr$\MEM$rtl/riscv.v:39$20_EN[31:0]$29 [8]
      New connections: { $techmap\RAM.$0$memwr$\MEM$rtl/riscv.v:39$20_EN[31:0]$29 [31:9] $techmap\RAM.$0$memwr$\MEM$rtl/riscv.v:39$20_EN[31:0]$29 [7:0] } = { 16'0000000000000000 $techmap\RAM.$0$memwr$\MEM$rtl/riscv.v:39$20_EN[31:0]$29 [8] $techmap\RAM.$0$memwr$\MEM$rtl/riscv.v:39$20_EN[31:0]$29 [8] $techmap\RAM.$0$memwr$\MEM$rtl/riscv.v:39$20_EN[31:0]$29 [8] $techmap\RAM.$0$memwr$\MEM$rtl/riscv.v:39$20_EN[31:0]$29 [8] $techmap\RAM.$0$memwr$\MEM$rtl/riscv.v:39$20_EN[31:0]$29 [8] $techmap\RAM.$0$memwr$\MEM$rtl/riscv.v:39$20_EN[31:0]$29 [8] $techmap\RAM.$0$memwr$\MEM$rtl/riscv.v:39$20_EN[31:0]$29 [8] 8'00000000 }
    Consolidated identical input bits for $mux cell $techmap\RAM.$procmux$953:
      Old ports: A=0, B=16711680, Y=$techmap\RAM.$0$memwr$\MEM$rtl/riscv.v:40$21_EN[31:0]$32
      New ports: A=1'0, B=1'1, Y=$techmap\RAM.$0$memwr$\MEM$rtl/riscv.v:40$21_EN[31:0]$32 [16]
      New connections: { $techmap\RAM.$0$memwr$\MEM$rtl/riscv.v:40$21_EN[31:0]$32 [31:17] $techmap\RAM.$0$memwr$\MEM$rtl/riscv.v:40$21_EN[31:0]$32 [15:0] } = { 8'00000000 $techmap\RAM.$0$memwr$\MEM$rtl/riscv.v:40$21_EN[31:0]$32 [16] $techmap\RAM.$0$memwr$\MEM$rtl/riscv.v:40$21_EN[31:0]$32 [16] $techmap\RAM.$0$memwr$\MEM$rtl/riscv.v:40$21_EN[31:0]$32 [16] $techmap\RAM.$0$memwr$\MEM$rtl/riscv.v:40$21_EN[31:0]$32 [16] $techmap\RAM.$0$memwr$\MEM$rtl/riscv.v:40$21_EN[31:0]$32 [16] $techmap\RAM.$0$memwr$\MEM$rtl/riscv.v:40$21_EN[31:0]$32 [16] $techmap\RAM.$0$memwr$\MEM$rtl/riscv.v:40$21_EN[31:0]$32 [16] 16'0000000000000000 }
    Consolidated identical input bits for $mux cell $techmap\RAM.$procmux$959:
      Old ports: A=0, B=32'11111111000000000000000000000000, Y=$techmap\RAM.$0$memwr$\MEM$rtl/riscv.v:41$22_EN[31:0]$35
      New ports: A=1'0, B=1'1, Y=$techmap\RAM.$0$memwr$\MEM$rtl/riscv.v:41$22_EN[31:0]$35 [24]
      New connections: { $techmap\RAM.$0$memwr$\MEM$rtl/riscv.v:41$22_EN[31:0]$35 [31:25] $techmap\RAM.$0$memwr$\MEM$rtl/riscv.v:41$22_EN[31:0]$35 [23:0] } = { $techmap\RAM.$0$memwr$\MEM$rtl/riscv.v:41$22_EN[31:0]$35 [24] $techmap\RAM.$0$memwr$\MEM$rtl/riscv.v:41$22_EN[31:0]$35 [24] $techmap\RAM.$0$memwr$\MEM$rtl/riscv.v:41$22_EN[31:0]$35 [24] $techmap\RAM.$0$memwr$\MEM$rtl/riscv.v:41$22_EN[31:0]$35 [24] $techmap\RAM.$0$memwr$\MEM$rtl/riscv.v:41$22_EN[31:0]$35 [24] $techmap\RAM.$0$memwr$\MEM$rtl/riscv.v:41$22_EN[31:0]$35 [24] $techmap\RAM.$0$memwr$\MEM$rtl/riscv.v:41$22_EN[31:0]$35 [24] 24'000000000000000000000000 }
    New ctrl vector for $mux cell $techmap\debug_module.$procmux$479: { }
    New ctrl vector for $pmux cell $techmap\debug_module.$procmux$554: $auto$opt_reduce.cc:132:opt_mux$1249
    New ctrl vector for $pmux cell $techmap\debug_module.$procmux$564: $auto$opt_reduce.cc:132:opt_mux$1251
    New ctrl vector for $pmux cell $techmap\debug_module.aau.$procmux$1056: $auto$opt_reduce.cc:132:opt_mux$1253
    New ctrl vector for $pmux cell $techmap\debug_module.aau.$procmux$1065: { $techmap\debug_module.aau.$procmux$1012_CMP $techmap\debug_module.aau.$procmux$1071_CMP $auto$opt_reduce.cc:132:opt_mux$1255 $techmap\debug_module.aau.$procmux$1041_CMP $techmap\debug_module.aau.$procmux$1040_CMP }
    New ctrl vector for $pmux cell $techmap\debug_module.aau.$procmux$1102: $auto$opt_reduce.cc:132:opt_mux$1257
    New ctrl vector for $pmux cell $techmap\debug_module.aau.$procmux$1129: $auto$opt_reduce.cc:132:opt_mux$1259
    New ctrl vector for $pmux cell $techmap\debug_module.aau.$procmux$991: { $techmap\debug_module.aau.$procmux$1012_CMP $techmap\debug_module.aau.$procmux$1070_CMP $techmap\debug_module.aau.$procmux$1041_CMP $auto$opt_reduce.cc:132:opt_mux$1261 }
    New ctrl vector for $mux cell $techmap\dmi_cdc_inst.$procmux$632: { }
    New ctrl vector for $pmux cell $techmap\dtm.$procmux$696: $auto$opt_reduce.cc:132:opt_mux$1263
    New input vector for $reduce_or cell $auto$opt_reduce.cc:126:opt_mux$1246: { $techmap\CPU.$eq$rtl/riscv.v:491$215_Y $techmap\CPU.$eq$rtl/riscv.v:487$206_Y $techmap\CPU.$eq$rtl/riscv.v:486$201_Y }
    New input vector for $reduce_or cell $auto$opt_reduce.cc:126:opt_mux$1248: { $techmap\debug_module.$procmux$557_CMP $techmap\debug_module.$procmux$516_CMP $techmap\debug_module.$procmux$501_CMP $techmap\debug_module.$procmux$461_CMP $techmap\debug_module.$procmux$448_CMP $techmap\debug_module.$procmux$425_CMP }
    New input vector for $reduce_or cell $auto$opt_reduce.cc:126:opt_mux$1256: { $techmap\debug_module.aau.$procmux$1076_CMP $techmap\debug_module.aau.$procmux$1009_CMP }
    New input vector for $reduce_or cell $auto$opt_reduce.cc:126:opt_mux$1262: { $techmap\dtm.$procmux$680_CMP [0] $techmap\dtm.$procmux$680_CMP [1] $techmap\dtm.$procmux$680_CMP [2] }
  Optimizing cells in module \SOC.
    Consolidated identical input bits for $mux cell $techmap\CPU.$procmux$772:
      Old ports: A=0, B=$techmap\CPU.$procmux$770_Y, Y=$techmap\CPU.$procmux$772_Y
      New ports: A=1'0, B=$techmap\CPU.$procmux$770_Y [0], Y=$techmap\CPU.$procmux$772_Y [0]
      New connections: $techmap\CPU.$procmux$772_Y [31:1] = { $techmap\CPU.$procmux$772_Y [0] $techmap\CPU.$procmux$772_Y [0] $techmap\CPU.$procmux$772_Y [0] $techmap\CPU.$procmux$772_Y [0] $techmap\CPU.$procmux$772_Y [0] $techmap\CPU.$procmux$772_Y [0] $techmap\CPU.$procmux$772_Y [0] $techmap\CPU.$procmux$772_Y [0] $techmap\CPU.$procmux$772_Y [0] $techmap\CPU.$procmux$772_Y [0] $techmap\CPU.$procmux$772_Y [0] $techmap\CPU.$procmux$772_Y [0] $techmap\CPU.$procmux$772_Y [0] $techmap\CPU.$procmux$772_Y [0] $techmap\CPU.$procmux$772_Y [0] $techmap\CPU.$procmux$772_Y [0] $techmap\CPU.$procmux$772_Y [0] $techmap\CPU.$procmux$772_Y [0] $techmap\CPU.$procmux$772_Y [0] $techmap\CPU.$procmux$772_Y [0] $techmap\CPU.$procmux$772_Y [0] $techmap\CPU.$procmux$772_Y [0] $techmap\CPU.$procmux$772_Y [0] $techmap\CPU.$procmux$772_Y [0] $techmap\CPU.$procmux$772_Y [0] $techmap\CPU.$procmux$772_Y [0] $techmap\CPU.$procmux$772_Y [0] $techmap\CPU.$procmux$772_Y [0] $techmap\CPU.$procmux$772_Y [0] $techmap\CPU.$procmux$772_Y [0] $techmap\CPU.$procmux$772_Y [0] }
    Consolidated identical input bits for $mux cell $techmap\CPU.$procmux$805:
      Old ports: A=$techmap\CPU.$procmux$802_Y, B=0, Y=$techmap\CPU.$procmux$805_Y
      New ports: A=$techmap\CPU.$procmux$802_Y [0], B=1'0, Y=$techmap\CPU.$procmux$805_Y [0]
      New connections: $techmap\CPU.$procmux$805_Y [31:1] = { $techmap\CPU.$procmux$805_Y [0] $techmap\CPU.$procmux$805_Y [0] $techmap\CPU.$procmux$805_Y [0] $techmap\CPU.$procmux$805_Y [0] $techmap\CPU.$procmux$805_Y [0] $techmap\CPU.$procmux$805_Y [0] $techmap\CPU.$procmux$805_Y [0] $techmap\CPU.$procmux$805_Y [0] $techmap\CPU.$procmux$805_Y [0] $techmap\CPU.$procmux$805_Y [0] $techmap\CPU.$procmux$805_Y [0] $techmap\CPU.$procmux$805_Y [0] $techmap\CPU.$procmux$805_Y [0] $techmap\CPU.$procmux$805_Y [0] $techmap\CPU.$procmux$805_Y [0] $techmap\CPU.$procmux$805_Y [0] $techmap\CPU.$procmux$805_Y [0] $techmap\CPU.$procmux$805_Y [0] $techmap\CPU.$procmux$805_Y [0] $techmap\CPU.$procmux$805_Y [0] $techmap\CPU.$procmux$805_Y [0] $techmap\CPU.$procmux$805_Y [0] $techmap\CPU.$procmux$805_Y [0] $techmap\CPU.$procmux$805_Y [0] $techmap\CPU.$procmux$805_Y [0] $techmap\CPU.$procmux$805_Y [0] $techmap\CPU.$procmux$805_Y [0] $techmap\CPU.$procmux$805_Y [0] $techmap\CPU.$procmux$805_Y [0] $techmap\CPU.$procmux$805_Y [0] $techmap\CPU.$procmux$805_Y [0] }
  Optimizing cells in module \SOC.
    Consolidated identical input bits for $mux cell $techmap\CPU.$procmux$775:
      Old ports: A=0, B=$techmap\CPU.$procmux$772_Y, Y=$techmap\CPU.$procmux$775_Y
      New ports: A=1'0, B=$techmap\CPU.$procmux$772_Y [0], Y=$techmap\CPU.$procmux$775_Y [0]
      New connections: $techmap\CPU.$procmux$775_Y [31:1] = { $techmap\CPU.$procmux$775_Y [0] $techmap\CPU.$procmux$775_Y [0] $techmap\CPU.$procmux$775_Y [0] $techmap\CPU.$procmux$775_Y [0] $techmap\CPU.$procmux$775_Y [0] $techmap\CPU.$procmux$775_Y [0] $techmap\CPU.$procmux$775_Y [0] $techmap\CPU.$procmux$775_Y [0] $techmap\CPU.$procmux$775_Y [0] $techmap\CPU.$procmux$775_Y [0] $techmap\CPU.$procmux$775_Y [0] $techmap\CPU.$procmux$775_Y [0] $techmap\CPU.$procmux$775_Y [0] $techmap\CPU.$procmux$775_Y [0] $techmap\CPU.$procmux$775_Y [0] $techmap\CPU.$procmux$775_Y [0] $techmap\CPU.$procmux$775_Y [0] $techmap\CPU.$procmux$775_Y [0] $techmap\CPU.$procmux$775_Y [0] $techmap\CPU.$procmux$775_Y [0] $techmap\CPU.$procmux$775_Y [0] $techmap\CPU.$procmux$775_Y [0] $techmap\CPU.$procmux$775_Y [0] $techmap\CPU.$procmux$775_Y [0] $techmap\CPU.$procmux$775_Y [0] $techmap\CPU.$procmux$775_Y [0] $techmap\CPU.$procmux$775_Y [0] $techmap\CPU.$procmux$775_Y [0] $techmap\CPU.$procmux$775_Y [0] $techmap\CPU.$procmux$775_Y [0] $techmap\CPU.$procmux$775_Y [0] }
    Consolidated identical input bits for $mux cell $techmap\CPU.$procmux$808:
      Old ports: A=0, B=$techmap\CPU.$procmux$805_Y, Y=$techmap\CPU.$procmux$808_Y
      New ports: A=1'0, B=$techmap\CPU.$procmux$805_Y [0], Y=$techmap\CPU.$procmux$808_Y [0]
      New connections: $techmap\CPU.$procmux$808_Y [31:1] = { $techmap\CPU.$procmux$808_Y [0] $techmap\CPU.$procmux$808_Y [0] $techmap\CPU.$procmux$808_Y [0] $techmap\CPU.$procmux$808_Y [0] $techmap\CPU.$procmux$808_Y [0] $techmap\CPU.$procmux$808_Y [0] $techmap\CPU.$procmux$808_Y [0] $techmap\CPU.$procmux$808_Y [0] $techmap\CPU.$procmux$808_Y [0] $techmap\CPU.$procmux$808_Y [0] $techmap\CPU.$procmux$808_Y [0] $techmap\CPU.$procmux$808_Y [0] $techmap\CPU.$procmux$808_Y [0] $techmap\CPU.$procmux$808_Y [0] $techmap\CPU.$procmux$808_Y [0] $techmap\CPU.$procmux$808_Y [0] $techmap\CPU.$procmux$808_Y [0] $techmap\CPU.$procmux$808_Y [0] $techmap\CPU.$procmux$808_Y [0] $techmap\CPU.$procmux$808_Y [0] $techmap\CPU.$procmux$808_Y [0] $techmap\CPU.$procmux$808_Y [0] $techmap\CPU.$procmux$808_Y [0] $techmap\CPU.$procmux$808_Y [0] $techmap\CPU.$procmux$808_Y [0] $techmap\CPU.$procmux$808_Y [0] $techmap\CPU.$procmux$808_Y [0] $techmap\CPU.$procmux$808_Y [0] $techmap\CPU.$procmux$808_Y [0] $techmap\CPU.$procmux$808_Y [0] $techmap\CPU.$procmux$808_Y [0] }
  Optimizing cells in module \SOC.
    Consolidated identical input bits for $mux cell $techmap\CPU.$procmux$778:
      Old ports: A=$techmap\CPU.$procmux$775_Y, B=0, Y=$techmap\CPU.$0$memwr$\RegisterBank$rtl/riscv.v:350$111_EN[31:0]$189
      New ports: A=$techmap\CPU.$procmux$775_Y [0], B=1'0, Y=$techmap\CPU.$0$memwr$\RegisterBank$rtl/riscv.v:350$111_EN[31:0]$189 [0]
      New connections: $techmap\CPU.$0$memwr$\RegisterBank$rtl/riscv.v:350$111_EN[31:0]$189 [31:1] = { $techmap\CPU.$0$memwr$\RegisterBank$rtl/riscv.v:350$111_EN[31:0]$189 [0] $techmap\CPU.$0$memwr$\RegisterBank$rtl/riscv.v:350$111_EN[31:0]$189 [0] $techmap\CPU.$0$memwr$\RegisterBank$rtl/riscv.v:350$111_EN[31:0]$189 [0] $techmap\CPU.$0$memwr$\RegisterBank$rtl/riscv.v:350$111_EN[31:0]$189 [0] $techmap\CPU.$0$memwr$\RegisterBank$rtl/riscv.v:350$111_EN[31:0]$189 [0] $techmap\CPU.$0$memwr$\RegisterBank$rtl/riscv.v:350$111_EN[31:0]$189 [0] $techmap\CPU.$0$memwr$\RegisterBank$rtl/riscv.v:350$111_EN[31:0]$189 [0] $techmap\CPU.$0$memwr$\RegisterBank$rtl/riscv.v:350$111_EN[31:0]$189 [0] $techmap\CPU.$0$memwr$\RegisterBank$rtl/riscv.v:350$111_EN[31:0]$189 [0] $techmap\CPU.$0$memwr$\RegisterBank$rtl/riscv.v:350$111_EN[31:0]$189 [0] $techmap\CPU.$0$memwr$\RegisterBank$rtl/riscv.v:350$111_EN[31:0]$189 [0] $techmap\CPU.$0$memwr$\RegisterBank$rtl/riscv.v:350$111_EN[31:0]$189 [0] $techmap\CPU.$0$memwr$\RegisterBank$rtl/riscv.v:350$111_EN[31:0]$189 [0] $techmap\CPU.$0$memwr$\RegisterBank$rtl/riscv.v:350$111_EN[31:0]$189 [0] $techmap\CPU.$0$memwr$\RegisterBank$rtl/riscv.v:350$111_EN[31:0]$189 [0] $techmap\CPU.$0$memwr$\RegisterBank$rtl/riscv.v:350$111_EN[31:0]$189 [0] $techmap\CPU.$0$memwr$\RegisterBank$rtl/riscv.v:350$111_EN[31:0]$189 [0] $techmap\CPU.$0$memwr$\RegisterBank$rtl/riscv.v:350$111_EN[31:0]$189 [0] $techmap\CPU.$0$memwr$\RegisterBank$rtl/riscv.v:350$111_EN[31:0]$189 [0] $techmap\CPU.$0$memwr$\RegisterBank$rtl/riscv.v:350$111_EN[31:0]$189 [0] $techmap\CPU.$0$memwr$\RegisterBank$rtl/riscv.v:350$111_EN[31:0]$189 [0] $techmap\CPU.$0$memwr$\RegisterBank$rtl/riscv.v:350$111_EN[31:0]$189 [0] $techmap\CPU.$0$memwr$\RegisterBank$rtl/riscv.v:350$111_EN[31:0]$189 [0] $techmap\CPU.$0$memwr$\RegisterBank$rtl/riscv.v:350$111_EN[31:0]$189 [0] $techmap\CPU.$0$memwr$\RegisterBank$rtl/riscv.v:350$111_EN[31:0]$189 [0] $techmap\CPU.$0$memwr$\RegisterBank$rtl/riscv.v:350$111_EN[31:0]$189 [0] $techmap\CPU.$0$memwr$\RegisterBank$rtl/riscv.v:350$111_EN[31:0]$189 [0] $techmap\CPU.$0$memwr$\RegisterBank$rtl/riscv.v:350$111_EN[31:0]$189 [0] $techmap\CPU.$0$memwr$\RegisterBank$rtl/riscv.v:350$111_EN[31:0]$189 [0] $techmap\CPU.$0$memwr$\RegisterBank$rtl/riscv.v:350$111_EN[31:0]$189 [0] $techmap\CPU.$0$memwr$\RegisterBank$rtl/riscv.v:350$111_EN[31:0]$189 [0] }
    Consolidated identical input bits for $mux cell $techmap\CPU.$procmux$811:
      Old ports: A=$techmap\CPU.$procmux$808_Y, B=0, Y=$techmap\CPU.$0$memwr$\RegisterBank$rtl/riscv.v:361$112_EN[31:0]$192
      New ports: A=$techmap\CPU.$procmux$808_Y [0], B=1'0, Y=$techmap\CPU.$0$memwr$\RegisterBank$rtl/riscv.v:361$112_EN[31:0]$192 [0]
      New connections: $techmap\CPU.$0$memwr$\RegisterBank$rtl/riscv.v:361$112_EN[31:0]$192 [31:1] = { $techmap\CPU.$0$memwr$\RegisterBank$rtl/riscv.v:361$112_EN[31:0]$192 [0] $techmap\CPU.$0$memwr$\RegisterBank$rtl/riscv.v:361$112_EN[31:0]$192 [0] $techmap\CPU.$0$memwr$\RegisterBank$rtl/riscv.v:361$112_EN[31:0]$192 [0] $techmap\CPU.$0$memwr$\RegisterBank$rtl/riscv.v:361$112_EN[31:0]$192 [0] $techmap\CPU.$0$memwr$\RegisterBank$rtl/riscv.v:361$112_EN[31:0]$192 [0] $techmap\CPU.$0$memwr$\RegisterBank$rtl/riscv.v:361$112_EN[31:0]$192 [0] $techmap\CPU.$0$memwr$\RegisterBank$rtl/riscv.v:361$112_EN[31:0]$192 [0] $techmap\CPU.$0$memwr$\RegisterBank$rtl/riscv.v:361$112_EN[31:0]$192 [0] $techmap\CPU.$0$memwr$\RegisterBank$rtl/riscv.v:361$112_EN[31:0]$192 [0] $techmap\CPU.$0$memwr$\RegisterBank$rtl/riscv.v:361$112_EN[31:0]$192 [0] $techmap\CPU.$0$memwr$\RegisterBank$rtl/riscv.v:361$112_EN[31:0]$192 [0] $techmap\CPU.$0$memwr$\RegisterBank$rtl/riscv.v:361$112_EN[31:0]$192 [0] $techmap\CPU.$0$memwr$\RegisterBank$rtl/riscv.v:361$112_EN[31:0]$192 [0] $techmap\CPU.$0$memwr$\RegisterBank$rtl/riscv.v:361$112_EN[31:0]$192 [0] $techmap\CPU.$0$memwr$\RegisterBank$rtl/riscv.v:361$112_EN[31:0]$192 [0] $techmap\CPU.$0$memwr$\RegisterBank$rtl/riscv.v:361$112_EN[31:0]$192 [0] $techmap\CPU.$0$memwr$\RegisterBank$rtl/riscv.v:361$112_EN[31:0]$192 [0] $techmap\CPU.$0$memwr$\RegisterBank$rtl/riscv.v:361$112_EN[31:0]$192 [0] $techmap\CPU.$0$memwr$\RegisterBank$rtl/riscv.v:361$112_EN[31:0]$192 [0] $techmap\CPU.$0$memwr$\RegisterBank$rtl/riscv.v:361$112_EN[31:0]$192 [0] $techmap\CPU.$0$memwr$\RegisterBank$rtl/riscv.v:361$112_EN[31:0]$192 [0] $techmap\CPU.$0$memwr$\RegisterBank$rtl/riscv.v:361$112_EN[31:0]$192 [0] $techmap\CPU.$0$memwr$\RegisterBank$rtl/riscv.v:361$112_EN[31:0]$192 [0] $techmap\CPU.$0$memwr$\RegisterBank$rtl/riscv.v:361$112_EN[31:0]$192 [0] $techmap\CPU.$0$memwr$\RegisterBank$rtl/riscv.v:361$112_EN[31:0]$192 [0] $techmap\CPU.$0$memwr$\RegisterBank$rtl/riscv.v:361$112_EN[31:0]$192 [0] $techmap\CPU.$0$memwr$\RegisterBank$rtl/riscv.v:361$112_EN[31:0]$192 [0] $techmap\CPU.$0$memwr$\RegisterBank$rtl/riscv.v:361$112_EN[31:0]$192 [0] $techmap\CPU.$0$memwr$\RegisterBank$rtl/riscv.v:361$112_EN[31:0]$192 [0] $techmap\CPU.$0$memwr$\RegisterBank$rtl/riscv.v:361$112_EN[31:0]$192 [0] $techmap\CPU.$0$memwr$\RegisterBank$rtl/riscv.v:361$112_EN[31:0]$192 [0] }
  Optimizing cells in module \SOC.
Performed a total of 30 changes.

9.10.5. Executing OPT_MERGE pass (detect identical cells).
Finding identical cells in module `\SOC'.
<suppressed ~45 debug messages>
Removed a total of 15 cells.

9.10.6. Executing OPT_RMDFF pass (remove dff with constant values).
Removing $techmap\debug_module.aau.$procdff$1244 ($adff) from module SOC.
Promoting init spec \dtm.tdo_reg = 1'0 to constant driver in module SOC.
Promoted 1 init specs to constant drivers.
Replaced 1 DFF cells.

9.10.7. Executing OPT_CLEAN pass (remove unused cells and wires).
Finding unused cells or wires in module \SOC..
Removed 1 unused cells and 136 unused wires.
<suppressed ~2 debug messages>

9.10.8. Executing OPT_EXPR pass (perform const folding).
Optimizing module SOC.

9.10.9. Rerunning OPT passes. (Maybe there is more to do..)

9.10.10. Executing OPT_MUXTREE pass (detect dead branches in mux trees).
Running muxtree optimizer on module \SOC..
  Creating internal representation of mux trees.
  Evaluating internal representation of mux trees.
  Analyzing evaluation results.
Removed 0 multiplexer ports.
<suppressed ~115 debug messages>

9.10.11. Executing OPT_REDUCE pass (consolidate $*mux and $reduce_* inputs).
  Optimizing cells in module \SOC.
    New ctrl vector for $pmux cell $techmap\debug_module.aau.$procmux$1051: { $techmap\debug_module.aau.$procmux$1012_CMP $auto$opt_reduce.cc:132:opt_mux$1265 }
    New ctrl vector for $pmux cell $techmap\debug_module.aau.$procmux$1065: { $techmap\debug_module.aau.$procmux$1012_CMP $techmap\debug_module.aau.$procmux$1071_CMP $auto$opt_reduce.cc:132:opt_mux$1255 $auto$opt_reduce.cc:132:opt_mux$1267 }
    New ctrl vector for $pmux cell $techmap\debug_module.aau.$procmux$970: { $techmap\debug_module.aau.$procmux$1012_CMP $techmap\debug_module.aau.$procmux$1071_CMP $auto$opt_reduce.cc:132:opt_mux$1269 }
    New ctrl vector for $pmux cell $techmap\dtm.$procmux$742: { $techmap\dtm.$procmux$758_CMP $techmap\dtm.$procmux$756_CMP $auto$opt_reduce.cc:132:opt_mux$1275 $techmap\dtm.$procmux$753_CMP $techmap\dtm.$procmux$752_CMP $techmap\dtm.$procmux$751_CMP $techmap\dtm.$procmux$749_CMP $auto$opt_reduce.cc:132:opt_mux$1273 $techmap\dtm.$procmux$746_CMP $techmap\dtm.$procmux$745_CMP $techmap\dtm.$procmux$744_CMP $auto$opt_reduce.cc:132:opt_mux$1271 }
  Optimizing cells in module \SOC.
Performed a total of 4 changes.

9.10.12. Executing OPT_MERGE pass (detect identical cells).
Finding identical cells in module `\SOC'.
<suppressed ~9 debug messages>
Removed a total of 3 cells.

9.10.13. Executing OPT_RMDFF pass (remove dff with constant values).

9.10.14. Executing OPT_CLEAN pass (remove unused cells and wires).
Finding unused cells or wires in module \SOC..
Removed 0 unused cells and 3 unused wires.
<suppressed ~1 debug messages>

9.10.15. Executing OPT_EXPR pass (perform const folding).
Optimizing module SOC.

9.10.16. Rerunning OPT passes. (Maybe there is more to do..)

9.10.17. Executing OPT_MUXTREE pass (detect dead branches in mux trees).
Running muxtree optimizer on module \SOC..
  Creating internal representation of mux trees.
  Evaluating internal representation of mux trees.
  Analyzing evaluation results.
Removed 0 multiplexer ports.
<suppressed ~115 debug messages>

9.10.18. Executing OPT_REDUCE pass (consolidate $*mux and $reduce_* inputs).
  Optimizing cells in module \SOC.
Performed a total of 0 changes.

9.10.19. Executing OPT_MERGE pass (detect identical cells).
Finding identical cells in module `\SOC'.
Removed a total of 0 cells.

9.10.20. Executing OPT_RMDFF pass (remove dff with constant values).

9.10.21. Executing OPT_CLEAN pass (remove unused cells and wires).
Finding unused cells or wires in module \SOC..

9.10.22. Executing OPT_EXPR pass (perform const folding).
Optimizing module SOC.

9.10.23. Finished OPT passes. (There is nothing left to do.)

9.11. Executing WREDUCE pass (reducing word size of cells).
Removed top 27 address bits (of 32) from memory init port SOC.$techmap\CPU.$meminit$\RegisterBank$rtl/riscv.v:156$225 (CPU.RegisterBank).
Removed top 27 address bits (of 32) from memory init port SOC.$techmap\CPU.$meminit$\RegisterBank$rtl/riscv.v:156$226 (CPU.RegisterBank).
Removed top 27 address bits (of 32) from memory init port SOC.$techmap\CPU.$meminit$\RegisterBank$rtl/riscv.v:156$227 (CPU.RegisterBank).
Removed top 27 address bits (of 32) from memory init port SOC.$techmap\CPU.$meminit$\RegisterBank$rtl/riscv.v:156$228 (CPU.RegisterBank).
Removed top 27 address bits (of 32) from memory init port SOC.$techmap\CPU.$meminit$\RegisterBank$rtl/riscv.v:156$229 (CPU.RegisterBank).
Removed top 27 address bits (of 32) from memory init port SOC.$techmap\CPU.$meminit$\RegisterBank$rtl/riscv.v:156$230 (CPU.RegisterBank).
Removed top 27 address bits (of 32) from memory init port SOC.$techmap\CPU.$meminit$\RegisterBank$rtl/riscv.v:156$231 (CPU.RegisterBank).
Removed top 27 address bits (of 32) from memory init port SOC.$techmap\CPU.$meminit$\RegisterBank$rtl/riscv.v:156$232 (CPU.RegisterBank).
Removed top 27 address bits (of 32) from memory init port SOC.$techmap\CPU.$meminit$\RegisterBank$rtl/riscv.v:156$233 (CPU.RegisterBank).
Removed top 27 address bits (of 32) from memory init port SOC.$techmap\CPU.$meminit$\RegisterBank$rtl/riscv.v:156$234 (CPU.RegisterBank).
Removed top 27 address bits (of 32) from memory init port SOC.$techmap\CPU.$meminit$\RegisterBank$rtl/riscv.v:156$235 (CPU.RegisterBank).
Removed top 27 address bits (of 32) from memory init port SOC.$techmap\CPU.$meminit$\RegisterBank$rtl/riscv.v:156$236 (CPU.RegisterBank).
Removed top 27 address bits (of 32) from memory init port SOC.$techmap\CPU.$meminit$\RegisterBank$rtl/riscv.v:156$237 (CPU.RegisterBank).
Removed top 27 address bits (of 32) from memory init port SOC.$techmap\CPU.$meminit$\RegisterBank$rtl/riscv.v:156$238 (CPU.RegisterBank).
Removed top 27 address bits (of 32) from memory init port SOC.$techmap\CPU.$meminit$\RegisterBank$rtl/riscv.v:156$239 (CPU.RegisterBank).
Removed top 27 address bits (of 32) from memory init port SOC.$techmap\CPU.$meminit$\RegisterBank$rtl/riscv.v:156$240 (CPU.RegisterBank).
Removed top 27 address bits (of 32) from memory init port SOC.$techmap\CPU.$meminit$\RegisterBank$rtl/riscv.v:156$241 (CPU.RegisterBank).
Removed top 27 address bits (of 32) from memory init port SOC.$techmap\CPU.$meminit$\RegisterBank$rtl/riscv.v:156$242 (CPU.RegisterBank).
Removed top 27 address bits (of 32) from memory init port SOC.$techmap\CPU.$meminit$\RegisterBank$rtl/riscv.v:156$243 (CPU.RegisterBank).
Removed top 27 address bits (of 32) from memory init port SOC.$techmap\CPU.$meminit$\RegisterBank$rtl/riscv.v:156$244 (CPU.RegisterBank).
Removed top 27 address bits (of 32) from memory init port SOC.$techmap\CPU.$meminit$\RegisterBank$rtl/riscv.v:156$245 (CPU.RegisterBank).
Removed top 27 address bits (of 32) from memory init port SOC.$techmap\CPU.$meminit$\RegisterBank$rtl/riscv.v:156$246 (CPU.RegisterBank).
Removed top 27 address bits (of 32) from memory init port SOC.$techmap\CPU.$meminit$\RegisterBank$rtl/riscv.v:156$247 (CPU.RegisterBank).
Removed top 27 address bits (of 32) from memory init port SOC.$techmap\CPU.$meminit$\RegisterBank$rtl/riscv.v:156$248 (CPU.RegisterBank).
Removed top 27 address bits (of 32) from memory init port SOC.$techmap\CPU.$meminit$\RegisterBank$rtl/riscv.v:156$249 (CPU.RegisterBank).
Removed top 27 address bits (of 32) from memory init port SOC.$techmap\CPU.$meminit$\RegisterBank$rtl/riscv.v:156$250 (CPU.RegisterBank).
Removed top 27 address bits (of 32) from memory init port SOC.$techmap\CPU.$meminit$\RegisterBank$rtl/riscv.v:156$251 (CPU.RegisterBank).
Removed top 27 address bits (of 32) from memory init port SOC.$techmap\CPU.$meminit$\RegisterBank$rtl/riscv.v:156$252 (CPU.RegisterBank).
Removed top 27 address bits (of 32) from memory init port SOC.$techmap\CPU.$meminit$\RegisterBank$rtl/riscv.v:156$253 (CPU.RegisterBank).
Removed top 27 address bits (of 32) from memory init port SOC.$techmap\CPU.$meminit$\RegisterBank$rtl/riscv.v:156$254 (CPU.RegisterBank).
Removed top 27 address bits (of 32) from memory init port SOC.$techmap\CPU.$meminit$\RegisterBank$rtl/riscv.v:156$255 (CPU.RegisterBank).
Removed top 27 address bits (of 32) from memory init port SOC.$techmap\CPU.$meminit$\RegisterBank$rtl/riscv.v:156$256 (CPU.RegisterBank).
Removed top 21 address bits (of 32) from memory init port SOC.$techmap\RAM.$meminit$\MEM$rtl/riscv.v:20$37 (RAM.MEM).
Removed top 19 address bits (of 30) from memory read port SOC.$techmap\RAM.$memrd$\MEM$rtl/riscv.v:36$36 (RAM.MEM).
Removed top 19 address bits (of 30) from memory write port SOC.$techmap\RAM.$memwr$\MEM$rtl/riscv.v:38$38 (RAM.MEM).
Removed top 19 address bits (of 30) from memory write port SOC.$techmap\RAM.$memwr$\MEM$rtl/riscv.v:39$39 (RAM.MEM).
Removed top 19 address bits (of 30) from memory write port SOC.$techmap\RAM.$memwr$\MEM$rtl/riscv.v:40$40 (RAM.MEM).
Removed top 19 address bits (of 30) from memory write port SOC.$techmap\RAM.$memwr$\MEM$rtl/riscv.v:41$41 (RAM.MEM).
Removed top 1 bits (of 20) from port B of cell SOC.$eq$rtl/riscv.v:731$340 ($eq).
Removed top 15 bits (of 16) from port B of cell SOC.$techmap\CW.$add$rtl/clockworks.v:107$417 ($add).
Removed top 19 bits (of 30) from FF cell SOC.$techmap\RAM.$procdff$1221 ($dff).
Removed top 7 bits (of 32) from FF cell SOC.$techmap\RAM.$procdff$1229 ($dff).
Removed top 19 bits (of 30) from FF cell SOC.$techmap\RAM.$procdff$1227 ($dff).
Removed top 8 bits (of 32) from FF cell SOC.$techmap\RAM.$procdff$1226 ($dff).
Removed top 19 bits (of 30) from FF cell SOC.$techmap\RAM.$procdff$1224 ($dff).
Removed top 16 bits (of 32) from FF cell SOC.$techmap\RAM.$procdff$1223 ($dff).
Removed top 24 bits (of 32) from FF cell SOC.$techmap\RAM.$procdff$1220 ($dff).
Removed top 19 bits (of 30) from FF cell SOC.$techmap\RAM.$procdff$1217 ($dff).
Removed cell SOC.$techmap\RAM.$procmux$963 ($mux).
Removed cell SOC.$techmap\RAM.$procmux$961 ($mux).
Removed cell SOC.$techmap\RAM.$procmux$957 ($mux).
Removed cell SOC.$techmap\RAM.$procmux$955 ($mux).
Removed cell SOC.$techmap\RAM.$procmux$951 ($mux).
Removed cell SOC.$techmap\RAM.$procmux$949 ($mux).
Removed cell SOC.$techmap\RAM.$procmux$945 ($mux).
Removed cell SOC.$techmap\RAM.$procmux$943 ($mux).
Removed top 3 bits (of 4) from port B of cell SOC.$techmap\dtm.$procmux$757_CMP0 ($eq).
Removed top 1 bits (of 4) from port B of cell SOC.$techmap\dtm.$procmux$749_CMP0 ($eq).
Removed top 1 bits (of 4) from port B of cell SOC.$techmap\dtm.$procmux$746_CMP0 ($eq).
Removed top 1 bits (of 4) from port B of cell SOC.$techmap\dtm.$procmux$745_CMP0 ($eq).
Removed top 2 bits (of 4) from port B of cell SOC.$techmap\dtm.$procmux$741_CMP0 ($eq).
Removed top 1 bits (of 4) from port B of cell SOC.$techmap\dtm.$procmux$739_CMP0 ($eq).
Removed top 2 bits (of 4) from port B of cell SOC.$techmap\dtm.$procmux$738_CMP0 ($eq).
Removed top 4 bits (of 5) from port B of cell SOC.$techmap\dtm.$procmux$680_CMP0 ($eq).
Removed top 3 bits (of 4) from mux cell SOC.$techmap\dtm.$ternary$rtl/riscv_jtag_dtm.v:160$379 ($mux).
Removed top 1 bits (of 4) from mux cell SOC.$techmap\dtm.$ternary$rtl/riscv_jtag_dtm.v:158$377 ($mux).
Removed top 1 bits (of 4) from mux cell SOC.$techmap\dtm.$ternary$rtl/riscv_jtag_dtm.v:156$375 ($mux).
Removed top 1 bits (of 4) from mux cell SOC.$techmap\dtm.$ternary$rtl/riscv_jtag_dtm.v:155$374 ($mux).
Removed top 2 bits (of 4) from mux cell SOC.$techmap\dtm.$ternary$rtl/riscv_jtag_dtm.v:152$372 ($mux).
Removed top 3 bits (of 4) from mux cell SOC.$techmap\dtm.$ternary$rtl/riscv_jtag_dtm.v:151$371 ($mux).
Removed top 1 bits (of 4) from mux cell SOC.$techmap\dtm.$ternary$rtl/riscv_jtag_dtm.v:150$370 ($mux).
Removed top 1 bits (of 4) from mux cell SOC.$techmap\dtm.$ternary$rtl/riscv_jtag_dtm.v:148$368 ($mux).
Removed top 3 bits (of 4) from mux cell SOC.$techmap\dtm.$ternary$rtl/riscv_jtag_dtm.v:145$365 ($mux).
Removed top 1 bits (of 2) from port B of cell SOC.$techmap\debug_module.$procmux$562_CMP0 ($eq).
Removed top 2 bits (of 7) from port B of cell SOC.$techmap\debug_module.$procmux$557_CMP0 ($eq).
Removed top 4 bits (of 7) from port B of cell SOC.$techmap\debug_module.$procmux$516_CMP0 ($eq).
Removed top 4 bits (of 7) from port B of cell SOC.$techmap\debug_module.$procmux$501_CMP0 ($eq).
Removed top 2 bits (of 7) from port B of cell SOC.$techmap\debug_module.$procmux$461_CMP0 ($eq).
Removed top 2 bits (of 7) from port B of cell SOC.$techmap\debug_module.$procmux$448_CMP0 ($eq).
Removed top 2 bits (of 7) from port B of cell SOC.$techmap\debug_module.$procmux$425_CMP0 ($eq).
Removed top 31 bits (of 32) from FF cell SOC.$techmap\CPU.$procdff$1215 ($dff).
Removed top 31 bits (of 32) from FF cell SOC.$techmap\CPU.$procdff$1212 ($dff).
Removed top 1 bits (of 3) from port B of cell SOC.$techmap\CPU.$procmux$938_CMP0 ($eq).
Removed top 1 bits (of 3) from port B of cell SOC.$techmap\CPU.$procmux$937_CMP0 ($eq).
Removed top 1 bits (of 3) from port B of cell SOC.$techmap\CPU.$procmux$842_CMP0 ($eq).
Removed cell SOC.$techmap\CPU.$procmux$833 ($mux).
Removed cell SOC.$techmap\CPU.$procmux$830 ($mux).
Removed cell SOC.$techmap\CPU.$procmux$827 ($mux).
Removed cell SOC.$techmap\CPU.$procmux$824 ($mux).
Removed cell SOC.$techmap\CPU.$procmux$822 ($mux).
Removed cell SOC.$techmap\CPU.$procmux$819 ($mux).
Removed cell SOC.$techmap\CPU.$procmux$816 ($mux).
Removed cell SOC.$techmap\CPU.$procmux$813 ($mux).
Removed cell SOC.$techmap\CPU.$procmux$800 ($mux).
Removed cell SOC.$techmap\CPU.$procmux$797 ($mux).
Removed cell SOC.$techmap\CPU.$procmux$794 ($mux).
Removed cell SOC.$techmap\CPU.$procmux$792 ($mux).
Removed cell SOC.$techmap\CPU.$procmux$789 ($mux).
Removed cell SOC.$techmap\CPU.$procmux$786 ($mux).
Removed cell SOC.$techmap\CPU.$procmux$783 ($mux).
Removed cell SOC.$techmap\CPU.$procmux$781 ($mux).
Removed top 2 bits (of 3) from port B of cell SOC.$techmap\CPU.$eq$rtl/riscv.v:489$208 ($eq).
Removed top 1 bits (of 3) from port B of cell SOC.$techmap\CPU.$eq$rtl/riscv.v:486$201 ($eq).
Removed top 2 bits (of 4) from mux cell SOC.$techmap\CPU.$ternary$rtl/riscv.v:269$178 ($mux).
Removed top 1 bits (of 2) from port B of cell SOC.$techmap\CPU.$eq$rtl/riscv.v:243$165 ($eq).
Removed top 27 bits (of 32) from mux cell SOC.$techmap\CPU.$ternary$rtl/riscv.v:240$162 ($mux).
Removed top 29 bits (of 32) from port B of cell SOC.$techmap\CPU.$add$rtl/riscv.v:227$152 ($add).
Removed top 1 bits (of 32) from mux cell SOC.$techmap\CPU.$ternary$rtl/riscv.v:225$149 ($mux).
Removed top 1 bits (of 33) from port Y of cell SOC.$techmap\CPU.$sshr$rtl/riscv.v:190$138 ($sshr).
Removed top 2 bits (of 3) from port B of cell SOC.$techmap\CPU.$eq$rtl/riscv.v:187$135 ($eq).
Removed top 32 bits (of 33) from port B of cell SOC.$techmap\CPU.$add$rtl/riscv.v:170$131 ($add).
Removed top 1 bits (of 33) from port B of cell SOC.$techmap\CPU.$add$rtl/riscv.v:170$130 ($add).
Removed top 1 bits (of 7) from port B of cell SOC.$techmap\CPU.$eq$rtl/riscv.v:126$123 ($eq).
Removed top 5 bits (of 7) from port B of cell SOC.$techmap\CPU.$eq$rtl/riscv.v:125$122 ($eq).
Removed top 1 bits (of 7) from port B of cell SOC.$techmap\CPU.$eq$rtl/riscv.v:124$121 ($eq).
Removed top 2 bits (of 7) from port B of cell SOC.$techmap\CPU.$eq$rtl/riscv.v:123$120 ($eq).
Removed top 1 bits (of 7) from port B of cell SOC.$techmap\CPU.$eq$rtl/riscv.v:118$115 ($eq).
Removed top 6 bits (of 8) from port B of cell SOC.$techmap\debug_module.aau.$procmux$1076_CMP0 ($eq).
Removed top 2 bits (of 3) from port B of cell SOC.$techmap\debug_module.aau.$procmux$1072_CMP0 ($eq).
Removed top 1 bits (of 3) from port B of cell SOC.$techmap\debug_module.aau.$procmux$1071_CMP0 ($eq).
Removed top 1 bits (of 3) from port B of cell SOC.$techmap\debug_module.aau.$procmux$1070_CMP0 ($eq).
Removed top 6 bits (of 8) from port B of cell SOC.$techmap\debug_module.aau.$procmux$1044_CMP0 ($eq).
Removed top 5 bits (of 8) from port B of cell SOC.$techmap\debug_module.aau.$procmux$1043_CMP0 ($eq).
Removed top 7 bits (of 8) from port B of cell SOC.$techmap\debug_module.aau.$procmux$1009_CMP0 ($eq).
Removed top 2 bits (of 8) from port B of cell SOC.$techmap\debug_module.aau.$eq$rtl/abstract_access_unit.v:121$410 ($eq).
Removed top 19 bits (of 32) from mux cell SOC.$ternary$rtl/riscv.v:746$343 ($mux).
Removed top 7 bits (of 24) from FF cell SOC.$techmap\RAM.$procdff$1226 ($dff).
Removed top 7 bits (of 16) from FF cell SOC.$techmap\RAM.$procdff$1223 ($dff).
Removed top 7 bits (of 8) from FF cell SOC.$techmap\RAM.$procdff$1220 ($dff).
Removed top 1 bits (of 32) from mux cell SOC.$techmap\CPU.$ternary$rtl/riscv.v:225$150 ($mux).
Removed top 2 bits (of 4) from wire SOC.$techmap\CPU.$ternary$rtl/riscv.v:269$178_Y.
Removed top 15 bits (of 16) from wire SOC.$techmap\CW.$logic_not$rtl/clockworks.v:107$416_Y.
Removed top 19 bits (of 30) from wire SOC.$techmap\RAM.$0$memwr$\MEM$rtl/riscv.v:38$19_ADDR[29:0]$24.
Removed top 24 bits (of 32) from wire SOC.$techmap\RAM.$0$memwr$\MEM$rtl/riscv.v:38$19_DATA[31:0]$25.
Removed top 24 bits (of 32) from wire SOC.$techmap\RAM.$0$memwr$\MEM$rtl/riscv.v:38$19_EN[31:0]$26.
Removed top 19 bits (of 30) from wire SOC.$techmap\RAM.$0$memwr$\MEM$rtl/riscv.v:39$20_ADDR[29:0]$27.
Removed top 16 bits (of 32) from wire SOC.$techmap\RAM.$0$memwr$\MEM$rtl/riscv.v:39$20_DATA[31:0]$28.
Removed top 16 bits (of 32) from wire SOC.$techmap\RAM.$0$memwr$\MEM$rtl/riscv.v:39$20_EN[31:0]$29.
Removed top 19 bits (of 30) from wire SOC.$techmap\RAM.$0$memwr$\MEM$rtl/riscv.v:40$21_ADDR[29:0]$30.
Removed top 8 bits (of 32) from wire SOC.$techmap\RAM.$0$memwr$\MEM$rtl/riscv.v:40$21_DATA[31:0]$31.
Removed top 8 bits (of 32) from wire SOC.$techmap\RAM.$0$memwr$\MEM$rtl/riscv.v:40$21_EN[31:0]$32.
Removed top 19 bits (of 30) from wire SOC.$techmap\RAM.$0$memwr$\MEM$rtl/riscv.v:41$22_ADDR[29:0]$33.
Removed top 19 bits (of 30) from wire SOC.$techmap\RAM.$memwr$\MEM$rtl/riscv.v:38$19_ADDR.
Removed top 24 bits (of 32) from wire SOC.$techmap\RAM.$memwr$\MEM$rtl/riscv.v:38$19_EN.
Removed top 19 bits (of 30) from wire SOC.$techmap\RAM.$memwr$\MEM$rtl/riscv.v:39$20_ADDR.
Removed top 16 bits (of 32) from wire SOC.$techmap\RAM.$memwr$\MEM$rtl/riscv.v:39$20_EN.
Removed top 19 bits (of 30) from wire SOC.$techmap\RAM.$memwr$\MEM$rtl/riscv.v:40$21_ADDR.
Removed top 8 bits (of 32) from wire SOC.$techmap\RAM.$memwr$\MEM$rtl/riscv.v:40$21_EN.
Removed top 19 bits (of 30) from wire SOC.$techmap\RAM.$memwr$\MEM$rtl/riscv.v:41$22_ADDR.
Removed top 3 bits (of 4) from wire SOC.$techmap\dtm.$ternary$rtl/riscv_jtag_dtm.v:145$365_Y.
Removed top 1 bits (of 4) from wire SOC.$techmap\dtm.$ternary$rtl/riscv_jtag_dtm.v:148$368_Y.
Removed top 1 bits (of 4) from wire SOC.$techmap\dtm.$ternary$rtl/riscv_jtag_dtm.v:150$370_Y.
Removed top 3 bits (of 4) from wire SOC.$techmap\dtm.$ternary$rtl/riscv_jtag_dtm.v:151$371_Y.
Removed top 2 bits (of 4) from wire SOC.$techmap\dtm.$ternary$rtl/riscv_jtag_dtm.v:152$372_Y.
Removed top 1 bits (of 4) from wire SOC.$techmap\dtm.$ternary$rtl/riscv_jtag_dtm.v:155$374_Y.
Removed top 1 bits (of 4) from wire SOC.$techmap\dtm.$ternary$rtl/riscv_jtag_dtm.v:156$375_Y.
Removed top 1 bits (of 4) from wire SOC.$techmap\dtm.$ternary$rtl/riscv_jtag_dtm.v:158$377_Y.
Removed top 3 bits (of 4) from wire SOC.$techmap\dtm.$ternary$rtl/riscv_jtag_dtm.v:160$379_Y.
Removed top 19 bits (of 32) from wire SOC.RAM.mem_addr.
Removed top 30 bits (of 32) from wire SOC.debug_module.dmstatus.

9.12. Executing PEEPOPT pass (run peephole optimizers).

9.13. Executing OPT_CLEAN pass (remove unused cells and wires).
Finding unused cells or wires in module \SOC..
Removed 0 unused cells and 55 unused wires.
<suppressed ~1 debug messages>

9.14. Executing SHARE pass (SAT-based resource sharing).
Found 4 cells in module SOC that may be considered for resource sharing.
  Analyzing resource sharing options for $techmap\RAM.$memrd$\MEM$rtl/riscv.v:36$36 ($memrd):
    Found 1 activation_patterns using ctrl signal \RAM.mem_rstrb.
    No candidates found.
  Analyzing resource sharing options for $techmap\CPU.$sshr$rtl/riscv.v:190$138 ($sshr):
    Found 2 activation_patterns using ctrl signal { \CPU.isAUIPC \CPU.isLUI \CPU.isLoad $techmap\CPU.$eq$rtl/riscv.v:187$135_Y $techmap\CPU.$logic_or$rtl/riscv.v:230$153_Y $techmap\CPU.$procmux$928_CMP }.
    No candidates found.
  Analyzing resource sharing options for $techmap\CPU.$memrd$\RegisterBank$rtl/riscv.v:400$200 ($memrd):
    Found 1 activation_patterns using ctrl signal { \CPU.halted_next $techmap\CPU.$procmux$842_CMP \adapter.reset_req \CW.resetn }.
    Found 1 candidates: $techmap\CPU.$memrd$\RegisterBank$rtl/riscv.v:399$199
    Analyzing resource sharing with $techmap\CPU.$memrd$\RegisterBank$rtl/riscv.v:399$199 ($memrd):
      Found 1 activation_patterns using ctrl signal { \CPU.halted_next $techmap\CPU.$procmux$842_CMP \adapter.reset_req \CW.resetn }.
      Activation pattern for cell $techmap\CPU.$memrd$\RegisterBank$rtl/riscv.v:400$200: { \CPU.halted_next $techmap\CPU.$procmux$842_CMP \adapter.reset_req \CW.resetn } = 4'0101
      Activation pattern for cell $techmap\CPU.$memrd$\RegisterBank$rtl/riscv.v:399$199: { \CPU.halted_next $techmap\CPU.$procmux$842_CMP \adapter.reset_req \CW.resetn } = 4'0101
      Size of SAT problem: 5 cells, 69 variables, 142 clauses
      According to the SAT solver this pair of cells can not be shared.
      Model from SAT solver: { \CPU.halted_next $techmap\CPU.$procmux$842_CMP \adapter.reset_req \CW.resetn } = 4'0101
  Analyzing resource sharing options for $techmap\CPU.$memrd$\RegisterBank$rtl/riscv.v:399$199 ($memrd):
    Found 1 activation_patterns using ctrl signal { \CPU.halted_next $techmap\CPU.$procmux$842_CMP \adapter.reset_req \CW.resetn }.
    No candidates found.

9.15. Executing TECHMAP pass (map to technology primitives).

9.15.1. Executing Verilog-2005 frontend: /usr/bin/../share/yosys/cmp2lut.v
Parsing Verilog input from `/usr/bin/../share/yosys/cmp2lut.v' to AST representation.
Generating RTLIL representation for module `\_90_lut_cmp_'.
Successfully finished Verilog frontend.

9.15.2. Continuing TECHMAP pass.
Using template $paramod$947b4e84b41c8268c0b3f732cf601a46e109cf2f\_90_lut_cmp_ for cells of type $eq.
Using template $paramod$5c2d7617d568809e504489b04c3cf382857f302a\_90_lut_cmp_ for cells of type $eq.
Using template $paramod$157b513ca31cf76e38adcf07acb1841cad2cb8bf\_90_lut_cmp_ for cells of type $eq.
Using template $paramod$428611b5d438e29cebfd18261be0c8e5ae5db6e9\_90_lut_cmp_ for cells of type $eq.
Using template $paramod$968c93632f950ce0f306709fa121c1e7a868940c\_90_lut_cmp_ for cells of type $eq.
Using template $paramod$dc6060208f0369ff43b26b7eee8e43bf61e4b025\_90_lut_cmp_ for cells of type $eq.
Using template $paramod$b2c078492117e804fad9a0ec69f4ef95c8e4fc36\_90_lut_cmp_ for cells of type $eq.
Using template $paramod$efc71e781fe178e08e0b73b60d007d65bb528021\_90_lut_cmp_ for cells of type $eq.
Using template $paramod$64fdb727b8fb55a4fe9731fe5b6468d06ea5e6e3\_90_lut_cmp_ for cells of type $eq.
Using template $paramod$df71d3c5c306636e78c1ede81ccfd95a4d222f85\_90_lut_cmp_ for cells of type $eq.
Using template $paramod$71de91d27376199a7ef88a0ac0b14252f100e8e2\_90_lut_cmp_ for cells of type $eq.
Using template $paramod$8c0aa91d4db8741c9947d7a0de6c875d8dfddc39\_90_lut_cmp_ for cells of type $eq.
Using template $paramod$d0a69964f9ce54b3124cbdb498a7c3bb278370d8\_90_lut_cmp_ for cells of type $eq.
Using template $paramod$f697708cd68b7ab769087d4d36092ed6d4550934\_90_lut_cmp_ for cells of type $eq.
Using template $paramod$ed69233d74549f287b72a59633b9a76ab6bcc119\_90_lut_cmp_ for cells of type $eq.
Using template $paramod$6816abac91a51b405c3de5bceb2855c03dd44485\_90_lut_cmp_ for cells of type $eq.
Using template $paramod$99e5b0ecd4c7f9fb6cd3a733593eba894c42613f\_90_lut_cmp_ for cells of type $eq.
Using template $paramod$4cde4291caf5aa85a196975f3624151774a86d78\_90_lut_cmp_ for cells of type $eq.
Using template $paramod$169bae89c32dcc6f3626d16cf9f47ceb469145db\_90_lut_cmp_ for cells of type $eq.
Using template $paramod$d31416a5863a8a220e16d7940a75ab70541ab32a\_90_lut_cmp_ for cells of type $eq.
Using template $paramod$5652dda64580ddd7861fd245e644fd33eae2e158\_90_lut_cmp_ for cells of type $eq.
Using template $paramod$5b7c8f37cb386acdf3ce7e528c09e6d15eb51b72\_90_lut_cmp_ for cells of type $eq.
Using template $paramod$77ad031fce233083715243f95e3cd2547d931e42\_90_lut_cmp_ for cells of type $eq.
Using template $paramod$d87a48a4cd82717ae6bd57e6fe5ce90d87c44016\_90_lut_cmp_ for cells of type $eq.
No more expansions possible.
<suppressed ~888 debug messages>

9.16. Executing OPT_EXPR pass (perform const folding).
Optimizing module SOC.

9.17. Executing OPT_CLEAN pass (remove unused cells and wires).
Finding unused cells or wires in module \SOC..
Removed 0 unused cells and 108 unused wires.
<suppressed ~1 debug messages>

9.18. Executing ALUMACC pass (create $alu and $macc cells).
Extracting $alu and $macc cells in module SOC:
  creating $macc model for $add$rtl/riscv.v:631$329 ($add).
  creating $macc model for $sub$rtl/riscv.v:641$333 ($sub).
  creating $macc model for $techmap\CPU.$add$rtl/riscv.v:166$128 ($add).
  creating $macc model for $techmap\CPU.$add$rtl/riscv.v:170$130 ($add).
  creating $macc model for $techmap\CPU.$add$rtl/riscv.v:170$131 ($add).
  creating $macc model for $techmap\CPU.$add$rtl/riscv.v:225$151 ($add).
  creating $macc model for $techmap\CPU.$add$rtl/riscv.v:227$152 ($add).
  creating $macc model for $techmap\CPU.$add$rtl/riscv.v:240$163 ($add).
  creating $macc model for $techmap\CW.$add$rtl/clockworks.v:107$417 ($add).
  merging $macc model for $techmap\CPU.$add$rtl/riscv.v:170$130 into $techmap\CPU.$add$rtl/riscv.v:170$131.
  creating $alu model for $macc $techmap\CPU.$add$rtl/riscv.v:240$163.
  creating $alu model for $macc $techmap\CPU.$add$rtl/riscv.v:227$152.
  creating $alu model for $macc $techmap\CPU.$add$rtl/riscv.v:225$151.
  creating $alu model for $macc $techmap\CPU.$add$rtl/riscv.v:170$131.
  creating $alu model for $macc $techmap\CW.$add$rtl/clockworks.v:107$417.
  creating $alu model for $macc $techmap\CPU.$add$rtl/riscv.v:166$128.
  creating $alu model for $macc $sub$rtl/riscv.v:641$333.
  creating $alu model for $macc $add$rtl/riscv.v:631$329.
  creating $alu cell for $add$rtl/riscv.v:631$329: $auto$alumacc.cc:474:replace_alu$1366
  creating $alu cell for $sub$rtl/riscv.v:641$333: $auto$alumacc.cc:474:replace_alu$1369
  creating $alu cell for $techmap\CPU.$add$rtl/riscv.v:166$128: $auto$alumacc.cc:474:replace_alu$1372
  creating $alu cell for $techmap\CW.$add$rtl/clockworks.v:107$417: $auto$alumacc.cc:474:replace_alu$1375
  creating $alu cell for $techmap\CPU.$add$rtl/riscv.v:170$131: $auto$alumacc.cc:474:replace_alu$1378
  creating $alu cell for $techmap\CPU.$add$rtl/riscv.v:225$151: $auto$alumacc.cc:474:replace_alu$1381
  creating $alu cell for $techmap\CPU.$add$rtl/riscv.v:227$152: $auto$alumacc.cc:474:replace_alu$1384
  creating $alu cell for $techmap\CPU.$add$rtl/riscv.v:240$163: $auto$alumacc.cc:474:replace_alu$1387
  created 8 $alu and 0 $macc cells.

9.19. Executing OPT pass (performing simple optimizations).

9.19.1. Executing OPT_EXPR pass (perform const folding).
Optimizing module SOC.

9.19.2. Executing OPT_MERGE pass (detect identical cells).
Finding identical cells in module `\SOC'.
<suppressed ~12 debug messages>
Removed a total of 4 cells.

9.19.3. Executing OPT_MUXTREE pass (detect dead branches in mux trees).
Running muxtree optimizer on module \SOC..
  Creating internal representation of mux trees.
  Evaluating internal representation of mux trees.
  Analyzing evaluation results.
Removed 0 multiplexer ports.
<suppressed ~104 debug messages>

9.19.4. Executing OPT_REDUCE pass (consolidate $*mux and $reduce_* inputs).
  Optimizing cells in module \SOC.
Performed a total of 0 changes.

9.19.5. Executing OPT_MERGE pass (detect identical cells).
Finding identical cells in module `\SOC'.
<suppressed ~3 debug messages>
Removed a total of 1 cells.

9.19.6. Executing OPT_RMDFF pass (remove dff with constant values).

9.19.7. Executing OPT_CLEAN pass (remove unused cells and wires).
Finding unused cells or wires in module \SOC..
Removed 1 unused cells and 6 unused wires.
<suppressed ~2 debug messages>

9.19.8. Executing OPT_EXPR pass (perform const folding).
Optimizing module SOC.

9.19.9. Rerunning OPT passes. (Maybe there is more to do..)

9.19.10. Executing OPT_MUXTREE pass (detect dead branches in mux trees).
Running muxtree optimizer on module \SOC..
  Creating internal representation of mux trees.
  Evaluating internal representation of mux trees.
  Analyzing evaluation results.
Removed 0 multiplexer ports.
<suppressed ~104 debug messages>

9.19.11. Executing OPT_REDUCE pass (consolidate $*mux and $reduce_* inputs).
  Optimizing cells in module \SOC.
Performed a total of 0 changes.

9.19.12. Executing OPT_MERGE pass (detect identical cells).
Finding identical cells in module `\SOC'.
Removed a total of 0 cells.

9.19.13. Executing OPT_RMDFF pass (remove dff with constant values).

9.19.14. Executing OPT_CLEAN pass (remove unused cells and wires).
Finding unused cells or wires in module \SOC..

9.19.15. Executing OPT_EXPR pass (perform const folding).
Optimizing module SOC.

9.19.16. Finished OPT passes. (There is nothing left to do.)

9.20. Executing FSM pass (extract and optimize FSM).

9.20.1. Executing FSM_DETECT pass (finding FSMs in design).
Not marking SOC.CPU.state as FSM state register:
    Users of register don't seem to benefit from recoding.
    Register has an initialization value.
Not marking SOC.debug_module.aau.state as FSM state register:
    Users of register don't seem to benefit from recoding.
Not marking SOC.debug_module.dm_resp as FSM state register:
    Users of register don't seem to benefit from recoding.
Not marking SOC.dtm.state as FSM state register:
    Users of register don't seem to benefit from recoding.
    Register has an initialization value.

9.20.2. Executing FSM_EXTRACT pass (extracting FSM from design).

9.20.3. Executing FSM_OPT pass (simple optimizations of FSMs).

9.20.4. Executing OPT_CLEAN pass (remove unused cells and wires).
Finding unused cells or wires in module \SOC..

9.20.5. Executing FSM_OPT pass (simple optimizations of FSMs).

9.20.6. Executing FSM_RECODE pass (re-assigning FSM state encoding).

9.20.7. Executing FSM_INFO pass (dumping all available information on FSM cells).

9.20.8. Executing FSM_MAP pass (mapping FSMs to basic logic).

9.21. Executing OPT pass (performing simple optimizations).

9.21.1. Executing OPT_EXPR pass (perform const folding).
Optimizing module SOC.

9.21.2. Executing OPT_MERGE pass (detect identical cells).
Finding identical cells in module `\SOC'.
Removed a total of 0 cells.

9.21.3. Executing OPT_RMDFF pass (remove dff with constant values).

9.21.4. Executing OPT_CLEAN pass (remove unused cells and wires).
Finding unused cells or wires in module \SOC..

9.21.5. Finished fast OPT passes.

9.22. Executing MEMORY pass.

9.22.1. Executing MEMORY_DFF pass (merging $dff cells to $memrd and $memwr).
Checking cell `$techmap\CPU.$memwr$\RegisterBank$rtl/riscv.v:350$257' in module `\SOC': merged $dff to cell.
Checking cell `$techmap\CPU.$memwr$\RegisterBank$rtl/riscv.v:361$258' in module `\SOC': merged $dff to cell.
Checking cell `$techmap\RAM.$memwr$\MEM$rtl/riscv.v:38$38' in module `\SOC': merged $dff to cell.
Checking cell `$techmap\RAM.$memwr$\MEM$rtl/riscv.v:39$39' in module `\SOC': merged $dff to cell.
Checking cell `$techmap\RAM.$memwr$\MEM$rtl/riscv.v:40$40' in module `\SOC': merged $dff to cell.
Checking cell `$techmap\RAM.$memwr$\MEM$rtl/riscv.v:41$41' in module `\SOC': merged $dff to cell.
Checking cell `$techmap\CPU.$memrd$\RegisterBank$rtl/riscv.v:399$199' in module `\SOC': merged data $dff with rd enable to cell.
Checking cell `$techmap\CPU.$memrd$\RegisterBank$rtl/riscv.v:400$200' in module `\SOC': merged data $dff with rd enable to cell.
Checking cell `$techmap\CPU.$memrd$\RegisterBank$rtl/riscv.v:83$114' in module `\SOC': merged data $dff to cell.
Checking cell `$techmap\RAM.$memrd$\MEM$rtl/riscv.v:36$36' in module `\SOC': merged data $dff with rd enable to cell.

9.22.2. Executing OPT_CLEAN pass (remove unused cells and wires).
Finding unused cells or wires in module \SOC..
Removed 28 unused cells and 32 unused wires.
<suppressed ~29 debug messages>

9.22.3. Executing MEMORY_SHARE pass (consolidating $memrd/$memwr cells).
Consolidating write ports of memory SOC.CPU.RegisterBank by address:
  New clock domain: posedge \CLK
    Port 0 ($techmap\CPU.$memwr$\RegisterBank$rtl/riscv.v:350$257) has addr \debug_module.aau.debug_reg_addr.
      Active bits: 11111111111111111111111111111111
    Port 1 ($techmap\CPU.$memwr$\RegisterBank$rtl/riscv.v:361$258) has addr \CPU.instr [11:7].
      Active bits: 11111111111111111111111111111111
Consolidating write ports of memory SOC.RAM.MEM by address:
  New clock domain: posedge \CLK
    Port 0 ($techmap\RAM.$memwr$\MEM$rtl/riscv.v:38$38) has addr \RAM.mem_addr [12:2].
      Active bits: 00000000000000000000000011111111
    Port 1 ($techmap\RAM.$memwr$\MEM$rtl/riscv.v:39$39) has addr \RAM.mem_addr [12:2].
      Active bits: 00000000000000001111111100000000
      Merging port 0 into this one.
      Active bits: 00000000000000001111111111111111
    Port 2 ($techmap\RAM.$memwr$\MEM$rtl/riscv.v:40$40) has addr \RAM.mem_addr [12:2].
      Active bits: 00000000111111110000000000000000
      Merging port 1 into this one.
      Active bits: 00000000111111111111111111111111
    Port 3 ($techmap\RAM.$memwr$\MEM$rtl/riscv.v:41$41) has addr \RAM.mem_addr [12:2].
      Active bits: 11111111000000000000000000000000
      Merging port 2 into this one.
      Active bits: 11111111111111111111111111111111
Consolidating write ports of memory SOC.CPU.RegisterBank using sat-based resource sharing:
  Port 0 ($techmap\CPU.$memwr$\RegisterBank$rtl/riscv.v:350$257) on posedge \CLK: considered
  Port 1 ($techmap\CPU.$memwr$\RegisterBank$rtl/riscv.v:361$258) on posedge \CLK: considered
  Common input cone for all EN signals: 26 cells.
  Size of unconstrained SAT problem: 217 variables, 502 clauses
  Merging port 0 into port 1.

9.22.4. Executing OPT_CLEAN pass (remove unused cells and wires).
Finding unused cells or wires in module \SOC..

9.22.5. Executing MEMORY_COLLECT pass (generating $mem cells).
Collecting $memrd, $memwr and $meminit for memory `\CPU.RegisterBank' in module `\SOC':
  $techmap\CPU.$meminit$\RegisterBank$rtl/riscv.v:156$225 ($meminit)
  $techmap\CPU.$meminit$\RegisterBank$rtl/riscv.v:156$226 ($meminit)
  $techmap\CPU.$meminit$\RegisterBank$rtl/riscv.v:156$227 ($meminit)
  $techmap\CPU.$meminit$\RegisterBank$rtl/riscv.v:156$228 ($meminit)
  $techmap\CPU.$meminit$\RegisterBank$rtl/riscv.v:156$229 ($meminit)
  $techmap\CPU.$meminit$\RegisterBank$rtl/riscv.v:156$230 ($meminit)
  $techmap\CPU.$meminit$\RegisterBank$rtl/riscv.v:156$231 ($meminit)
  $techmap\CPU.$meminit$\RegisterBank$rtl/riscv.v:156$232 ($meminit)
  $techmap\CPU.$meminit$\RegisterBank$rtl/riscv.v:156$233 ($meminit)
  $techmap\CPU.$meminit$\RegisterBank$rtl/riscv.v:156$234 ($meminit)
  $techmap\CPU.$meminit$\RegisterBank$rtl/riscv.v:156$235 ($meminit)
  $techmap\CPU.$meminit$\RegisterBank$rtl/riscv.v:156$236 ($meminit)
  $techmap\CPU.$meminit$\RegisterBank$rtl/riscv.v:156$237 ($meminit)
  $techmap\CPU.$meminit$\RegisterBank$rtl/riscv.v:156$238 ($meminit)
  $techmap\CPU.$meminit$\RegisterBank$rtl/riscv.v:156$239 ($meminit)
  $techmap\CPU.$meminit$\RegisterBank$rtl/riscv.v:156$240 ($meminit)
  $techmap\CPU.$meminit$\RegisterBank$rtl/riscv.v:156$241 ($meminit)
  $techmap\CPU.$meminit$\RegisterBank$rtl/riscv.v:156$242 ($meminit)
  $techmap\CPU.$meminit$\RegisterBank$rtl/riscv.v:156$243 ($meminit)
  $techmap\CPU.$meminit$\RegisterBank$rtl/riscv.v:156$244 ($meminit)
  $techmap\CPU.$meminit$\RegisterBank$rtl/riscv.v:156$245 ($meminit)
  $techmap\CPU.$meminit$\RegisterBank$rtl/riscv.v:156$246 ($meminit)
  $techmap\CPU.$meminit$\RegisterBank$rtl/riscv.v:156$247 ($meminit)
  $techmap\CPU.$meminit$\RegisterBank$rtl/riscv.v:156$248 ($meminit)
  $techmap\CPU.$meminit$\RegisterBank$rtl/riscv.v:156$249 ($meminit)
  $techmap\CPU.$meminit$\RegisterBank$rtl/riscv.v:156$250 ($meminit)
  $techmap\CPU.$meminit$\RegisterBank$rtl/riscv.v:156$251 ($meminit)
  $techmap\CPU.$meminit$\RegisterBank$rtl/riscv.v:156$252 ($meminit)
  $techmap\CPU.$meminit$\RegisterBank$rtl/riscv.v:156$253 ($meminit)
  $techmap\CPU.$meminit$\RegisterBank$rtl/riscv.v:156$254 ($meminit)
  $techmap\CPU.$meminit$\RegisterBank$rtl/riscv.v:156$255 ($meminit)
  $techmap\CPU.$meminit$\RegisterBank$rtl/riscv.v:156$256 ($meminit)
  $techmap\CPU.$memwr$\RegisterBank$rtl/riscv.v:361$258 ($memwr)
  $techmap\CPU.$memrd$\RegisterBank$rtl/riscv.v:400$200 ($memrd)
  $techmap\CPU.$memrd$\RegisterBank$rtl/riscv.v:399$199 ($memrd)
  $techmap\CPU.$memrd$\RegisterBank$rtl/riscv.v:83$114 ($memrd)
Collecting $memrd, $memwr and $meminit for memory `\RAM.MEM' in module `\SOC':
  $techmap\RAM.$meminit$\MEM$rtl/riscv.v:20$37 ($meminit)
  $techmap\RAM.$memwr$\MEM$rtl/riscv.v:41$41 ($memwr)
  $techmap\RAM.$memrd$\MEM$rtl/riscv.v:36$36 ($memrd)

9.23. Executing OPT_CLEAN pass (remove unused cells and wires).
Finding unused cells or wires in module \SOC..

9.24. Executing MEMORY_BRAM pass (mapping $mem cells to block memories).
Processing SOC.CPU.RegisterBank:
  Properties: ports=4 bits=1024 rports=3 wports=1 dbits=32 abits=5 words=32
  Checking rule #1 for bram type $__ICE40_RAM4K_M0 (variant 1):
    Bram geometry: abits=8 dbits=16 wports=0 rports=0
    Estimated number of duplicates for more read ports: dups=1
    Metrics for $__ICE40_RAM4K_M0: awaste=224 dwaste=0 bwaste=3584 waste=3584 efficiency=12
    Rule #1 for bram type $__ICE40_RAM4K_M0 (variant 1) accepted.
    Mapping to bram type $__ICE40_RAM4K_M0 (variant 1):
      Write port #0 is in clock domain \CLK.
        Mapped to bram port B1.
      Read port #0 is in clock domain \CLK.
        Mapped to bram port A1.1.
      Read port #1 is in clock domain \CLK.
        Failed to map read port #1.
      Growing more read ports by duplicating bram cells.
      Read port #0 is in clock domain \CLK.
        Mapped to bram port A1.1.
      Read port #1 is in clock domain \CLK.
        Mapped to bram port A1.2.
      Read port #2 is in clock domain \CLK.
        Failed to map read port #2.
      Growing more read ports by duplicating bram cells.
      Read port #0 is in clock domain \CLK.
        Mapped to bram port A1.1.
      Read port #1 is in clock domain \CLK.
        Mapped to bram port A1.2.
      Read port #2 is in clock domain \CLK.
        Mapped to bram port A1.3.
      Updated properties: dups=3 waste=10752 efficiency=4
      Storing for later selection.
  Checking rule #2 for bram type $__ICE40_RAM4K_M123 (variant 1):
    Bram geometry: abits=9 dbits=8 wports=0 rports=0
    Estimated number of duplicates for more read ports: dups=1
    Metrics for $__ICE40_RAM4K_M123: awaste=480 dwaste=0 bwaste=3840 waste=3840 efficiency=6
    Rule #2 for bram type $__ICE40_RAM4K_M123 (variant 1) accepted.
    Mapping to bram type $__ICE40_RAM4K_M123 (variant 1):
      Write port #0 is in clock domain \CLK.
        Mapped to bram port B1.
      Read port #0 is in clock domain \CLK.
        Mapped to bram port A1.1.
      Read port #1 is in clock domain \CLK.
        Failed to map read port #1.
      Growing more read ports by duplicating bram cells.
      Read port #0 is in clock domain \CLK.
        Mapped to bram port A1.1.
      Read port #1 is in clock domain \CLK.
        Mapped to bram port A1.2.
      Read port #2 is in clock domain \CLK.
        Failed to map read port #2.
      Growing more read ports by duplicating bram cells.
      Read port #0 is in clock domain \CLK.
        Mapped to bram port A1.1.
      Read port #1 is in clock domain \CLK.
        Mapped to bram port A1.2.
      Read port #2 is in clock domain \CLK.
        Mapped to bram port A1.3.
      Updated properties: dups=3 waste=11520 efficiency=2
      Storing for later selection.
  Checking rule #2 for bram type $__ICE40_RAM4K_M123 (variant 2):
    Bram geometry: abits=10 dbits=4 wports=0 rports=0
    Estimated number of duplicates for more read ports: dups=1
    Metrics for $__ICE40_RAM4K_M123: awaste=992 dwaste=0 bwaste=3968 waste=3968 efficiency=3
    Rule #2 for bram type $__ICE40_RAM4K_M123 (variant 2) accepted.
    Mapping to bram type $__ICE40_RAM4K_M123 (variant 2):
      Write port #0 is in clock domain \CLK.
        Mapped to bram port B1.
      Read port #0 is in clock domain \CLK.
        Mapped to bram port A1.1.
      Read port #1 is in clock domain \CLK.
        Failed to map read port #1.
      Growing more read ports by duplicating bram cells.
      Read port #0 is in clock domain \CLK.
        Mapped to bram port A1.1.
      Read port #1 is in clock domain \CLK.
        Mapped to bram port A1.2.
      Read port #2 is in clock domain \CLK.
        Failed to map read port #2.
      Growing more read ports by duplicating bram cells.
      Read port #0 is in clock domain \CLK.
        Mapped to bram port A1.1.
      Read port #1 is in clock domain \CLK.
        Mapped to bram port A1.2.
      Read port #2 is in clock domain \CLK.
        Mapped to bram port A1.3.
      Updated properties: dups=3 waste=11904 efficiency=1
    Rule for bram type $__ICE40_RAM4K_M123 rejected: requirement 'min efficiency 2' not met.
    Mapping to bram type $__ICE40_RAM4K_M123 failed.
  Checking rule #2 for bram type $__ICE40_RAM4K_M123 (variant 3):
    Bram geometry: abits=11 dbits=2 wports=0 rports=0
    Estimated number of duplicates for more read ports: dups=1
    Metrics for $__ICE40_RAM4K_M123: awaste=2016 dwaste=0 bwaste=4032 waste=4032 efficiency=1
    Rule #2 for bram type $__ICE40_RAM4K_M123 (variant 3) rejected: requirement 'min efficiency 2' not met.
  Selecting best of 2 rules:
    Efficiency for rule 2.1: efficiency=2, cells=12, acells=1
    Efficiency for rule 1.1: efficiency=4, cells=6, acells=1
    Selected rule 1.1 with efficiency 4.
    Mapping to bram type $__ICE40_RAM4K_M0 (variant 1):
      Write port #0 is in clock domain \CLK.
        Mapped to bram port B1.
      Read port #0 is in clock domain \CLK.
        Mapped to bram port A1.1.
      Read port #1 is in clock domain \CLK.
        Failed to map read port #1.
      Growing more read ports by duplicating bram cells.
      Read port #0 is in clock domain \CLK.
        Mapped to bram port A1.1.
      Read port #1 is in clock domain \CLK.
        Mapped to bram port A1.2.
      Read port #2 is in clock domain \CLK.
        Failed to map read port #2.
      Growing more read ports by duplicating bram cells.
      Read port #0 is in clock domain \CLK.
        Mapped to bram port A1.1.
      Read port #1 is in clock domain \CLK.
        Mapped to bram port A1.2.
      Read port #2 is in clock domain \CLK.
        Mapped to bram port A1.3.
      Creating $__ICE40_RAM4K_M0 cell at grid position <0 0 0>: CPU.RegisterBank.0.0.0
      Creating $__ICE40_RAM4K_M0 cell at grid position <0 0 1>: CPU.RegisterBank.0.0.1
      Creating $__ICE40_RAM4K_M0 cell at grid position <0 0 2>: CPU.RegisterBank.0.0.2
      Creating $__ICE40_RAM4K_M0 cell at grid position <1 0 0>: CPU.RegisterBank.1.0.0
      Creating $__ICE40_RAM4K_M0 cell at grid position <1 0 1>: CPU.RegisterBank.1.0.1
      Creating $__ICE40_RAM4K_M0 cell at grid position <1 0 2>: CPU.RegisterBank.1.0.2
Processing SOC.RAM.MEM:
  Properties: ports=2 bits=49152 rports=1 wports=1 dbits=32 abits=11 words=1536
  Checking rule #1 for bram type $__ICE40_RAM4K_M0 (variant 1):
    Bram geometry: abits=8 dbits=16 wports=0 rports=0
    Estimated number of duplicates for more read ports: dups=1
    Metrics for $__ICE40_RAM4K_M0: awaste=0 dwaste=0 bwaste=0 waste=0 efficiency=100
    Rule #1 for bram type $__ICE40_RAM4K_M0 (variant 1) accepted.
    Mapping to bram type $__ICE40_RAM4K_M0 (variant 1):
      Write port #0 is in clock domain \CLK.
        Mapped to bram port B1.
      Read port #0 is in clock domain \CLK.
        Mapped to bram port A1.1.
      Updated properties: dups=1 waste=0 efficiency=100
      Storing for later selection.
  Checking rule #2 for bram type $__ICE40_RAM4K_M123 (variant 1):
    Bram geometry: abits=9 dbits=8 wports=0 rports=0
    Estimated number of duplicates for more read ports: dups=1
    Metrics for $__ICE40_RAM4K_M123: awaste=0 dwaste=0 bwaste=0 waste=0 efficiency=100
    Rule #2 for bram type $__ICE40_RAM4K_M123 (variant 1) accepted.
    Mapping to bram type $__ICE40_RAM4K_M123 (variant 1):
      Write port #0 is in clock domain \CLK.
        Mapped to bram port B1.
      Read port #0 is in clock domain \CLK.
        Mapped to bram port A1.1.
      Updated properties: dups=1 waste=0 efficiency=100
      Storing for later selection.
  Checking rule #2 for bram type $__ICE40_RAM4K_M123 (variant 2):
    Bram geometry: abits=10 dbits=4 wports=0 rports=0
    Estimated number of duplicates for more read ports: dups=1
    Metrics for $__ICE40_RAM4K_M123: awaste=512 dwaste=0 bwaste=2048 waste=2048 efficiency=75
    Rule #2 for bram type $__ICE40_RAM4K_M123 (variant 2) accepted.
    Mapping to bram type $__ICE40_RAM4K_M123 (variant 2):
      Write port #0 is in clock domain \CLK.
        Mapped to bram port B1.
      Read port #0 is in clock domain \CLK.
        Mapped to bram port A1.1.
      Updated properties: dups=1 waste=2048 efficiency=75
      Storing for later selection.
  Checking rule #2 for bram type $__ICE40_RAM4K_M123 (variant 3):
    Bram geometry: abits=11 dbits=2 wports=0 rports=0
    Estimated number of duplicates for more read ports: dups=1
    Metrics for $__ICE40_RAM4K_M123: awaste=512 dwaste=0 bwaste=1024 waste=1024 efficiency=75
    Rule #2 for bram type $__ICE40_RAM4K_M123 (variant 3) accepted.
    Mapping to bram type $__ICE40_RAM4K_M123 (variant 3):
      Write port #0 is in clock domain \CLK.
        Mapped to bram port B1.
      Read port #0 is in clock domain \CLK.
        Mapped to bram port A1.1.
      Updated properties: dups=1 waste=1024 efficiency=75
      Storing for later selection.
  Selecting best of 4 rules:
    Efficiency for rule 2.3: efficiency=75, cells=16, acells=1
    Efficiency for rule 2.2: efficiency=75, cells=16, acells=2
    Efficiency for rule 2.1: efficiency=100, cells=12, acells=3
    Efficiency for rule 1.1: efficiency=100, cells=12, acells=6
    Selected rule 2.1 with efficiency 100.
    Mapping to bram type $__ICE40_RAM4K_M123 (variant 1):
      Write port #0 is in clock domain \CLK.
        Mapped to bram port B1.
      Read port #0 is in clock domain \CLK.
        Mapped to bram port A1.1.
      Creating $__ICE40_RAM4K_M123 cell at grid position <0 0 0>: RAM.MEM.0.0.0
      Creating $__ICE40_RAM4K_M123 cell at grid position <0 1 0>: RAM.MEM.0.1.0
      Creating $__ICE40_RAM4K_M123 cell at grid position <0 2 0>: RAM.MEM.0.2.0
      Creating $__ICE40_RAM4K_M123 cell at grid position <1 0 0>: RAM.MEM.1.0.0
      Creating $__ICE40_RAM4K_M123 cell at grid position <1 1 0>: RAM.MEM.1.1.0
      Creating $__ICE40_RAM4K_M123 cell at grid position <1 2 0>: RAM.MEM.1.2.0
      Creating $__ICE40_RAM4K_M123 cell at grid position <2 0 0>: RAM.MEM.2.0.0
      Creating $__ICE40_RAM4K_M123 cell at grid position <2 1 0>: RAM.MEM.2.1.0
      Creating $__ICE40_RAM4K_M123 cell at grid position <2 2 0>: RAM.MEM.2.2.0
      Creating $__ICE40_RAM4K_M123 cell at grid position <3 0 0>: RAM.MEM.3.0.0
      Creating $__ICE40_RAM4K_M123 cell at grid position <3 1 0>: RAM.MEM.3.1.0
      Creating $__ICE40_RAM4K_M123 cell at grid position <3 2 0>: RAM.MEM.3.2.0

9.25. Executing TECHMAP pass (map to technology primitives).

9.25.1. Executing Verilog-2005 frontend: /usr/bin/../share/yosys/ice40/brams_map.v
Parsing Verilog input from `/usr/bin/../share/yosys/ice40/brams_map.v' to AST representation.
Generating RTLIL representation for module `\$__ICE40_RAM4K'.
Generating RTLIL representation for module `\$__ICE40_RAM4K_M0'.
Generating RTLIL representation for module `\$__ICE40_RAM4K_M123'.
Successfully finished Verilog frontend.

9.25.2. Continuing TECHMAP pass.
Using template $paramod$3433d65f641987467c2fead894af2980a3a26a37\$__ICE40_RAM4K_M123 for cells of type $__ICE40_RAM4K_M123.
Using template $paramod$dba84124c6c5f89f98c196965ad33404a3d5aa7e\$__ICE40_RAM4K_M123 for cells of type $__ICE40_RAM4K_M123.
Using template $paramod$4304dbab8391e747d21784cc45cc107ce4e7002b\$__ICE40_RAM4K_M123 for cells of type $__ICE40_RAM4K_M123.
Using template $paramod$cb63e3354ffbb253e1c757db3cd346f76281a991\$__ICE40_RAM4K_M123 for cells of type $__ICE40_RAM4K_M123.
Using template $paramod$70b57ca202bd5c4dd6af1c4a9a3dc9506978bf3b\$__ICE40_RAM4K_M123 for cells of type $__ICE40_RAM4K_M123.
Using template $paramod$642eccfd2e96f79d230b6e00c005aab4149fc002\$__ICE40_RAM4K_M123 for cells of type $__ICE40_RAM4K_M123.
Using template $paramod$732cb071c562212ef3fc6e2f3380ae189ce1250d\$__ICE40_RAM4K_M0 for cells of type $__ICE40_RAM4K_M0.
Using template $paramod$ac19a9f08ba8ba6c1d9439ea9f96cd86d84b8e7b\$__ICE40_RAM4K_M123 for cells of type $__ICE40_RAM4K_M123.
Using template $paramod$d27fbdbc5e9361383c77f6e8dc195703f92b20b3\$__ICE40_RAM4K_M123 for cells of type $__ICE40_RAM4K_M123.
Using template $paramod$829f6a1a7c9e0b29ad70ba6e7972ee44cd3a6236\$__ICE40_RAM4K_M123 for cells of type $__ICE40_RAM4K_M123.
Using template $paramod$2358ac60c060fff1ceaece342eafbd2c33915ead\$__ICE40_RAM4K for cells of type $__ICE40_RAM4K.
Using template $paramod$f010e04cd81793a966fcf33f8d8594f5d8b2c3f6\$__ICE40_RAM4K for cells of type $__ICE40_RAM4K.
Using template $paramod$a146751d98867ba8eb66bf9867e485fcb5fc93f6\$__ICE40_RAM4K for cells of type $__ICE40_RAM4K.
Using template $paramod$f5a2f0ac691b3c21842aaba8daadd8de3038dd39\$__ICE40_RAM4K for cells of type $__ICE40_RAM4K.
Using template $paramod$ac81e20694d9d6380ce3568f9da37f48f7f8ff76\$__ICE40_RAM4K for cells of type $__ICE40_RAM4K.
Using template $paramod$f3a238e7544b73e6c16aca07ecc1d6f3a3b0d442\$__ICE40_RAM4K for cells of type $__ICE40_RAM4K.
Using template $paramod$6aa27761b0b72336c8f5da0e2970c81894ec70e6\$__ICE40_RAM4K for cells of type $__ICE40_RAM4K.
Using template $paramod$999149e05cefdc1273b41c265fb46e2c9b8e3781\$__ICE40_RAM4K for cells of type $__ICE40_RAM4K.
Using template $paramod$190f14d882f0cf4b7d0a931f8c429999654d3b1a\$__ICE40_RAM4K for cells of type $__ICE40_RAM4K.
Using template $paramod$9ba42886cfdadd68c045f35e9afc704a22e21dc4\$__ICE40_RAM4K for cells of type $__ICE40_RAM4K.
No more expansions possible.
<suppressed ~464 debug messages>

9.26. Executing ICE40_BRAMINIT pass.

9.27. Executing OPT pass (performing simple optimizations).

9.27.1. Executing OPT_EXPR pass (perform const folding).
Optimizing module SOC.
<suppressed ~193 debug messages>

9.27.2. Executing OPT_MERGE pass (detect identical cells).
Finding identical cells in module `\SOC'.
<suppressed ~117 debug messages>
Removed a total of 39 cells.

9.27.3. Executing OPT_RMDFF pass (remove dff with constant values).

9.27.4. Executing OPT_CLEAN pass (remove unused cells and wires).
Finding unused cells or wires in module \SOC..
Removed 9 unused cells and 488 unused wires.
<suppressed ~10 debug messages>

9.27.5. Finished fast OPT passes.

9.28. Executing MEMORY_MAP pass (converting $mem cells to logic and flip-flops).

9.29. Executing OPT pass (performing simple optimizations).

9.29.1. Executing OPT_EXPR pass (perform const folding).
Optimizing module SOC.

9.29.2. Executing OPT_MERGE pass (detect identical cells).
Finding identical cells in module `\SOC'.
Removed a total of 0 cells.

9.29.3. Executing OPT_MUXTREE pass (detect dead branches in mux trees).
Running muxtree optimizer on module \SOC..
  Creating internal representation of mux trees.
  Evaluating internal representation of mux trees.
      Replacing known input bits on port B of cell $auto$memory_share.cc:646:consolidate_wr_using_sat$1413: $auto$rtlil.cc:1836:ReduceOr$1407 -> 1'1
  Analyzing evaluation results.
Removed 0 multiplexer ports.
<suppressed ~127 debug messages>

9.29.4. Executing OPT_REDUCE pass (consolidate $*mux and $reduce_* inputs).
  Optimizing cells in module \SOC.
    New input vector for $reduce_or cell $auto$opt_reduce.cc:126:opt_mux$1260: { $techmap\debug_module.aau.$procmux$1071_CMP $techmap\debug_module.aau.$procmux$1040_CMP $techmap\debug_module.aau.$0\debug_reg_we[0:0] }
    New input vector for $reduce_or cell $auto$opt_reduce.cc:126:opt_mux$1254: { $techmap\debug_module.aau.$procmux$1070_CMP $techmap\debug_module.aau.$0\debug_reg_we[0:0] }
    New input vector for $reduce_and cell $auto$memory_dff.cc:206:handle_rd_cell$1395: { \CW.reset_cnt [0] \CW.reset_cnt [1] \CW.reset_cnt [2] \CW.reset_cnt [3] \CW.reset_cnt [4] \CW.reset_cnt [5] \CW.reset_cnt [6] \CW.reset_cnt [7] \CW.reset_cnt [8] \CW.reset_cnt [9] \CW.reset_cnt [10] \CW.reset_cnt [11] \CW.reset_cnt [12] \CW.reset_cnt [13] \CW.reset_cnt [14] \CW.reset_cnt [15] $auto$rtlil.cc:1840:LogicNot$1393 $auto$rtlil.cc:1840:LogicNot$1391 $techmap\CPU.$procmux$842_CMP }
    Consolidated identical input bits for $mux cell $techmap\CPU.$ternary$rtl/riscv.v:225$149:
      Old ports: A={ \CPU.instr [31] \CPU.instr [31] \CPU.instr [31] \CPU.instr [31] \CPU.instr [31] \CPU.instr [31] \CPU.instr [31] \CPU.instr [31] \CPU.instr [31] \CPU.instr [31] \CPU.instr [31] \CPU.instr [31] \CPU.instr [31] \CPU.instr [31] \CPU.instr [31] \CPU.instr [31] \CPU.instr [31] \CPU.instr [31] \CPU.instr [31] \CPU.instr [7] \CPU.instr [30:25] \CPU.instr [11:8] 1'0 }, B={ \CPU.instr [30:12] 12'000000000000 }, Y=$techmap\CPU.$ternary$rtl/riscv.v:225$149_Y [30:0]
      New ports: A={ \CPU.instr [31] \CPU.instr [31] \CPU.instr [31] \CPU.instr [31] \CPU.instr [31] \CPU.instr [31] \CPU.instr [31] \CPU.instr [31] \CPU.instr [31] \CPU.instr [31] \CPU.instr [31] \CPU.instr [31] \CPU.instr [31] \CPU.instr [31] \CPU.instr [31] \CPU.instr [31] \CPU.instr [31] \CPU.instr [31] \CPU.instr [31] \CPU.instr [7] \CPU.instr [30:25] \CPU.instr [11:8] }, B={ \CPU.instr [30:12] 11'00000000000 }, Y=$techmap\CPU.$ternary$rtl/riscv.v:225$149_Y [30:1]
      New connections: $techmap\CPU.$ternary$rtl/riscv.v:225$149_Y [0] = 1'0
    Consolidated identical input bits for $mux cell $techmap\CPU.$ternary$rtl/riscv.v:268$177:
      Old ports: A=4'0100, B=4'1000, Y=$techmap\CPU.$ternary$rtl/riscv.v:268$177_Y
      New ports: A=2'01, B=2'10, Y=$techmap\CPU.$ternary$rtl/riscv.v:268$177_Y [3:2]
      New connections: $techmap\CPU.$ternary$rtl/riscv.v:268$177_Y [1:0] = 2'00
    Consolidated identical input bits for $mux cell $techmap\CPU.$ternary$rtl/riscv.v:272$180:
      Old ports: A=4'0011, B=4'1100, Y=$techmap\CPU.$ternary$rtl/riscv.v:272$180_Y
      New ports: A=2'01, B=2'10, Y={ $techmap\CPU.$ternary$rtl/riscv.v:272$180_Y [2] $techmap\CPU.$ternary$rtl/riscv.v:272$180_Y [0] }
      New connections: { $techmap\CPU.$ternary$rtl/riscv.v:272$180_Y [3] $techmap\CPU.$ternary$rtl/riscv.v:272$180_Y [1] } = { $techmap\CPU.$ternary$rtl/riscv.v:272$180_Y [2] $techmap\CPU.$ternary$rtl/riscv.v:272$180_Y [0] }
    Consolidated identical input bits for $mux cell $techmap\debug_module.$procmux$554:
      Old ports: A=2'11, B=2'00, Y=$techmap\debug_module.$procmux$554_Y
      New ports: A=1'1, B=1'0, Y=$techmap\debug_module.$procmux$554_Y [0]
      New connections: $techmap\debug_module.$procmux$554_Y [1] = $techmap\debug_module.$procmux$554_Y [0]
    Consolidated identical input bits for $mux cell $techmap\debug_module.$procmux$564:
      Old ports: A=2'11, B=2'00, Y=$techmap\debug_module.$procmux$564_Y
      New ports: A=1'1, B=1'0, Y=$techmap\debug_module.$procmux$564_Y [0]
      New connections: $techmap\debug_module.$procmux$564_Y [1] = $techmap\debug_module.$procmux$564_Y [0]
    Consolidated identical input bits for $mux cell $techmap\dtm.$ternary$rtl/riscv_jtag_dtm.v:146$366:
      Old ports: A=4'0001, B=4'1011, Y=$techmap\dtm.$ternary$rtl/riscv_jtag_dtm.v:146$366_Y
      New ports: A=1'0, B=1'1, Y=$techmap\dtm.$ternary$rtl/riscv_jtag_dtm.v:146$366_Y [1]
      New connections: { $techmap\dtm.$ternary$rtl/riscv_jtag_dtm.v:146$366_Y [3:2] $techmap\dtm.$ternary$rtl/riscv_jtag_dtm.v:146$366_Y [0] } = { $techmap\dtm.$ternary$rtl/riscv_jtag_dtm.v:146$366_Y [1] 2'01 }
    Consolidated identical input bits for $mux cell $techmap\dtm.$ternary$rtl/riscv_jtag_dtm.v:147$367:
      Old ports: A=4'1100, B=4'0100, Y=$techmap\dtm.$ternary$rtl/riscv_jtag_dtm.v:147$367_Y
      New ports: A=1'1, B=1'0, Y=$techmap\dtm.$ternary$rtl/riscv_jtag_dtm.v:147$367_Y [3]
      New connections: $techmap\dtm.$ternary$rtl/riscv_jtag_dtm.v:147$367_Y [2:0] = 3'100
    Consolidated identical input bits for $mux cell $techmap\dtm.$ternary$rtl/riscv_jtag_dtm.v:148$368:
      Old ports: A=3'001, B=3'101, Y=$auto$wreduce.cc:455:run$1296 [2:0]
      New ports: A=1'0, B=1'1, Y=$auto$wreduce.cc:455:run$1296 [2]
      New connections: $auto$wreduce.cc:455:run$1296 [1:0] = 2'01
    Consolidated identical input bits for $mux cell $techmap\dtm.$ternary$rtl/riscv_jtag_dtm.v:150$370:
      Old ports: A=3'110, B=3'010, Y=$auto$wreduce.cc:455:run$1297 [2:0]
      New ports: A=1'1, B=1'0, Y=$auto$wreduce.cc:455:run$1297 [2]
      New connections: $auto$wreduce.cc:455:run$1297 [1:0] = 2'10
    Consolidated identical input bits for $mux cell $techmap\dtm.$ternary$rtl/riscv_jtag_dtm.v:155$374:
      Old ports: A=3'101, B=3'000, Y=$auto$wreduce.cc:455:run$1300 [2:0]
      New ports: A=1'1, B=1'0, Y=$auto$wreduce.cc:455:run$1300 [0]
      New connections: $auto$wreduce.cc:455:run$1300 [2:1] = { $auto$wreduce.cc:455:run$1300 [0] 1'0 }
    Consolidated identical input bits for $mux cell $techmap\dtm.$ternary$rtl/riscv_jtag_dtm.v:156$375:
      Old ports: A=3'010, B=3'110, Y=$auto$wreduce.cc:455:run$1301 [2:0]
      New ports: A=1'0, B=1'1, Y=$auto$wreduce.cc:455:run$1301 [2]
      New connections: $auto$wreduce.cc:455:run$1301 [1:0] = 2'10
    Consolidated identical input bits for $mux cell $techmap\dtm.$ternary$rtl/riscv_jtag_dtm.v:158$377:
      Old ports: A=3'111, B=3'011, Y=$auto$wreduce.cc:455:run$1302 [2:0]
      New ports: A=1'1, B=1'0, Y=$auto$wreduce.cc:455:run$1302 [2]
      New connections: $auto$wreduce.cc:455:run$1302 [1:0] = 2'11
    Consolidated identical input bits for $mux cell $techmap\dtm.$ternary$rtl/riscv_jtag_dtm.v:159$378:
      Old ports: A=4'0111, B=4'1000, Y=$techmap\dtm.$ternary$rtl/riscv_jtag_dtm.v:159$378_Y
      New ports: A=2'01, B=2'10, Y={ $techmap\dtm.$ternary$rtl/riscv_jtag_dtm.v:159$378_Y [3] $techmap\dtm.$ternary$rtl/riscv_jtag_dtm.v:159$378_Y [0] }
      New connections: $techmap\dtm.$ternary$rtl/riscv_jtag_dtm.v:159$378_Y [2:1] = { $techmap\dtm.$ternary$rtl/riscv_jtag_dtm.v:159$378_Y [0] $techmap\dtm.$ternary$rtl/riscv_jtag_dtm.v:159$378_Y [0] }
    Consolidated identical input bits for $mux cell $ternary$rtl/riscv.v:750$351:
      Old ports: A=4'0000, B=4'1111, Y=$ternary$rtl/riscv.v:750$351_Y
      New ports: A=1'0, B=1'1, Y=$ternary$rtl/riscv.v:750$351_Y [0]
      New connections: $ternary$rtl/riscv.v:750$351_Y [3:1] = { $ternary$rtl/riscv.v:750$351_Y [0] $ternary$rtl/riscv.v:750$351_Y [0] $ternary$rtl/riscv.v:750$351_Y [0] }
  Optimizing cells in module \SOC.
    Consolidated identical input bits for $mux cell $techmap\CPU.$ternary$rtl/riscv.v:225$150:
      Old ports: A=$techmap\CPU.$ternary$rtl/riscv.v:225$149_Y [30:0], B={ \CPU.instr [31] \CPU.instr [31] \CPU.instr [31] \CPU.instr [31] \CPU.instr [31] \CPU.instr [31] \CPU.instr [31] \CPU.instr [31] \CPU.instr [31] \CPU.instr [31] \CPU.instr [31] \CPU.instr [19:12] \CPU.instr [20] \CPU.instr [30:21] 1'0 }, Y=$techmap\CPU.$ternary$rtl/riscv.v:225$150_Y [30:0]
      New ports: A=$techmap\CPU.$ternary$rtl/riscv.v:225$149_Y [30:1], B={ \CPU.instr [31] \CPU.instr [31] \CPU.instr [31] \CPU.instr [31] \CPU.instr [31] \CPU.instr [31] \CPU.instr [31] \CPU.instr [31] \CPU.instr [31] \CPU.instr [31] \CPU.instr [31] \CPU.instr [19:12] \CPU.instr [20] \CPU.instr [30:21] }, Y=$techmap\CPU.$ternary$rtl/riscv.v:225$150_Y [30:1]
      New connections: $techmap\CPU.$ternary$rtl/riscv.v:225$150_Y [0] = 1'0
    Consolidated identical input bits for $mux cell $techmap\CPU.$ternary$rtl/riscv.v:273$181:
      Old ports: A=4'1111, B=$techmap\CPU.$ternary$rtl/riscv.v:272$180_Y, Y=$techmap\CPU.$ternary$rtl/riscv.v:273$181_Y
      New ports: A=2'11, B={ $techmap\CPU.$ternary$rtl/riscv.v:272$180_Y [2] $techmap\CPU.$ternary$rtl/riscv.v:272$180_Y [0] }, Y={ $techmap\CPU.$ternary$rtl/riscv.v:273$181_Y [2] $techmap\CPU.$ternary$rtl/riscv.v:273$181_Y [0] }
      New connections: { $techmap\CPU.$ternary$rtl/riscv.v:273$181_Y [3] $techmap\CPU.$ternary$rtl/riscv.v:273$181_Y [1] } = { $techmap\CPU.$ternary$rtl/riscv.v:273$181_Y [2] $techmap\CPU.$ternary$rtl/riscv.v:273$181_Y [0] }
    Consolidated identical input bits for $pmux cell $techmap\debug_module.$procmux$561:
      Old ports: A=2'11, B={ 2'00 $techmap\debug_module.$procmux$564_Y $techmap\debug_module.$procmux$554_Y }, Y=$techmap\debug_module.$procmux$561_Y
      New ports: A=1'1, B={ 1'0 $techmap\debug_module.$procmux$564_Y [0] $techmap\debug_module.$procmux$554_Y [0] }, Y=$techmap\debug_module.$procmux$561_Y [0]
      New connections: $techmap\debug_module.$procmux$561_Y [1] = $techmap\debug_module.$procmux$561_Y [0]
  Optimizing cells in module \SOC.
    Consolidated identical input bits for $mux cell $techmap\debug_module.$procmux$572:
      Old ports: A=2'00, B=$techmap\debug_module.$procmux$561_Y, Y=$techmap\debug_module.$0\dm_resp[1:0]
      New ports: A=1'0, B=$techmap\debug_module.$procmux$561_Y [0], Y=$techmap\debug_module.$0\dm_resp[1:0] [0]
      New connections: $techmap\debug_module.$0\dm_resp[1:0] [1] = $techmap\debug_module.$0\dm_resp[1:0] [0]
  Optimizing cells in module \SOC.
Performed a total of 21 changes.

9.29.5. Executing OPT_MERGE pass (detect identical cells).
Finding identical cells in module `\SOC'.
<suppressed ~24 debug messages>
Removed a total of 8 cells.

9.29.6. Executing OPT_RMDFF pass (remove dff with constant values).

9.29.7. Executing OPT_CLEAN pass (remove unused cells and wires).
Finding unused cells or wires in module \SOC..
Removed 0 unused cells and 8 unused wires.
<suppressed ~1 debug messages>

9.29.8. Executing OPT_EXPR pass (perform const folding).
Optimizing module SOC.

9.29.9. Rerunning OPT passes. (Maybe there is more to do..)

9.29.10. Executing OPT_MUXTREE pass (detect dead branches in mux trees).
Running muxtree optimizer on module \SOC..
  Creating internal representation of mux trees.
  Evaluating internal representation of mux trees.
  Analyzing evaluation results.
Removed 0 multiplexer ports.
<suppressed ~127 debug messages>

9.29.11. Executing OPT_REDUCE pass (consolidate $*mux and $reduce_* inputs).
  Optimizing cells in module \SOC.
Performed a total of 0 changes.

9.29.12. Executing OPT_MERGE pass (detect identical cells).
Finding identical cells in module `\SOC'.
Removed a total of 0 cells.

9.29.13. Executing OPT_RMDFF pass (remove dff with constant values).

9.29.14. Executing OPT_CLEAN pass (remove unused cells and wires).
Finding unused cells or wires in module \SOC..

9.29.15. Executing OPT_EXPR pass (perform const folding).
Optimizing module SOC.

9.29.16. Finished OPT passes. (There is nothing left to do.)

9.30. Executing TECHMAP pass (map to technology primitives).

9.30.1. Executing Verilog-2005 frontend: /usr/bin/../share/yosys/techmap.v
Parsing Verilog input from `/usr/bin/../share/yosys/techmap.v' to AST representation.
Generating RTLIL representation for module `\_90_simplemap_bool_ops'.
Generating RTLIL representation for module `\_90_simplemap_reduce_ops'.
Generating RTLIL representation for module `\_90_simplemap_logic_ops'.
Generating RTLIL representation for module `\_90_simplemap_compare_ops'.
Generating RTLIL representation for module `\_90_simplemap_various'.
Generating RTLIL representation for module `\_90_simplemap_registers'.
Generating RTLIL representation for module `\_90_shift_ops_shr_shl_sshl_sshr'.
Generating RTLIL representation for module `\_90_shift_shiftx'.
Generating RTLIL representation for module `\_90_fa'.
Generating RTLIL representation for module `\_90_lcu'.
Generating RTLIL representation for module `\_90_alu'.
Generating RTLIL representation for module `\_90_macc'.
Generating RTLIL representation for module `\_90_alumacc'.
Generating RTLIL representation for module `\$__div_mod_u'.
Generating RTLIL representation for module `\$__div_mod'.
Generating RTLIL representation for module `\_90_div'.
Generating RTLIL representation for module `\_90_mod'.
Generating RTLIL representation for module `\_90_pow'.
Generating RTLIL representation for module `\_90_pmux'.
Generating RTLIL representation for module `\_90_lut'.
Successfully finished Verilog frontend.

9.30.2. Executing Verilog-2005 frontend: /usr/bin/../share/yosys/ice40/arith_map.v
Parsing Verilog input from `/usr/bin/../share/yosys/ice40/arith_map.v' to AST representation.
Generating RTLIL representation for module `\_80_ice40_alu'.
Successfully finished Verilog frontend.

9.30.3. Continuing TECHMAP pass.
Using extmapper simplemap for cells of type $not.
Using extmapper simplemap for cells of type $reduce_bool.
Using extmapper simplemap for cells of type $eq.
Using extmapper simplemap for cells of type $logic_and.
Using extmapper simplemap for cells of type $reduce_or.
Using extmapper simplemap for cells of type $mux.
Using extmapper simplemap for cells of type $and.
Using extmapper simplemap for cells of type $logic_not.
Using extmapper simplemap for cells of type $adff.
Using extmapper simplemap for cells of type $reduce_and.
Using extmapper simplemap for cells of type $lut.
Using extmapper simplemap for cells of type $dff.
Using template $paramod\_80_ice40_alu\A_SIGNED=0\B_SIGNED=0\A_WIDTH=1\B_WIDTH=24\Y_WIDTH=24 for cells of type $alu.
Using template $paramod\_80_ice40_alu\A_SIGNED=0\B_SIGNED=0\A_WIDTH=32\B_WIDTH=32\Y_WIDTH=32 for cells of type $alu.
Using template $paramod\_80_ice40_alu\A_SIGNED=0\B_SIGNED=0\A_WIDTH=24\B_WIDTH=1\Y_WIDTH=24 for cells of type $alu.
Using template $paramod\_80_ice40_alu\A_SIGNED=0\B_SIGNED=0\A_WIDTH=1\B_WIDTH=16\Y_WIDTH=16 for cells of type $alu.
Using template $paramod\_80_ice40_alu\A_SIGNED=0\B_SIGNED=0\A_WIDTH=32\B_WIDTH=33\Y_WIDTH=33 for cells of type $alu.
Using template $paramod\_90_pmux\WIDTH=4\S_WIDTH=11 for cells of type $pmux.
Using template $paramod\_90_pmux\WIDTH=5\S_WIDTH=2 for cells of type $pmux.
Using template $paramod\_90_pmux\WIDTH=41\S_WIDTH=4 for cells of type $pmux.
Using template $paramod\_90_pmux\WIDTH=41\S_WIDTH=2 for cells of type $pmux.
Using template $paramod\_90_pmux\WIDTH=1\S_WIDTH=2 for cells of type $pmux.
Using extmapper simplemap for cells of type $ne.
Using template $paramod\_90_pmux\WIDTH=8\S_WIDTH=2 for cells of type $pmux.
Using template $paramod\_90_pmux\WIDTH=32\S_WIDTH=6 for cells of type $pmux.
Using template $paramod\_90_pmux\WIDTH=1\S_WIDTH=3 for cells of type $pmux.
Using template $paramod$constmap:87f69c0bea22f84de4bcd0314b57cb19e61b5eb7$paramod$88abf4b792300efa328894e6936be740fdc22f6d\_90_shift_ops_shr_shl_sshl_sshr for cells of type $sshr.
Using template $paramod\_90_pmux\WIDTH=32\S_WIDTH=7 for cells of type $pmux.
Using template $paramod\_90_pmux\WIDTH=1\S_WIDTH=6 for cells of type $pmux.
Using template $paramod\_90_pmux\WIDTH=3\S_WIDTH=5 for cells of type $pmux.
Using extmapper simplemap for cells of type $logic_or.
Using extmapper simplemap for cells of type $or.
Using extmapper simplemap for cells of type $xor.
Using template $paramod\_80_ice40_alu\A_SIGNED=0\B_SIGNED=0\A_WIDTH=3\B_WIDTH=32\Y_WIDTH=32 for cells of type $alu.
Using template $paramod\_90_pmux\WIDTH=3\S_WIDTH=4 for cells of type $pmux.
Using template $paramod\_90_pmux\WIDTH=32\S_WIDTH=4 for cells of type $pmux.
Using extmapper simplemap for cells of type $pos.
No more expansions possible.
<suppressed ~1580 debug messages>

9.31. Executing ICE40_OPT pass (performing simple optimizations).

9.31.1. Running ICE40 specific optimizations.

9.31.2. Executing OPT_EXPR pass (perform const folding).
Optimizing module SOC.
<suppressed ~1916 debug messages>

9.31.3. Executing OPT_MERGE pass (detect identical cells).
Finding identical cells in module `\SOC'.
<suppressed ~657 debug messages>
Removed a total of 219 cells.

9.31.4. Executing OPT_RMDFF pass (remove dff with constant values).

9.31.5. Executing OPT_CLEAN pass (remove unused cells and wires).
Finding unused cells or wires in module \SOC..
Removed 371 unused cells and 1096 unused wires.
<suppressed ~378 debug messages>

9.31.6. Rerunning OPT passes. (Removed registers in this run.)

9.31.7. Running ICE40 specific optimizations.
Optimized away SB_CARRY cell SOC.$auto$alumacc.cc:474:replace_alu$1366.slice[0].carry: CO=\heartbeat_counter [0]
Optimized away SB_CARRY cell SOC.$auto$alumacc.cc:474:replace_alu$1369.slice[0].carry: CO=\reset_led_counter [0]
Optimized away SB_CARRY cell SOC.$auto$alumacc.cc:474:replace_alu$1381.slice[0].carry: CO=1'0
Optimized away SB_CARRY cell SOC.$auto$alumacc.cc:474:replace_alu$1384.slice[0].carry: CO=1'0
Mapping SB_LUT4 cell SOC.$auto$alumacc.cc:474:replace_alu$1366.slice[1].adder back to logic.
Mapping SB_LUT4 cell SOC.$auto$alumacc.cc:474:replace_alu$1369.slice[1].adder back to logic.
Mapping SB_LUT4 cell SOC.$auto$alumacc.cc:474:replace_alu$1381.slice[1].adder back to logic.
Mapping SB_LUT4 cell SOC.$auto$alumacc.cc:474:replace_alu$1384.slice[1].adder back to logic.

9.31.8. Executing OPT_EXPR pass (perform const folding).
Optimizing module SOC.
<suppressed ~75 debug messages>

9.31.9. Executing OPT_MERGE pass (detect identical cells).
Finding identical cells in module `\SOC'.
<suppressed ~9 debug messages>
Removed a total of 3 cells.

9.31.10. Executing OPT_RMDFF pass (remove dff with constant values).

9.31.11. Executing OPT_CLEAN pass (remove unused cells and wires).
Finding unused cells or wires in module \SOC..
Removed 1 unused cells and 12 unused wires.
<suppressed ~2 debug messages>

9.31.12. Rerunning OPT passes. (Removed registers in this run.)

9.31.13. Running ICE40 specific optimizations.
Optimized away SB_CARRY cell SOC.$auto$alumacc.cc:474:replace_alu$1384.slice[1].carry: CO=1'0
Mapping SB_LUT4 cell SOC.$auto$alumacc.cc:474:replace_alu$1384.slice[2].adder back to logic.

9.31.14. Executing OPT_EXPR pass (perform const folding).
Optimizing module SOC.
<suppressed ~14 debug messages>

9.31.15. Executing OPT_MERGE pass (detect identical cells).
Finding identical cells in module `\SOC'.
Removed a total of 0 cells.

9.31.16. Executing OPT_RMDFF pass (remove dff with constant values).

9.31.17. Executing OPT_CLEAN pass (remove unused cells and wires).
Finding unused cells or wires in module \SOC..
Removed 0 unused cells and 4 unused wires.
<suppressed ~1 debug messages>

9.31.18. Rerunning OPT passes. (Removed registers in this run.)

9.31.19. Running ICE40 specific optimizations.
Optimized away SB_CARRY cell SOC.$auto$alumacc.cc:474:replace_alu$1384.slice[2].carry: CO=\CPU.PC [2]
Mapping SB_LUT4 cell SOC.$auto$alumacc.cc:474:replace_alu$1384.slice[3].adder back to logic.

9.31.20. Executing OPT_EXPR pass (perform const folding).
Optimizing module SOC.
<suppressed ~13 debug messages>

9.31.21. Executing OPT_MERGE pass (detect identical cells).
Finding identical cells in module `\SOC'.
Removed a total of 0 cells.

9.31.22. Executing OPT_RMDFF pass (remove dff with constant values).

9.31.23. Executing OPT_CLEAN pass (remove unused cells and wires).
Finding unused cells or wires in module \SOC..
Removed 0 unused cells and 3 unused wires.
<suppressed ~1 debug messages>

9.31.24. Rerunning OPT passes. (Removed registers in this run.)

9.31.25. Running ICE40 specific optimizations.

9.31.26. Executing OPT_EXPR pass (perform const folding).
Optimizing module SOC.

9.31.27. Executing OPT_MERGE pass (detect identical cells).
Finding identical cells in module `\SOC'.
Removed a total of 0 cells.

9.31.28. Executing OPT_RMDFF pass (remove dff with constant values).

9.31.29. Executing OPT_CLEAN pass (remove unused cells and wires).
Finding unused cells or wires in module \SOC..

9.31.30. Finished OPT passes. (There is nothing left to do.)

9.32. Executing DFFSR2DFF pass (mapping DFFSR cells to simpler FFs).

9.33. Executing DFF2DFFE pass (transform $dff to $dffe where applicable).
Selected cell types for direct conversion:
  $_DFF_PP1_ -> $__DFFE_PP1
  $_DFF_PP0_ -> $__DFFE_PP0
  $_DFF_PN1_ -> $__DFFE_PN1
  $_DFF_PN0_ -> $__DFFE_PN0
  $_DFF_NP1_ -> $__DFFE_NP1
  $_DFF_NP0_ -> $__DFFE_NP0
  $_DFF_NN1_ -> $__DFFE_NN1
  $_DFF_NN0_ -> $__DFFE_NN0
  $_DFF_N_ -> $_DFFE_NP_
  $_DFF_P_ -> $_DFFE_PP_
Transforming FF to FF+Enable cells in module SOC:
  converting $_DFF_P_ cell $auto$simplemap.cc:420:simplemap_dff$2023 to $_DFFE_PP_ for $auto$rtlil.cc:1906:Mux$1559 -> $auto$memory_bram.cc:960:replace_cell$1557.
  converting $_DFF_P_ cell $auto$simplemap.cc:420:simplemap_dff$2608 to $_DFFE_PP_ for $auto$rtlil.cc:1906:Mux$1520 -> $auto$memory_bram.cc:960:replace_cell$1518.
  converting $_DFF_P_ cell $auto$simplemap.cc:420:simplemap_dff$2733 to $_DFFE_PP_ for $techmap\dmi_cdc_inst.$0\req_op_buf[1:0] [0] -> \dmi_cdc_inst.req_op_buf [0].
  converting $_DFF_P_ cell $auto$simplemap.cc:420:simplemap_dff$2734 to $_DFFE_PP_ for $techmap\dmi_cdc_inst.$0\req_op_buf[1:0] [1] -> \dmi_cdc_inst.req_op_buf [1].
  converting $_DFF_P_ cell $auto$simplemap.cc:420:simplemap_dff$2735 to $_DFFE_PP_ for $techmap\dmi_cdc_inst.$0\req_data_buf[31:0] [0] -> \dmi_cdc_inst.req_data_buf [0].
  converting $_DFF_P_ cell $auto$simplemap.cc:420:simplemap_dff$2736 to $_DFFE_PP_ for $techmap\dmi_cdc_inst.$0\req_data_buf[31:0] [1] -> \dmi_cdc_inst.req_data_buf [1].
  converting $_DFF_P_ cell $auto$simplemap.cc:420:simplemap_dff$2737 to $_DFFE_PP_ for $techmap\dmi_cdc_inst.$0\req_data_buf[31:0] [2] -> \dmi_cdc_inst.req_data_buf [2].
  converting $_DFF_P_ cell $auto$simplemap.cc:420:simplemap_dff$2738 to $_DFFE_PP_ for $techmap\dmi_cdc_inst.$0\req_data_buf[31:0] [3] -> \dmi_cdc_inst.req_data_buf [3].
  converting $_DFF_P_ cell $auto$simplemap.cc:420:simplemap_dff$2739 to $_DFFE_PP_ for $techmap\dmi_cdc_inst.$0\req_data_buf[31:0] [4] -> \dmi_cdc_inst.req_data_buf [4].
  converting $_DFF_P_ cell $auto$simplemap.cc:420:simplemap_dff$2740 to $_DFFE_PP_ for $techmap\dmi_cdc_inst.$0\req_data_buf[31:0] [5] -> \dmi_cdc_inst.req_data_buf [5].
  converting $_DFF_P_ cell $auto$simplemap.cc:420:simplemap_dff$2741 to $_DFFE_PP_ for $techmap\dmi_cdc_inst.$0\req_data_buf[31:0] [6] -> \dmi_cdc_inst.req_data_buf [6].
  converting $_DFF_P_ cell $auto$simplemap.cc:420:simplemap_dff$2742 to $_DFFE_PP_ for $techmap\dmi_cdc_inst.$0\req_data_buf[31:0] [7] -> \dmi_cdc_inst.req_data_buf [7].
  converting $_DFF_P_ cell $auto$simplemap.cc:420:simplemap_dff$2743 to $_DFFE_PP_ for $techmap\dmi_cdc_inst.$0\req_data_buf[31:0] [8] -> \dmi_cdc_inst.req_data_buf [8].
  converting $_DFF_P_ cell $auto$simplemap.cc:420:simplemap_dff$2744 to $_DFFE_PP_ for $techmap\dmi_cdc_inst.$0\req_data_buf[31:0] [9] -> \dmi_cdc_inst.req_data_buf [9].
  converting $_DFF_P_ cell $auto$simplemap.cc:420:simplemap_dff$2745 to $_DFFE_PP_ for $techmap\dmi_cdc_inst.$0\req_data_buf[31:0] [10] -> \dmi_cdc_inst.req_data_buf [10].
  converting $_DFF_P_ cell $auto$simplemap.cc:420:simplemap_dff$2746 to $_DFFE_PP_ for $techmap\dmi_cdc_inst.$0\req_data_buf[31:0] [11] -> \dmi_cdc_inst.req_data_buf [11].
  converting $_DFF_P_ cell $auto$simplemap.cc:420:simplemap_dff$2747 to $_DFFE_PP_ for $techmap\dmi_cdc_inst.$0\req_data_buf[31:0] [12] -> \dmi_cdc_inst.req_data_buf [12].
  converting $_DFF_P_ cell $auto$simplemap.cc:420:simplemap_dff$2748 to $_DFFE_PP_ for $techmap\dmi_cdc_inst.$0\req_data_buf[31:0] [13] -> \dmi_cdc_inst.req_data_buf [13].
  converting $_DFF_P_ cell $auto$simplemap.cc:420:simplemap_dff$2749 to $_DFFE_PP_ for $techmap\dmi_cdc_inst.$0\req_data_buf[31:0] [14] -> \dmi_cdc_inst.req_data_buf [14].
  converting $_DFF_P_ cell $auto$simplemap.cc:420:simplemap_dff$2750 to $_DFFE_PP_ for $techmap\dmi_cdc_inst.$0\req_data_buf[31:0] [15] -> \dmi_cdc_inst.req_data_buf [15].
  converting $_DFF_P_ cell $auto$simplemap.cc:420:simplemap_dff$2751 to $_DFFE_PP_ for $techmap\dmi_cdc_inst.$0\req_data_buf[31:0] [16] -> \dmi_cdc_inst.req_data_buf [16].
  converting $_DFF_P_ cell $auto$simplemap.cc:420:simplemap_dff$2752 to $_DFFE_PP_ for $techmap\dmi_cdc_inst.$0\req_data_buf[31:0] [17] -> \dmi_cdc_inst.req_data_buf [17].
  converting $_DFF_P_ cell $auto$simplemap.cc:420:simplemap_dff$2753 to $_DFFE_PP_ for $techmap\dmi_cdc_inst.$0\req_data_buf[31:0] [18] -> \dmi_cdc_inst.req_data_buf [18].
  converting $_DFF_P_ cell $auto$simplemap.cc:420:simplemap_dff$2754 to $_DFFE_PP_ for $techmap\dmi_cdc_inst.$0\req_data_buf[31:0] [19] -> \dmi_cdc_inst.req_data_buf [19].
  converting $_DFF_P_ cell $auto$simplemap.cc:420:simplemap_dff$2755 to $_DFFE_PP_ for $techmap\dmi_cdc_inst.$0\req_data_buf[31:0] [20] -> \dmi_cdc_inst.req_data_buf [20].
  converting $_DFF_P_ cell $auto$simplemap.cc:420:simplemap_dff$2756 to $_DFFE_PP_ for $techmap\dmi_cdc_inst.$0\req_data_buf[31:0] [21] -> \dmi_cdc_inst.req_data_buf [21].
  converting $_DFF_P_ cell $auto$simplemap.cc:420:simplemap_dff$2757 to $_DFFE_PP_ for $techmap\dmi_cdc_inst.$0\req_data_buf[31:0] [22] -> \dmi_cdc_inst.req_data_buf [22].
  converting $_DFF_P_ cell $auto$simplemap.cc:420:simplemap_dff$2758 to $_DFFE_PP_ for $techmap\dmi_cdc_inst.$0\req_data_buf[31:0] [23] -> \dmi_cdc_inst.req_data_buf [23].
  converting $_DFF_P_ cell $auto$simplemap.cc:420:simplemap_dff$2759 to $_DFFE_PP_ for $techmap\dmi_cdc_inst.$0\req_data_buf[31:0] [24] -> \dmi_cdc_inst.req_data_buf [24].
  converting $_DFF_P_ cell $auto$simplemap.cc:420:simplemap_dff$2760 to $_DFFE_PP_ for $techmap\dmi_cdc_inst.$0\req_data_buf[31:0] [25] -> \dmi_cdc_inst.req_data_buf [25].
  converting $_DFF_P_ cell $auto$simplemap.cc:420:simplemap_dff$2761 to $_DFFE_PP_ for $techmap\dmi_cdc_inst.$0\req_data_buf[31:0] [26] -> \dmi_cdc_inst.req_data_buf [26].
  converting $_DFF_P_ cell $auto$simplemap.cc:420:simplemap_dff$2762 to $_DFFE_PP_ for $techmap\dmi_cdc_inst.$0\req_data_buf[31:0] [27] -> \dmi_cdc_inst.req_data_buf [27].
  converting $_DFF_P_ cell $auto$simplemap.cc:420:simplemap_dff$2763 to $_DFFE_PP_ for $techmap\dmi_cdc_inst.$0\req_data_buf[31:0] [28] -> \dmi_cdc_inst.req_data_buf [28].
  converting $_DFF_P_ cell $auto$simplemap.cc:420:simplemap_dff$2764 to $_DFFE_PP_ for $techmap\dmi_cdc_inst.$0\req_data_buf[31:0] [29] -> \dmi_cdc_inst.req_data_buf [29].
  converting $_DFF_P_ cell $auto$simplemap.cc:420:simplemap_dff$2765 to $_DFFE_PP_ for $techmap\dmi_cdc_inst.$0\req_data_buf[31:0] [30] -> \dmi_cdc_inst.req_data_buf [30].
  converting $_DFF_P_ cell $auto$simplemap.cc:420:simplemap_dff$2766 to $_DFFE_PP_ for $techmap\dmi_cdc_inst.$0\req_data_buf[31:0] [31] -> \dmi_cdc_inst.req_data_buf [31].
  converting $_DFF_P_ cell $auto$simplemap.cc:420:simplemap_dff$2767 to $_DFFE_PP_ for $techmap\dmi_cdc_inst.$0\req_addr_buf[6:0] [0] -> \dmi_cdc_inst.req_addr_buf [0].
  converting $_DFF_P_ cell $auto$simplemap.cc:420:simplemap_dff$2768 to $_DFFE_PP_ for $techmap\dmi_cdc_inst.$0\req_addr_buf[6:0] [1] -> \dmi_cdc_inst.req_addr_buf [1].
  converting $_DFF_P_ cell $auto$simplemap.cc:420:simplemap_dff$2769 to $_DFFE_PP_ for $techmap\dmi_cdc_inst.$0\req_addr_buf[6:0] [2] -> \dmi_cdc_inst.req_addr_buf [2].
  converting $_DFF_P_ cell $auto$simplemap.cc:420:simplemap_dff$2770 to $_DFFE_PP_ for $techmap\dmi_cdc_inst.$0\req_addr_buf[6:0] [3] -> \dmi_cdc_inst.req_addr_buf [3].
  converting $_DFF_P_ cell $auto$simplemap.cc:420:simplemap_dff$2771 to $_DFFE_PP_ for $techmap\dmi_cdc_inst.$0\req_addr_buf[6:0] [4] -> \dmi_cdc_inst.req_addr_buf [4].
  converting $_DFF_P_ cell $auto$simplemap.cc:420:simplemap_dff$2772 to $_DFFE_PP_ for $techmap\dmi_cdc_inst.$0\req_addr_buf[6:0] [5] -> \dmi_cdc_inst.req_addr_buf [5].
  converting $_DFF_P_ cell $auto$simplemap.cc:420:simplemap_dff$2773 to $_DFFE_PP_ for $techmap\dmi_cdc_inst.$0\req_addr_buf[6:0] [6] -> \dmi_cdc_inst.req_addr_buf [6].
  converting $_DFF_P_ cell $auto$simplemap.cc:420:simplemap_dff$2814 to $_DFFE_PP_ for $techmap\dmi_cdc_inst.$0\resp_resp_buf[1:0] [0] -> \dmi_cdc_inst.resp_resp_buf [0].
  converting $_DFF_P_ cell $auto$simplemap.cc:420:simplemap_dff$2815 to $_DFFE_PP_ for $techmap\dmi_cdc_inst.$0\resp_resp_buf[1:0] [1] -> \dmi_cdc_inst.resp_resp_buf [1].
  converting $_DFF_P_ cell $auto$simplemap.cc:420:simplemap_dff$2816 to $_DFFE_PP_ for $techmap\dmi_cdc_inst.$0\resp_data_buf[31:0] [0] -> \dmi_cdc_inst.resp_data_buf [0].
  converting $_DFF_P_ cell $auto$simplemap.cc:420:simplemap_dff$2817 to $_DFFE_PP_ for $techmap\dmi_cdc_inst.$0\resp_data_buf[31:0] [1] -> \dmi_cdc_inst.resp_data_buf [1].
  converting $_DFF_P_ cell $auto$simplemap.cc:420:simplemap_dff$2818 to $_DFFE_PP_ for $techmap\dmi_cdc_inst.$0\resp_data_buf[31:0] [2] -> \dmi_cdc_inst.resp_data_buf [2].
  converting $_DFF_P_ cell $auto$simplemap.cc:420:simplemap_dff$2819 to $_DFFE_PP_ for $techmap\dmi_cdc_inst.$0\resp_data_buf[31:0] [3] -> \dmi_cdc_inst.resp_data_buf [3].
  converting $_DFF_P_ cell $auto$simplemap.cc:420:simplemap_dff$2820 to $_DFFE_PP_ for $techmap\dmi_cdc_inst.$0\resp_data_buf[31:0] [4] -> \dmi_cdc_inst.resp_data_buf [4].
  converting $_DFF_P_ cell $auto$simplemap.cc:420:simplemap_dff$2821 to $_DFFE_PP_ for $techmap\dmi_cdc_inst.$0\resp_data_buf[31:0] [5] -> \dmi_cdc_inst.resp_data_buf [5].
  converting $_DFF_P_ cell $auto$simplemap.cc:420:simplemap_dff$2822 to $_DFFE_PP_ for $techmap\dmi_cdc_inst.$0\resp_data_buf[31:0] [6] -> \dmi_cdc_inst.resp_data_buf [6].
  converting $_DFF_P_ cell $auto$simplemap.cc:420:simplemap_dff$2823 to $_DFFE_PP_ for $techmap\dmi_cdc_inst.$0\resp_data_buf[31:0] [7] -> \dmi_cdc_inst.resp_data_buf [7].
  converting $_DFF_P_ cell $auto$simplemap.cc:420:simplemap_dff$2824 to $_DFFE_PP_ for $techmap\dmi_cdc_inst.$0\resp_data_buf[31:0] [8] -> \dmi_cdc_inst.resp_data_buf [8].
  converting $_DFF_P_ cell $auto$simplemap.cc:420:simplemap_dff$2825 to $_DFFE_PP_ for $techmap\dmi_cdc_inst.$0\resp_data_buf[31:0] [9] -> \dmi_cdc_inst.resp_data_buf [9].
  converting $_DFF_P_ cell $auto$simplemap.cc:420:simplemap_dff$2826 to $_DFFE_PP_ for $techmap\dmi_cdc_inst.$0\resp_data_buf[31:0] [10] -> \dmi_cdc_inst.resp_data_buf [10].
  converting $_DFF_P_ cell $auto$simplemap.cc:420:simplemap_dff$2827 to $_DFFE_PP_ for $techmap\dmi_cdc_inst.$0\resp_data_buf[31:0] [11] -> \dmi_cdc_inst.resp_data_buf [11].
  converting $_DFF_P_ cell $auto$simplemap.cc:420:simplemap_dff$2828 to $_DFFE_PP_ for $techmap\dmi_cdc_inst.$0\resp_data_buf[31:0] [12] -> \dmi_cdc_inst.resp_data_buf [12].
  converting $_DFF_P_ cell $auto$simplemap.cc:420:simplemap_dff$2829 to $_DFFE_PP_ for $techmap\dmi_cdc_inst.$0\resp_data_buf[31:0] [13] -> \dmi_cdc_inst.resp_data_buf [13].
  converting $_DFF_P_ cell $auto$simplemap.cc:420:simplemap_dff$2830 to $_DFFE_PP_ for $techmap\dmi_cdc_inst.$0\resp_data_buf[31:0] [14] -> \dmi_cdc_inst.resp_data_buf [14].
  converting $_DFF_P_ cell $auto$simplemap.cc:420:simplemap_dff$2831 to $_DFFE_PP_ for $techmap\dmi_cdc_inst.$0\resp_data_buf[31:0] [15] -> \dmi_cdc_inst.resp_data_buf [15].
  converting $_DFF_P_ cell $auto$simplemap.cc:420:simplemap_dff$2832 to $_DFFE_PP_ for $techmap\dmi_cdc_inst.$0\resp_data_buf[31:0] [16] -> \dmi_cdc_inst.resp_data_buf [16].
  converting $_DFF_P_ cell $auto$simplemap.cc:420:simplemap_dff$2833 to $_DFFE_PP_ for $techmap\dmi_cdc_inst.$0\resp_data_buf[31:0] [17] -> \dmi_cdc_inst.resp_data_buf [17].
  converting $_DFF_P_ cell $auto$simplemap.cc:420:simplemap_dff$2834 to $_DFFE_PP_ for $techmap\dmi_cdc_inst.$0\resp_data_buf[31:0] [18] -> \dmi_cdc_inst.resp_data_buf [18].
  converting $_DFF_P_ cell $auto$simplemap.cc:420:simplemap_dff$2835 to $_DFFE_PP_ for $techmap\dmi_cdc_inst.$0\resp_data_buf[31:0] [19] -> \dmi_cdc_inst.resp_data_buf [19].
  converting $_DFF_P_ cell $auto$simplemap.cc:420:simplemap_dff$2836 to $_DFFE_PP_ for $techmap\dmi_cdc_inst.$0\resp_data_buf[31:0] [20] -> \dmi_cdc_inst.resp_data_buf [20].
  converting $_DFF_P_ cell $auto$simplemap.cc:420:simplemap_dff$2837 to $_DFFE_PP_ for $techmap\dmi_cdc_inst.$0\resp_data_buf[31:0] [21] -> \dmi_cdc_inst.resp_data_buf [21].
  converting $_DFF_P_ cell $auto$simplemap.cc:420:simplemap_dff$2838 to $_DFFE_PP_ for $techmap\dmi_cdc_inst.$0\resp_data_buf[31:0] [22] -> \dmi_cdc_inst.resp_data_buf [22].
  converting $_DFF_P_ cell $auto$simplemap.cc:420:simplemap_dff$2839 to $_DFFE_PP_ for $techmap\dmi_cdc_inst.$0\resp_data_buf[31:0] [23] -> \dmi_cdc_inst.resp_data_buf [23].
  converting $_DFF_P_ cell $auto$simplemap.cc:420:simplemap_dff$2840 to $_DFFE_PP_ for $techmap\dmi_cdc_inst.$0\resp_data_buf[31:0] [24] -> \dmi_cdc_inst.resp_data_buf [24].
  converting $_DFF_P_ cell $auto$simplemap.cc:420:simplemap_dff$2841 to $_DFFE_PP_ for $techmap\dmi_cdc_inst.$0\resp_data_buf[31:0] [25] -> \dmi_cdc_inst.resp_data_buf [25].
  converting $_DFF_P_ cell $auto$simplemap.cc:420:simplemap_dff$2842 to $_DFFE_PP_ for $techmap\dmi_cdc_inst.$0\resp_data_buf[31:0] [26] -> \dmi_cdc_inst.resp_data_buf [26].
  converting $_DFF_P_ cell $auto$simplemap.cc:420:simplemap_dff$2843 to $_DFFE_PP_ for $techmap\dmi_cdc_inst.$0\resp_data_buf[31:0] [27] -> \dmi_cdc_inst.resp_data_buf [27].
  converting $_DFF_P_ cell $auto$simplemap.cc:420:simplemap_dff$2844 to $_DFFE_PP_ for $techmap\dmi_cdc_inst.$0\resp_data_buf[31:0] [28] -> \dmi_cdc_inst.resp_data_buf [28].
  converting $_DFF_P_ cell $auto$simplemap.cc:420:simplemap_dff$2845 to $_DFFE_PP_ for $techmap\dmi_cdc_inst.$0\resp_data_buf[31:0] [29] -> \dmi_cdc_inst.resp_data_buf [29].
  converting $_DFF_P_ cell $auto$simplemap.cc:420:simplemap_dff$2846 to $_DFFE_PP_ for $techmap\dmi_cdc_inst.$0\resp_data_buf[31:0] [30] -> \dmi_cdc_inst.resp_data_buf [30].
  converting $_DFF_P_ cell $auto$simplemap.cc:420:simplemap_dff$2847 to $_DFFE_PP_ for $techmap\dmi_cdc_inst.$0\resp_data_buf[31:0] [31] -> \dmi_cdc_inst.resp_data_buf [31].
  converting $_DFF_P_ cell $auto$simplemap.cc:420:simplemap_dff$3365 to $_DFFE_PP_ for $auto$rtlil.cc:1906:Mux$1507 -> $auto$memory_bram.cc:960:replace_cell$1505.
  converting $_DFF_P_ cell $auto$simplemap.cc:420:simplemap_dff$4394 to $_DFFE_PP_ for $auto$rtlil.cc:1906:Mux$1442 -> $auto$memory_bram.cc:960:replace_cell$1440.
  converting $_DFF_P_ cell $auto$simplemap.cc:420:simplemap_dff$4614 to $_DFFE_PP_ for $auto$rtlil.cc:1906:Mux$1468 -> $auto$memory_bram.cc:960:replace_cell$1466.
  converting $_DFF_P_ cell $auto$simplemap.cc:420:simplemap_dff$4616 to $_DFFE_PP_ for $techmap\CPU.$0\state[2:0] [0] -> \CPU.state [0].
  converting $_DFF_P_ cell $auto$simplemap.cc:420:simplemap_dff$4617 to $_DFFE_PP_ for $techmap\CPU.$0\state[2:0] [1] -> \CPU.state [1].
  converting $_DFF_P_ cell $auto$simplemap.cc:420:simplemap_dff$4618 to $_DFFE_PP_ for $techmap\CPU.$0\state[2:0] [2] -> \CPU.state [2].
  converting $_DFF_P_ cell $auto$simplemap.cc:420:simplemap_dff$4619 to $_DFFE_PP_ for $techmap\CPU.$0\instr[31:0] [0] -> \CPU.instr [0].
  converting $_DFF_P_ cell $auto$simplemap.cc:420:simplemap_dff$4620 to $_DFFE_PP_ for $techmap\CPU.$0\instr[31:0] [1] -> \CPU.instr [1].
  converting $_DFF_P_ cell $auto$simplemap.cc:420:simplemap_dff$4621 to $_DFFE_PP_ for $techmap\CPU.$0\instr[31:0] [2] -> \CPU.instr [2].
  converting $_DFF_P_ cell $auto$simplemap.cc:420:simplemap_dff$4622 to $_DFFE_PP_ for $techmap\CPU.$0\instr[31:0] [3] -> \CPU.instr [3].
  converting $_DFF_P_ cell $auto$simplemap.cc:420:simplemap_dff$4623 to $_DFFE_PP_ for $techmap\CPU.$0\instr[31:0] [4] -> \CPU.instr [4].
  converting $_DFF_P_ cell $auto$simplemap.cc:420:simplemap_dff$4624 to $_DFFE_PP_ for $techmap\CPU.$0\instr[31:0] [5] -> \CPU.instr [5].
  converting $_DFF_P_ cell $auto$simplemap.cc:420:simplemap_dff$4625 to $_DFFE_PP_ for $techmap\CPU.$0\instr[31:0] [6] -> \CPU.instr [6].
  converting $_DFF_P_ cell $auto$simplemap.cc:420:simplemap_dff$4626 to $_DFFE_PP_ for $techmap\CPU.$0\instr[31:0] [7] -> \CPU.instr [7].
  converting $_DFF_P_ cell $auto$simplemap.cc:420:simplemap_dff$4627 to $_DFFE_PP_ for $techmap\CPU.$0\instr[31:0] [8] -> \CPU.instr [8].
  converting $_DFF_P_ cell $auto$simplemap.cc:420:simplemap_dff$4628 to $_DFFE_PP_ for $techmap\CPU.$0\instr[31:0] [9] -> \CPU.instr [9].
  converting $_DFF_P_ cell $auto$simplemap.cc:420:simplemap_dff$4629 to $_DFFE_PP_ for $techmap\CPU.$0\instr[31:0] [10] -> \CPU.instr [10].
  converting $_DFF_P_ cell $auto$simplemap.cc:420:simplemap_dff$4630 to $_DFFE_PP_ for $techmap\CPU.$0\instr[31:0] [11] -> \CPU.instr [11].
  converting $_DFF_P_ cell $auto$simplemap.cc:420:simplemap_dff$4631 to $_DFFE_PP_ for $techmap\CPU.$0\instr[31:0] [12] -> \CPU.instr [12].
  converting $_DFF_P_ cell $auto$simplemap.cc:420:simplemap_dff$4632 to $_DFFE_PP_ for $techmap\CPU.$0\instr[31:0] [13] -> \CPU.instr [13].
  converting $_DFF_P_ cell $auto$simplemap.cc:420:simplemap_dff$4633 to $_DFFE_PP_ for $techmap\CPU.$0\instr[31:0] [14] -> \CPU.instr [14].
  converting $_DFF_P_ cell $auto$simplemap.cc:420:simplemap_dff$4634 to $_DFFE_PP_ for $techmap\CPU.$0\instr[31:0] [15] -> \CPU.instr [15].
  converting $_DFF_P_ cell $auto$simplemap.cc:420:simplemap_dff$4635 to $_DFFE_PP_ for $techmap\CPU.$0\instr[31:0] [16] -> \CPU.instr [16].
  converting $_DFF_P_ cell $auto$simplemap.cc:420:simplemap_dff$4636 to $_DFFE_PP_ for $techmap\CPU.$0\instr[31:0] [17] -> \CPU.instr [17].
  converting $_DFF_P_ cell $auto$simplemap.cc:420:simplemap_dff$4637 to $_DFFE_PP_ for $techmap\CPU.$0\instr[31:0] [18] -> \CPU.instr [18].
  converting $_DFF_P_ cell $auto$simplemap.cc:420:simplemap_dff$4638 to $_DFFE_PP_ for $techmap\CPU.$0\instr[31:0] [19] -> \CPU.instr [19].
  converting $_DFF_P_ cell $auto$simplemap.cc:420:simplemap_dff$4639 to $_DFFE_PP_ for $techmap\CPU.$0\instr[31:0] [20] -> \CPU.instr [20].
  converting $_DFF_P_ cell $auto$simplemap.cc:420:simplemap_dff$4640 to $_DFFE_PP_ for $techmap\CPU.$0\instr[31:0] [21] -> \CPU.instr [21].
  converting $_DFF_P_ cell $auto$simplemap.cc:420:simplemap_dff$4641 to $_DFFE_PP_ for $techmap\CPU.$0\instr[31:0] [22] -> \CPU.instr [22].
  converting $_DFF_P_ cell $auto$simplemap.cc:420:simplemap_dff$4642 to $_DFFE_PP_ for $techmap\CPU.$0\instr[31:0] [23] -> \CPU.instr [23].
  converting $_DFF_P_ cell $auto$simplemap.cc:420:simplemap_dff$4643 to $_DFFE_PP_ for $techmap\CPU.$0\instr[31:0] [24] -> \CPU.instr [24].
  converting $_DFF_P_ cell $auto$simplemap.cc:420:simplemap_dff$4644 to $_DFFE_PP_ for $techmap\CPU.$0\instr[31:0] [25] -> \CPU.instr [25].
  converting $_DFF_P_ cell $auto$simplemap.cc:420:simplemap_dff$4645 to $_DFFE_PP_ for $techmap\CPU.$0\instr[31:0] [26] -> \CPU.instr [26].
  converting $_DFF_P_ cell $auto$simplemap.cc:420:simplemap_dff$4646 to $_DFFE_PP_ for $techmap\CPU.$0\instr[31:0] [27] -> \CPU.instr [27].
  converting $_DFF_P_ cell $auto$simplemap.cc:420:simplemap_dff$4647 to $_DFFE_PP_ for $techmap\CPU.$0\instr[31:0] [28] -> \CPU.instr [28].
  converting $_DFF_P_ cell $auto$simplemap.cc:420:simplemap_dff$4648 to $_DFFE_PP_ for $techmap\CPU.$0\instr[31:0] [29] -> \CPU.instr [29].
  converting $_DFF_P_ cell $auto$simplemap.cc:420:simplemap_dff$4649 to $_DFFE_PP_ for $techmap\CPU.$0\instr[31:0] [30] -> \CPU.instr [30].
  converting $_DFF_P_ cell $auto$simplemap.cc:420:simplemap_dff$4650 to $_DFFE_PP_ for $techmap\CPU.$0\instr[31:0] [31] -> \CPU.instr [31].
  converting $_DFF_P_ cell $auto$simplemap.cc:420:simplemap_dff$4651 to $_DFFE_PP_ for $techmap\CPU.$0\PC[31:0] [0] -> \CPU.PC [0].
  converting $_DFF_P_ cell $auto$simplemap.cc:420:simplemap_dff$4652 to $_DFFE_PP_ for $techmap\CPU.$0\PC[31:0] [1] -> \CPU.PC [1].
  converting $_DFF_P_ cell $auto$simplemap.cc:420:simplemap_dff$4653 to $_DFFE_PP_ for $techmap\CPU.$0\PC[31:0] [2] -> \CPU.PC [2].
  converting $_DFF_P_ cell $auto$simplemap.cc:420:simplemap_dff$4654 to $_DFFE_PP_ for $techmap\CPU.$0\PC[31:0] [3] -> \CPU.PC [3].
  converting $_DFF_P_ cell $auto$simplemap.cc:420:simplemap_dff$4655 to $_DFFE_PP_ for $techmap\CPU.$0\PC[31:0] [4] -> \CPU.PC [4].
  converting $_DFF_P_ cell $auto$simplemap.cc:420:simplemap_dff$4656 to $_DFFE_PP_ for $techmap\CPU.$0\PC[31:0] [5] -> \CPU.PC [5].
  converting $_DFF_P_ cell $auto$simplemap.cc:420:simplemap_dff$4657 to $_DFFE_PP_ for $techmap\CPU.$0\PC[31:0] [6] -> \CPU.PC [6].
  converting $_DFF_P_ cell $auto$simplemap.cc:420:simplemap_dff$4658 to $_DFFE_PP_ for $techmap\CPU.$0\PC[31:0] [7] -> \CPU.PC [7].
  converting $_DFF_P_ cell $auto$simplemap.cc:420:simplemap_dff$4659 to $_DFFE_PP_ for $techmap\CPU.$0\PC[31:0] [8] -> \CPU.PC [8].
  converting $_DFF_P_ cell $auto$simplemap.cc:420:simplemap_dff$4660 to $_DFFE_PP_ for $techmap\CPU.$0\PC[31:0] [9] -> \CPU.PC [9].
  converting $_DFF_P_ cell $auto$simplemap.cc:420:simplemap_dff$4661 to $_DFFE_PP_ for $techmap\CPU.$0\PC[31:0] [10] -> \CPU.PC [10].
  converting $_DFF_P_ cell $auto$simplemap.cc:420:simplemap_dff$4662 to $_DFFE_PP_ for $techmap\CPU.$0\PC[31:0] [11] -> \CPU.PC [11].
  converting $_DFF_P_ cell $auto$simplemap.cc:420:simplemap_dff$4663 to $_DFFE_PP_ for $techmap\CPU.$0\PC[31:0] [12] -> \CPU.PC [12].
  converting $_DFF_P_ cell $auto$simplemap.cc:420:simplemap_dff$4664 to $_DFFE_PP_ for $techmap\CPU.$0\PC[31:0] [13] -> \CPU.PC [13].
  converting $_DFF_P_ cell $auto$simplemap.cc:420:simplemap_dff$4665 to $_DFFE_PP_ for $techmap\CPU.$0\PC[31:0] [14] -> \CPU.PC [14].
  converting $_DFF_P_ cell $auto$simplemap.cc:420:simplemap_dff$4666 to $_DFFE_PP_ for $techmap\CPU.$0\PC[31:0] [15] -> \CPU.PC [15].
  converting $_DFF_P_ cell $auto$simplemap.cc:420:simplemap_dff$4667 to $_DFFE_PP_ for $techmap\CPU.$0\PC[31:0] [16] -> \CPU.PC [16].
  converting $_DFF_P_ cell $auto$simplemap.cc:420:simplemap_dff$4668 to $_DFFE_PP_ for $techmap\CPU.$0\PC[31:0] [17] -> \CPU.PC [17].
  converting $_DFF_P_ cell $auto$simplemap.cc:420:simplemap_dff$4669 to $_DFFE_PP_ for $techmap\CPU.$0\PC[31:0] [18] -> \CPU.PC [18].
  converting $_DFF_P_ cell $auto$simplemap.cc:420:simplemap_dff$4670 to $_DFFE_PP_ for $techmap\CPU.$0\PC[31:0] [19] -> \CPU.PC [19].
  converting $_DFF_P_ cell $auto$simplemap.cc:420:simplemap_dff$4671 to $_DFFE_PP_ for $techmap\CPU.$0\PC[31:0] [20] -> \CPU.PC [20].
  converting $_DFF_P_ cell $auto$simplemap.cc:420:simplemap_dff$4672 to $_DFFE_PP_ for $techmap\CPU.$0\PC[31:0] [21] -> \CPU.PC [21].
  converting $_DFF_P_ cell $auto$simplemap.cc:420:simplemap_dff$4673 to $_DFFE_PP_ for $techmap\CPU.$0\PC[31:0] [22] -> \CPU.PC [22].
  converting $_DFF_P_ cell $auto$simplemap.cc:420:simplemap_dff$4674 to $_DFFE_PP_ for $techmap\CPU.$0\PC[31:0] [23] -> \CPU.PC [23].
  converting $_DFF_P_ cell $auto$simplemap.cc:420:simplemap_dff$4675 to $_DFFE_PP_ for $techmap\CPU.$0\PC[31:0] [24] -> \CPU.PC [24].
  converting $_DFF_P_ cell $auto$simplemap.cc:420:simplemap_dff$4676 to $_DFFE_PP_ for $techmap\CPU.$0\PC[31:0] [25] -> \CPU.PC [25].
  converting $_DFF_P_ cell $auto$simplemap.cc:420:simplemap_dff$4677 to $_DFFE_PP_ for $techmap\CPU.$0\PC[31:0] [26] -> \CPU.PC [26].
  converting $_DFF_P_ cell $auto$simplemap.cc:420:simplemap_dff$4678 to $_DFFE_PP_ for $techmap\CPU.$0\PC[31:0] [27] -> \CPU.PC [27].
  converting $_DFF_P_ cell $auto$simplemap.cc:420:simplemap_dff$4679 to $_DFFE_PP_ for $techmap\CPU.$0\PC[31:0] [28] -> \CPU.PC [28].
  converting $_DFF_P_ cell $auto$simplemap.cc:420:simplemap_dff$4680 to $_DFFE_PP_ for $techmap\CPU.$0\PC[31:0] [29] -> \CPU.PC [29].
  converting $_DFF_P_ cell $auto$simplemap.cc:420:simplemap_dff$4681 to $_DFFE_PP_ for $techmap\CPU.$0\PC[31:0] [30] -> \CPU.PC [30].
  converting $_DFF_P_ cell $auto$simplemap.cc:420:simplemap_dff$4682 to $_DFFE_PP_ for $techmap\CPU.$0\PC[31:0] [31] -> \CPU.PC [31].
  converting $_DFF_P_ cell $auto$simplemap.cc:420:simplemap_dff$5681 to $_DFFE_PP_ for $auto$rtlil.cc:1906:Mux$1546 -> $auto$memory_bram.cc:960:replace_cell$1544.
  converting $_DFF_P_ cell $auto$simplemap.cc:420:simplemap_dff$5725 to $_DFFE_PP_ for $auto$rtlil.cc:1906:Mux$1429 -> $auto$memory_bram.cc:960:replace_cell$1427.
  converting $_DFF_P_ cell $auto$simplemap.cc:420:simplemap_dff$6445 to $_DFFE_PP_ for $auto$rtlil.cc:1906:Mux$1481 -> $auto$memory_bram.cc:960:replace_cell$1479.
  converting $_DFF_P_ cell $auto$simplemap.cc:420:simplemap_dff$6756 to $_DFFE_PP_ for $techmap\debug_module.aau.$0\debug_reg_wdata[31:0] [0] -> \debug_module.aau.debug_reg_wdata [0].
  converting $_DFF_P_ cell $auto$simplemap.cc:420:simplemap_dff$6757 to $_DFFE_PP_ for $techmap\debug_module.aau.$0\debug_reg_wdata[31:0] [1] -> \debug_module.aau.debug_reg_wdata [1].
  converting $_DFF_P_ cell $auto$simplemap.cc:420:simplemap_dff$6758 to $_DFFE_PP_ for $techmap\debug_module.aau.$0\debug_reg_wdata[31:0] [2] -> \debug_module.aau.debug_reg_wdata [2].
  converting $_DFF_P_ cell $auto$simplemap.cc:420:simplemap_dff$6759 to $_DFFE_PP_ for $techmap\debug_module.aau.$0\debug_reg_wdata[31:0] [3] -> \debug_module.aau.debug_reg_wdata [3].
  converting $_DFF_P_ cell $auto$simplemap.cc:420:simplemap_dff$6760 to $_DFFE_PP_ for $techmap\debug_module.aau.$0\debug_reg_wdata[31:0] [4] -> \debug_module.aau.debug_reg_wdata [4].
  converting $_DFF_P_ cell $auto$simplemap.cc:420:simplemap_dff$6761 to $_DFFE_PP_ for $techmap\debug_module.aau.$0\debug_reg_wdata[31:0] [5] -> \debug_module.aau.debug_reg_wdata [5].
  converting $_DFF_P_ cell $auto$simplemap.cc:420:simplemap_dff$6762 to $_DFFE_PP_ for $techmap\debug_module.aau.$0\debug_reg_wdata[31:0] [6] -> \debug_module.aau.debug_reg_wdata [6].
  converting $_DFF_P_ cell $auto$simplemap.cc:420:simplemap_dff$6763 to $_DFFE_PP_ for $techmap\debug_module.aau.$0\debug_reg_wdata[31:0] [7] -> \debug_module.aau.debug_reg_wdata [7].
  converting $_DFF_P_ cell $auto$simplemap.cc:420:simplemap_dff$6764 to $_DFFE_PP_ for $techmap\debug_module.aau.$0\debug_reg_wdata[31:0] [8] -> \debug_module.aau.debug_reg_wdata [8].
  converting $_DFF_P_ cell $auto$simplemap.cc:420:simplemap_dff$6765 to $_DFFE_PP_ for $techmap\debug_module.aau.$0\debug_reg_wdata[31:0] [9] -> \debug_module.aau.debug_reg_wdata [9].
  converting $_DFF_P_ cell $auto$simplemap.cc:420:simplemap_dff$6766 to $_DFFE_PP_ for $techmap\debug_module.aau.$0\debug_reg_wdata[31:0] [10] -> \debug_module.aau.debug_reg_wdata [10].
  converting $_DFF_P_ cell $auto$simplemap.cc:420:simplemap_dff$6767 to $_DFFE_PP_ for $techmap\debug_module.aau.$0\debug_reg_wdata[31:0] [11] -> \debug_module.aau.debug_reg_wdata [11].
  converting $_DFF_P_ cell $auto$simplemap.cc:420:simplemap_dff$6768 to $_DFFE_PP_ for $techmap\debug_module.aau.$0\debug_reg_wdata[31:0] [12] -> \debug_module.aau.debug_reg_wdata [12].
  converting $_DFF_P_ cell $auto$simplemap.cc:420:simplemap_dff$6769 to $_DFFE_PP_ for $techmap\debug_module.aau.$0\debug_reg_wdata[31:0] [13] -> \debug_module.aau.debug_reg_wdata [13].
  converting $_DFF_P_ cell $auto$simplemap.cc:420:simplemap_dff$6770 to $_DFFE_PP_ for $techmap\debug_module.aau.$0\debug_reg_wdata[31:0] [14] -> \debug_module.aau.debug_reg_wdata [14].
  converting $_DFF_P_ cell $auto$simplemap.cc:420:simplemap_dff$6771 to $_DFFE_PP_ for $techmap\debug_module.aau.$0\debug_reg_wdata[31:0] [15] -> \debug_module.aau.debug_reg_wdata [15].
  converting $_DFF_P_ cell $auto$simplemap.cc:420:simplemap_dff$6772 to $_DFFE_PP_ for $techmap\debug_module.aau.$0\debug_reg_wdata[31:0] [16] -> \debug_module.aau.debug_reg_wdata [16].
  converting $_DFF_P_ cell $auto$simplemap.cc:420:simplemap_dff$6773 to $_DFFE_PP_ for $techmap\debug_module.aau.$0\debug_reg_wdata[31:0] [17] -> \debug_module.aau.debug_reg_wdata [17].
  converting $_DFF_P_ cell $auto$simplemap.cc:420:simplemap_dff$6774 to $_DFFE_PP_ for $techmap\debug_module.aau.$0\debug_reg_wdata[31:0] [18] -> \debug_module.aau.debug_reg_wdata [18].
  converting $_DFF_P_ cell $auto$simplemap.cc:420:simplemap_dff$6775 to $_DFFE_PP_ for $techmap\debug_module.aau.$0\debug_reg_wdata[31:0] [19] -> \debug_module.aau.debug_reg_wdata [19].
  converting $_DFF_P_ cell $auto$simplemap.cc:420:simplemap_dff$6776 to $_DFFE_PP_ for $techmap\debug_module.aau.$0\debug_reg_wdata[31:0] [20] -> \debug_module.aau.debug_reg_wdata [20].
  converting $_DFF_P_ cell $auto$simplemap.cc:420:simplemap_dff$6777 to $_DFFE_PP_ for $techmap\debug_module.aau.$0\debug_reg_wdata[31:0] [21] -> \debug_module.aau.debug_reg_wdata [21].
  converting $_DFF_P_ cell $auto$simplemap.cc:420:simplemap_dff$6778 to $_DFFE_PP_ for $techmap\debug_module.aau.$0\debug_reg_wdata[31:0] [22] -> \debug_module.aau.debug_reg_wdata [22].
  converting $_DFF_P_ cell $auto$simplemap.cc:420:simplemap_dff$6779 to $_DFFE_PP_ for $techmap\debug_module.aau.$0\debug_reg_wdata[31:0] [23] -> \debug_module.aau.debug_reg_wdata [23].
  converting $_DFF_P_ cell $auto$simplemap.cc:420:simplemap_dff$6780 to $_DFFE_PP_ for $techmap\debug_module.aau.$0\debug_reg_wdata[31:0] [24] -> \debug_module.aau.debug_reg_wdata [24].
  converting $_DFF_P_ cell $auto$simplemap.cc:420:simplemap_dff$6781 to $_DFFE_PP_ for $techmap\debug_module.aau.$0\debug_reg_wdata[31:0] [25] -> \debug_module.aau.debug_reg_wdata [25].
  converting $_DFF_P_ cell $auto$simplemap.cc:420:simplemap_dff$6782 to $_DFFE_PP_ for $techmap\debug_module.aau.$0\debug_reg_wdata[31:0] [26] -> \debug_module.aau.debug_reg_wdata [26].
  converting $_DFF_P_ cell $auto$simplemap.cc:420:simplemap_dff$6783 to $_DFFE_PP_ for $techmap\debug_module.aau.$0\debug_reg_wdata[31:0] [27] -> \debug_module.aau.debug_reg_wdata [27].
  converting $_DFF_P_ cell $auto$simplemap.cc:420:simplemap_dff$6784 to $_DFFE_PP_ for $techmap\debug_module.aau.$0\debug_reg_wdata[31:0] [28] -> \debug_module.aau.debug_reg_wdata [28].
  converting $_DFF_P_ cell $auto$simplemap.cc:420:simplemap_dff$6785 to $_DFFE_PP_ for $techmap\debug_module.aau.$0\debug_reg_wdata[31:0] [29] -> \debug_module.aau.debug_reg_wdata [29].
  converting $_DFF_P_ cell $auto$simplemap.cc:420:simplemap_dff$6786 to $_DFFE_PP_ for $techmap\debug_module.aau.$0\debug_reg_wdata[31:0] [30] -> \debug_module.aau.debug_reg_wdata [30].
  converting $_DFF_P_ cell $auto$simplemap.cc:420:simplemap_dff$6787 to $_DFFE_PP_ for $techmap\debug_module.aau.$0\debug_reg_wdata[31:0] [31] -> \debug_module.aau.debug_reg_wdata [31].
  converting $_DFF_PN0_ cell $auto$simplemap.cc:496:simplemap_adff$1975 to $__DFFE_PN0 for $0\reset_led_counter[23:0] [0] -> \reset_led_counter [0].
  converting $_DFF_PN0_ cell $auto$simplemap.cc:496:simplemap_adff$1976 to $__DFFE_PN0 for $0\reset_led_counter[23:0] [1] -> \reset_led_counter [1].
  converting $_DFF_PN0_ cell $auto$simplemap.cc:496:simplemap_adff$1977 to $__DFFE_PN0 for $0\reset_led_counter[23:0] [2] -> \reset_led_counter [2].
  converting $_DFF_PN0_ cell $auto$simplemap.cc:496:simplemap_adff$1978 to $__DFFE_PN0 for $0\reset_led_counter[23:0] [3] -> \reset_led_counter [3].
  converting $_DFF_PN0_ cell $auto$simplemap.cc:496:simplemap_adff$1979 to $__DFFE_PN0 for $0\reset_led_counter[23:0] [4] -> \reset_led_counter [4].
  converting $_DFF_PN0_ cell $auto$simplemap.cc:496:simplemap_adff$1980 to $__DFFE_PN0 for $0\reset_led_counter[23:0] [5] -> \reset_led_counter [5].
  converting $_DFF_PN0_ cell $auto$simplemap.cc:496:simplemap_adff$1981 to $__DFFE_PN0 for $0\reset_led_counter[23:0] [6] -> \reset_led_counter [6].
  converting $_DFF_PN0_ cell $auto$simplemap.cc:496:simplemap_adff$1982 to $__DFFE_PN0 for $0\reset_led_counter[23:0] [7] -> \reset_led_counter [7].
  converting $_DFF_PN0_ cell $auto$simplemap.cc:496:simplemap_adff$1983 to $__DFFE_PN0 for $0\reset_led_counter[23:0] [8] -> \reset_led_counter [8].
  converting $_DFF_PN0_ cell $auto$simplemap.cc:496:simplemap_adff$1984 to $__DFFE_PN0 for $0\reset_led_counter[23:0] [9] -> \reset_led_counter [9].
  converting $_DFF_PN0_ cell $auto$simplemap.cc:496:simplemap_adff$1985 to $__DFFE_PN0 for $0\reset_led_counter[23:0] [10] -> \reset_led_counter [10].
  converting $_DFF_PN0_ cell $auto$simplemap.cc:496:simplemap_adff$1986 to $__DFFE_PN0 for $0\reset_led_counter[23:0] [11] -> \reset_led_counter [11].
  converting $_DFF_PN0_ cell $auto$simplemap.cc:496:simplemap_adff$1987 to $__DFFE_PN0 for $0\reset_led_counter[23:0] [12] -> \reset_led_counter [12].
  converting $_DFF_PN0_ cell $auto$simplemap.cc:496:simplemap_adff$1988 to $__DFFE_PN0 for $0\reset_led_counter[23:0] [13] -> \reset_led_counter [13].
  converting $_DFF_PN0_ cell $auto$simplemap.cc:496:simplemap_adff$1989 to $__DFFE_PN0 for $0\reset_led_counter[23:0] [14] -> \reset_led_counter [14].
  converting $_DFF_PN0_ cell $auto$simplemap.cc:496:simplemap_adff$1990 to $__DFFE_PN0 for $0\reset_led_counter[23:0] [15] -> \reset_led_counter [15].
  converting $_DFF_PN0_ cell $auto$simplemap.cc:496:simplemap_adff$1991 to $__DFFE_PN0 for $0\reset_led_counter[23:0] [16] -> \reset_led_counter [16].
  converting $_DFF_PN0_ cell $auto$simplemap.cc:496:simplemap_adff$1992 to $__DFFE_PN0 for $0\reset_led_counter[23:0] [17] -> \reset_led_counter [17].
  converting $_DFF_PN0_ cell $auto$simplemap.cc:496:simplemap_adff$1993 to $__DFFE_PN0 for $0\reset_led_counter[23:0] [18] -> \reset_led_counter [18].
  converting $_DFF_PN0_ cell $auto$simplemap.cc:496:simplemap_adff$1994 to $__DFFE_PN0 for $0\reset_led_counter[23:0] [19] -> \reset_led_counter [19].
  converting $_DFF_PN0_ cell $auto$simplemap.cc:496:simplemap_adff$1995 to $__DFFE_PN0 for $0\reset_led_counter[23:0] [20] -> \reset_led_counter [20].
  converting $_DFF_PN0_ cell $auto$simplemap.cc:496:simplemap_adff$1996 to $__DFFE_PN0 for $0\reset_led_counter[23:0] [21] -> \reset_led_counter [21].
  converting $_DFF_PN0_ cell $auto$simplemap.cc:496:simplemap_adff$1997 to $__DFFE_PN0 for $0\reset_led_counter[23:0] [22] -> \reset_led_counter [22].
  converting $_DFF_PN0_ cell $auto$simplemap.cc:496:simplemap_adff$1998 to $__DFFE_PN0 for $0\reset_led_counter[23:0] [23] -> \reset_led_counter [23].
  converting $_DFF_PN0_ cell $auto$simplemap.cc:496:simplemap_adff$2000 to $__DFFE_PN0 for $0\heartbeat_counter[23:0] [1] -> \heartbeat_counter [1].
  converting $_DFF_PN0_ cell $auto$simplemap.cc:496:simplemap_adff$2045 to $__DFFE_PN0 for $techmap$techmap\dtm.$procmux$699.$ternary$/usr/bin/../share/yosys/techmap.v:445$2523_Y [0] -> \dtm.dr_shift [0].
  converting $_DFF_PN0_ cell $auto$simplemap.cc:496:simplemap_adff$2046 to $__DFFE_PN0 for $techmap$techmap\dtm.$procmux$699.$ternary$/usr/bin/../share/yosys/techmap.v:445$2523_Y [1] -> \dtm.dr_shift [1].
  converting $_DFF_PN0_ cell $auto$simplemap.cc:496:simplemap_adff$2047 to $__DFFE_PN0 for $techmap$techmap\dtm.$procmux$699.$ternary$/usr/bin/../share/yosys/techmap.v:445$2523_Y [2] -> \dtm.dr_shift [2].
  converting $_DFF_PN0_ cell $auto$simplemap.cc:496:simplemap_adff$2048 to $__DFFE_PN0 for $techmap$techmap\dtm.$procmux$699.$ternary$/usr/bin/../share/yosys/techmap.v:445$2523_Y [3] -> \dtm.dr_shift [3].
  converting $_DFF_PN0_ cell $auto$simplemap.cc:496:simplemap_adff$2049 to $__DFFE_PN0 for $techmap$techmap\dtm.$procmux$699.$ternary$/usr/bin/../share/yosys/techmap.v:445$2523_Y [4] -> \dtm.dr_shift [4].
  converting $_DFF_PN0_ cell $auto$simplemap.cc:496:simplemap_adff$2050 to $__DFFE_PN0 for $techmap$techmap\dtm.$procmux$699.$ternary$/usr/bin/../share/yosys/techmap.v:445$2523_Y [5] -> \dtm.dr_shift [5].
  converting $_DFF_PN0_ cell $auto$simplemap.cc:496:simplemap_adff$2051 to $__DFFE_PN0 for $techmap$techmap\dtm.$procmux$699.$ternary$/usr/bin/../share/yosys/techmap.v:445$2523_Y [6] -> \dtm.dr_shift [6].
  converting $_DFF_PN0_ cell $auto$simplemap.cc:496:simplemap_adff$2052 to $__DFFE_PN0 for $techmap$techmap\dtm.$procmux$699.$ternary$/usr/bin/../share/yosys/techmap.v:445$2523_Y [7] -> \dtm.dr_shift [7].
  converting $_DFF_PN0_ cell $auto$simplemap.cc:496:simplemap_adff$2053 to $__DFFE_PN0 for $techmap$techmap\dtm.$procmux$699.$ternary$/usr/bin/../share/yosys/techmap.v:445$2523_Y [8] -> \dtm.dr_shift [8].
  converting $_DFF_PN0_ cell $auto$simplemap.cc:496:simplemap_adff$2054 to $__DFFE_PN0 for $techmap$techmap\dtm.$procmux$699.$ternary$/usr/bin/../share/yosys/techmap.v:445$2523_Y [9] -> \dtm.dr_shift [9].
  converting $_DFF_PN0_ cell $auto$simplemap.cc:496:simplemap_adff$2055 to $__DFFE_PN0 for $techmap$techmap\dtm.$procmux$699.$ternary$/usr/bin/../share/yosys/techmap.v:445$2523_Y [10] -> \dtm.dr_shift [10].
  converting $_DFF_PN0_ cell $auto$simplemap.cc:496:simplemap_adff$2056 to $__DFFE_PN0 for $techmap$techmap\dtm.$procmux$699.$ternary$/usr/bin/../share/yosys/techmap.v:445$2523_Y [11] -> \dtm.dr_shift [11].
  converting $_DFF_PN0_ cell $auto$simplemap.cc:496:simplemap_adff$2057 to $__DFFE_PN0 for $techmap$techmap\dtm.$procmux$699.$ternary$/usr/bin/../share/yosys/techmap.v:445$2523_Y [12] -> \dtm.dr_shift [12].
  converting $_DFF_PN0_ cell $auto$simplemap.cc:496:simplemap_adff$2058 to $__DFFE_PN0 for $techmap$techmap\dtm.$procmux$699.$ternary$/usr/bin/../share/yosys/techmap.v:445$2523_Y [13] -> \dtm.dr_shift [13].
  converting $_DFF_PN0_ cell $auto$simplemap.cc:496:simplemap_adff$2059 to $__DFFE_PN0 for $techmap$techmap\dtm.$procmux$699.$ternary$/usr/bin/../share/yosys/techmap.v:445$2523_Y [14] -> \dtm.dr_shift [14].
  converting $_DFF_PN0_ cell $auto$simplemap.cc:496:simplemap_adff$2060 to $__DFFE_PN0 for $techmap$techmap\dtm.$procmux$699.$ternary$/usr/bin/../share/yosys/techmap.v:445$2523_Y [15] -> \dtm.dr_shift [15].
  converting $_DFF_PN0_ cell $auto$simplemap.cc:496:simplemap_adff$2061 to $__DFFE_PN0 for $techmap$techmap\dtm.$procmux$699.$ternary$/usr/bin/../share/yosys/techmap.v:445$2523_Y [16] -> \dtm.dr_shift [16].
  converting $_DFF_PN0_ cell $auto$simplemap.cc:496:simplemap_adff$2062 to $__DFFE_PN0 for $techmap$techmap\dtm.$procmux$699.$ternary$/usr/bin/../share/yosys/techmap.v:445$2523_Y [17] -> \dtm.dr_shift [17].
  converting $_DFF_PN0_ cell $auto$simplemap.cc:496:simplemap_adff$2063 to $__DFFE_PN0 for $techmap$techmap\dtm.$procmux$699.$ternary$/usr/bin/../share/yosys/techmap.v:445$2523_Y [18] -> \dtm.dr_shift [18].
  converting $_DFF_PN0_ cell $auto$simplemap.cc:496:simplemap_adff$2064 to $__DFFE_PN0 for $techmap$techmap\dtm.$procmux$699.$ternary$/usr/bin/../share/yosys/techmap.v:445$2523_Y [19] -> \dtm.dr_shift [19].
  converting $_DFF_PN0_ cell $auto$simplemap.cc:496:simplemap_adff$2065 to $__DFFE_PN0 for $techmap$techmap\dtm.$procmux$699.$ternary$/usr/bin/../share/yosys/techmap.v:445$2523_Y [20] -> \dtm.dr_shift [20].
  converting $_DFF_PN0_ cell $auto$simplemap.cc:496:simplemap_adff$2066 to $__DFFE_PN0 for $techmap$techmap\dtm.$procmux$699.$ternary$/usr/bin/../share/yosys/techmap.v:445$2523_Y [21] -> \dtm.dr_shift [21].
  converting $_DFF_PN0_ cell $auto$simplemap.cc:496:simplemap_adff$2067 to $__DFFE_PN0 for $techmap$techmap\dtm.$procmux$699.$ternary$/usr/bin/../share/yosys/techmap.v:445$2523_Y [22] -> \dtm.dr_shift [22].
  converting $_DFF_PN0_ cell $auto$simplemap.cc:496:simplemap_adff$2068 to $__DFFE_PN0 for $techmap$techmap\dtm.$procmux$699.$ternary$/usr/bin/../share/yosys/techmap.v:445$2523_Y [23] -> \dtm.dr_shift [23].
  converting $_DFF_PN0_ cell $auto$simplemap.cc:496:simplemap_adff$2069 to $__DFFE_PN0 for $techmap$techmap\dtm.$procmux$699.$ternary$/usr/bin/../share/yosys/techmap.v:445$2523_Y [24] -> \dtm.dr_shift [24].
  converting $_DFF_PN0_ cell $auto$simplemap.cc:496:simplemap_adff$2070 to $__DFFE_PN0 for $techmap$techmap\dtm.$procmux$699.$ternary$/usr/bin/../share/yosys/techmap.v:445$2523_Y [25] -> \dtm.dr_shift [25].
  converting $_DFF_PN0_ cell $auto$simplemap.cc:496:simplemap_adff$2071 to $__DFFE_PN0 for $techmap$techmap\dtm.$procmux$699.$ternary$/usr/bin/../share/yosys/techmap.v:445$2523_Y [26] -> \dtm.dr_shift [26].
  converting $_DFF_PN0_ cell $auto$simplemap.cc:496:simplemap_adff$2072 to $__DFFE_PN0 for $techmap$techmap\dtm.$procmux$699.$ternary$/usr/bin/../share/yosys/techmap.v:445$2523_Y [27] -> \dtm.dr_shift [27].
  converting $_DFF_PN0_ cell $auto$simplemap.cc:496:simplemap_adff$2073 to $__DFFE_PN0 for $techmap$techmap\dtm.$procmux$699.$ternary$/usr/bin/../share/yosys/techmap.v:445$2523_Y [28] -> \dtm.dr_shift [28].
  converting $_DFF_PN0_ cell $auto$simplemap.cc:496:simplemap_adff$2074 to $__DFFE_PN0 for $techmap$techmap\dtm.$procmux$699.$ternary$/usr/bin/../share/yosys/techmap.v:445$2523_Y [29] -> \dtm.dr_shift [29].
  converting $_DFF_PN0_ cell $auto$simplemap.cc:496:simplemap_adff$2075 to $__DFFE_PN0 for $techmap$techmap\dtm.$procmux$699.$ternary$/usr/bin/../share/yosys/techmap.v:445$2523_Y [30] -> \dtm.dr_shift [30].
  converting $_DFF_PN0_ cell $auto$simplemap.cc:496:simplemap_adff$2076 to $__DFFE_PN0 for $techmap$techmap\dtm.$procmux$699.$ternary$/usr/bin/../share/yosys/techmap.v:445$2523_Y [31] -> \dtm.dr_shift [31].
  converting $_DFF_PN0_ cell $auto$simplemap.cc:496:simplemap_adff$2077 to $__DFFE_PN0 for $techmap$techmap\dtm.$procmux$699.$ternary$/usr/bin/../share/yosys/techmap.v:445$2523_Y [32] -> \dtm.dr_shift [32].
  converting $_DFF_PN0_ cell $auto$simplemap.cc:496:simplemap_adff$2078 to $__DFFE_PN0 for $techmap$techmap\dtm.$procmux$699.$ternary$/usr/bin/../share/yosys/techmap.v:445$2523_Y [33] -> \dtm.dr_shift [33].
  converting $_DFF_PN0_ cell $auto$simplemap.cc:496:simplemap_adff$2079 to $__DFFE_PN0 for $techmap$techmap\dtm.$procmux$699.$ternary$/usr/bin/../share/yosys/techmap.v:445$2523_Y [34] -> \dtm.dr_shift [34].
  converting $_DFF_PN0_ cell $auto$simplemap.cc:496:simplemap_adff$2080 to $__DFFE_PN0 for $techmap$techmap\dtm.$procmux$699.$ternary$/usr/bin/../share/yosys/techmap.v:445$2523_Y [35] -> \dtm.dr_shift [35].
  converting $_DFF_PN0_ cell $auto$simplemap.cc:496:simplemap_adff$2081 to $__DFFE_PN0 for $techmap$techmap\dtm.$procmux$699.$ternary$/usr/bin/../share/yosys/techmap.v:445$2523_Y [36] -> \dtm.dr_shift [36].
  converting $_DFF_PN0_ cell $auto$simplemap.cc:496:simplemap_adff$2082 to $__DFFE_PN0 for $techmap$techmap\dtm.$procmux$699.$ternary$/usr/bin/../share/yosys/techmap.v:445$2523_Y [37] -> \dtm.dr_shift [37].
  converting $_DFF_PN0_ cell $auto$simplemap.cc:496:simplemap_adff$2083 to $__DFFE_PN0 for $techmap$techmap\dtm.$procmux$699.$ternary$/usr/bin/../share/yosys/techmap.v:445$2523_Y [38] -> \dtm.dr_shift [38].
  converting $_DFF_PN0_ cell $auto$simplemap.cc:496:simplemap_adff$2084 to $__DFFE_PN0 for $techmap$techmap\dtm.$procmux$699.$ternary$/usr/bin/../share/yosys/techmap.v:445$2523_Y [39] -> \dtm.dr_shift [39].
  converting $_DFF_PN0_ cell $auto$simplemap.cc:496:simplemap_adff$2085 to $__DFFE_PN0 for $techmap$techmap\dtm.$procmux$699.$ternary$/usr/bin/../share/yosys/techmap.v:445$2523_Y [40] -> \dtm.dr_shift [40].
  converting $_DFF_PN1_ cell $auto$simplemap.cc:496:simplemap_adff$2195 to $__DFFE_PN1 for $techmap$techmap\dtm.$procmux$737.$ternary$/usr/bin/../share/yosys/techmap.v:445$2326_Y [0] -> \dtm.ir_shift [0].
  converting $_DFF_PN0_ cell $auto$simplemap.cc:496:simplemap_adff$2196 to $__DFFE_PN0 for $techmap$techmap\dtm.$procmux$737.$ternary$/usr/bin/../share/yosys/techmap.v:445$2326_Y [1] -> \dtm.ir_shift [1].
  converting $_DFF_PN0_ cell $auto$simplemap.cc:496:simplemap_adff$2197 to $__DFFE_PN0 for $techmap$techmap\dtm.$procmux$737.$ternary$/usr/bin/../share/yosys/techmap.v:445$2326_Y [2] -> \dtm.ir_shift [2].
  converting $_DFF_PN0_ cell $auto$simplemap.cc:496:simplemap_adff$2198 to $__DFFE_PN0 for $techmap$techmap\dtm.$procmux$737.$ternary$/usr/bin/../share/yosys/techmap.v:445$2326_Y [3] -> \dtm.ir_shift [3].
  converting $_DFF_PN0_ cell $auto$simplemap.cc:496:simplemap_adff$2199 to $__DFFE_PN0 for $techmap$techmap\dtm.$procmux$737.$ternary$/usr/bin/../share/yosys/techmap.v:445$2326_Y [4] -> \dtm.ir_shift [4].
  converting $_DFF_PN1_ cell $auto$simplemap.cc:496:simplemap_adff$2200 to $__DFFE_PN1 for $techmap\dtm.$0\ir[4:0] [0] -> \dtm.ir [0].
  converting $_DFF_PN0_ cell $auto$simplemap.cc:496:simplemap_adff$2201 to $__DFFE_PN0 for $techmap\dtm.$0\ir[4:0] [1] -> \dtm.ir [1].
  converting $_DFF_PN0_ cell $auto$simplemap.cc:496:simplemap_adff$2202 to $__DFFE_PN0 for $techmap\dtm.$0\ir[4:0] [2] -> \dtm.ir [2].
  converting $_DFF_PN0_ cell $auto$simplemap.cc:496:simplemap_adff$2203 to $__DFFE_PN0 for $techmap\dtm.$0\ir[4:0] [3] -> \dtm.ir [3].
  converting $_DFF_PN0_ cell $auto$simplemap.cc:496:simplemap_adff$2204 to $__DFFE_PN0 for $techmap\dtm.$0\ir[4:0] [4] -> \dtm.ir [4].
  converting $_DFF_PN0_ cell $auto$simplemap.cc:496:simplemap_adff$2205 to $__DFFE_PN0 for $techmap$techmap\dtm.$procmux$689.$ternary$/usr/bin/../share/yosys/techmap.v:445$2611_Y -> \dtm.bypass_bit.
  converting $_DFF_PN0_ cell $auto$simplemap.cc:496:simplemap_adff$2206 to $__DFFE_PN0 for $techmap\dtm.$0\dmi_op[1:0] [0] -> \dtm.dmi_op [0].
  converting $_DFF_PN0_ cell $auto$simplemap.cc:496:simplemap_adff$2207 to $__DFFE_PN0 for $techmap\dtm.$0\dmi_op[1:0] [1] -> \dtm.dmi_op [1].
  converting $_DFF_PN0_ cell $auto$simplemap.cc:496:simplemap_adff$2208 to $__DFFE_PN0 for $techmap\dtm.$0\dmi_wdata[31:0] [0] -> \dtm.dmi_wdata [0].
  converting $_DFF_PN0_ cell $auto$simplemap.cc:496:simplemap_adff$2209 to $__DFFE_PN0 for $techmap\dtm.$0\dmi_wdata[31:0] [1] -> \dtm.dmi_wdata [1].
  converting $_DFF_PN0_ cell $auto$simplemap.cc:496:simplemap_adff$2210 to $__DFFE_PN0 for $techmap\dtm.$0\dmi_wdata[31:0] [2] -> \dtm.dmi_wdata [2].
  converting $_DFF_PN0_ cell $auto$simplemap.cc:496:simplemap_adff$2211 to $__DFFE_PN0 for $techmap\dtm.$0\dmi_wdata[31:0] [3] -> \dtm.dmi_wdata [3].
  converting $_DFF_PN0_ cell $auto$simplemap.cc:496:simplemap_adff$2212 to $__DFFE_PN0 for $techmap\dtm.$0\dmi_wdata[31:0] [4] -> \dtm.dmi_wdata [4].
  converting $_DFF_PN0_ cell $auto$simplemap.cc:496:simplemap_adff$2213 to $__DFFE_PN0 for $techmap\dtm.$0\dmi_wdata[31:0] [5] -> \dtm.dmi_wdata [5].
  converting $_DFF_PN0_ cell $auto$simplemap.cc:496:simplemap_adff$2214 to $__DFFE_PN0 for $techmap\dtm.$0\dmi_wdata[31:0] [6] -> \dtm.dmi_wdata [6].
  converting $_DFF_PN0_ cell $auto$simplemap.cc:496:simplemap_adff$2215 to $__DFFE_PN0 for $techmap\dtm.$0\dmi_wdata[31:0] [7] -> \dtm.dmi_wdata [7].
  converting $_DFF_PN0_ cell $auto$simplemap.cc:496:simplemap_adff$2216 to $__DFFE_PN0 for $techmap\dtm.$0\dmi_wdata[31:0] [8] -> \dtm.dmi_wdata [8].
  converting $_DFF_PN0_ cell $auto$simplemap.cc:496:simplemap_adff$2217 to $__DFFE_PN0 for $techmap\dtm.$0\dmi_wdata[31:0] [9] -> \dtm.dmi_wdata [9].
  converting $_DFF_PN0_ cell $auto$simplemap.cc:496:simplemap_adff$2218 to $__DFFE_PN0 for $techmap\dtm.$0\dmi_wdata[31:0] [10] -> \dtm.dmi_wdata [10].
  converting $_DFF_PN0_ cell $auto$simplemap.cc:496:simplemap_adff$2219 to $__DFFE_PN0 for $techmap\dtm.$0\dmi_wdata[31:0] [11] -> \dtm.dmi_wdata [11].
  converting $_DFF_PN0_ cell $auto$simplemap.cc:496:simplemap_adff$2220 to $__DFFE_PN0 for $techmap\dtm.$0\dmi_wdata[31:0] [12] -> \dtm.dmi_wdata [12].
  converting $_DFF_PN0_ cell $auto$simplemap.cc:496:simplemap_adff$2221 to $__DFFE_PN0 for $techmap\dtm.$0\dmi_wdata[31:0] [13] -> \dtm.dmi_wdata [13].
  converting $_DFF_PN0_ cell $auto$simplemap.cc:496:simplemap_adff$2222 to $__DFFE_PN0 for $techmap\dtm.$0\dmi_wdata[31:0] [14] -> \dtm.dmi_wdata [14].
  converting $_DFF_PN0_ cell $auto$simplemap.cc:496:simplemap_adff$2223 to $__DFFE_PN0 for $techmap\dtm.$0\dmi_wdata[31:0] [15] -> \dtm.dmi_wdata [15].
  converting $_DFF_PN0_ cell $auto$simplemap.cc:496:simplemap_adff$2224 to $__DFFE_PN0 for $techmap\dtm.$0\dmi_wdata[31:0] [16] -> \dtm.dmi_wdata [16].
  converting $_DFF_PN0_ cell $auto$simplemap.cc:496:simplemap_adff$2225 to $__DFFE_PN0 for $techmap\dtm.$0\dmi_wdata[31:0] [17] -> \dtm.dmi_wdata [17].
  converting $_DFF_PN0_ cell $auto$simplemap.cc:496:simplemap_adff$2226 to $__DFFE_PN0 for $techmap\dtm.$0\dmi_wdata[31:0] [18] -> \dtm.dmi_wdata [18].
  converting $_DFF_PN0_ cell $auto$simplemap.cc:496:simplemap_adff$2227 to $__DFFE_PN0 for $techmap\dtm.$0\dmi_wdata[31:0] [19] -> \dtm.dmi_wdata [19].
  converting $_DFF_PN0_ cell $auto$simplemap.cc:496:simplemap_adff$2228 to $__DFFE_PN0 for $techmap\dtm.$0\dmi_wdata[31:0] [20] -> \dtm.dmi_wdata [20].
  converting $_DFF_PN0_ cell $auto$simplemap.cc:496:simplemap_adff$2229 to $__DFFE_PN0 for $techmap\dtm.$0\dmi_wdata[31:0] [21] -> \dtm.dmi_wdata [21].
  converting $_DFF_PN0_ cell $auto$simplemap.cc:496:simplemap_adff$2230 to $__DFFE_PN0 for $techmap\dtm.$0\dmi_wdata[31:0] [22] -> \dtm.dmi_wdata [22].
  converting $_DFF_PN0_ cell $auto$simplemap.cc:496:simplemap_adff$2231 to $__DFFE_PN0 for $techmap\dtm.$0\dmi_wdata[31:0] [23] -> \dtm.dmi_wdata [23].
  converting $_DFF_PN0_ cell $auto$simplemap.cc:496:simplemap_adff$2232 to $__DFFE_PN0 for $techmap\dtm.$0\dmi_wdata[31:0] [24] -> \dtm.dmi_wdata [24].
  converting $_DFF_PN0_ cell $auto$simplemap.cc:496:simplemap_adff$2233 to $__DFFE_PN0 for $techmap\dtm.$0\dmi_wdata[31:0] [25] -> \dtm.dmi_wdata [25].
  converting $_DFF_PN0_ cell $auto$simplemap.cc:496:simplemap_adff$2234 to $__DFFE_PN0 for $techmap\dtm.$0\dmi_wdata[31:0] [26] -> \dtm.dmi_wdata [26].
  converting $_DFF_PN0_ cell $auto$simplemap.cc:496:simplemap_adff$2235 to $__DFFE_PN0 for $techmap\dtm.$0\dmi_wdata[31:0] [27] -> \dtm.dmi_wdata [27].
  converting $_DFF_PN0_ cell $auto$simplemap.cc:496:simplemap_adff$2236 to $__DFFE_PN0 for $techmap\dtm.$0\dmi_wdata[31:0] [28] -> \dtm.dmi_wdata [28].
  converting $_DFF_PN0_ cell $auto$simplemap.cc:496:simplemap_adff$2237 to $__DFFE_PN0 for $techmap\dtm.$0\dmi_wdata[31:0] [29] -> \dtm.dmi_wdata [29].
  converting $_DFF_PN0_ cell $auto$simplemap.cc:496:simplemap_adff$2238 to $__DFFE_PN0 for $techmap\dtm.$0\dmi_wdata[31:0] [30] -> \dtm.dmi_wdata [30].
  converting $_DFF_PN0_ cell $auto$simplemap.cc:496:simplemap_adff$2239 to $__DFFE_PN0 for $techmap\dtm.$0\dmi_wdata[31:0] [31] -> \dtm.dmi_wdata [31].
  converting $_DFF_PN0_ cell $auto$simplemap.cc:496:simplemap_adff$2240 to $__DFFE_PN0 for $techmap\dtm.$0\dmi_addr[6:0] [0] -> \dtm.dmi_addr [0].
  converting $_DFF_PN0_ cell $auto$simplemap.cc:496:simplemap_adff$2241 to $__DFFE_PN0 for $techmap\dtm.$0\dmi_addr[6:0] [1] -> \dtm.dmi_addr [1].
  converting $_DFF_PN0_ cell $auto$simplemap.cc:496:simplemap_adff$2242 to $__DFFE_PN0 for $techmap\dtm.$0\dmi_addr[6:0] [2] -> \dtm.dmi_addr [2].
  converting $_DFF_PN0_ cell $auto$simplemap.cc:496:simplemap_adff$2243 to $__DFFE_PN0 for $techmap\dtm.$0\dmi_addr[6:0] [3] -> \dtm.dmi_addr [3].
  converting $_DFF_PN0_ cell $auto$simplemap.cc:496:simplemap_adff$2244 to $__DFFE_PN0 for $techmap\dtm.$0\dmi_addr[6:0] [4] -> \dtm.dmi_addr [4].
  converting $_DFF_PN0_ cell $auto$simplemap.cc:496:simplemap_adff$2245 to $__DFFE_PN0 for $techmap\dtm.$0\dmi_addr[6:0] [5] -> \dtm.dmi_addr [5].
  converting $_DFF_PN0_ cell $auto$simplemap.cc:496:simplemap_adff$2246 to $__DFFE_PN0 for $techmap\dtm.$0\dmi_addr[6:0] [6] -> \dtm.dmi_addr [6].
  converting $_DFF_PN0_ cell $auto$simplemap.cc:496:simplemap_adff$2248 to $__DFFE_PN0 for $techmap\dtm.$0\dmi_resp_reg[1:0] [0] -> \dtm.dmi_resp_reg [0].
  converting $_DFF_PN0_ cell $auto$simplemap.cc:496:simplemap_adff$2249 to $__DFFE_PN0 for $techmap\dtm.$0\dmi_resp_reg[1:0] [1] -> \dtm.dmi_resp_reg [1].
  converting $_DFF_PN0_ cell $auto$simplemap.cc:496:simplemap_adff$2250 to $__DFFE_PN0 for $techmap\dtm.$0\dmi_rdata_reg[31:0] [0] -> \dtm.dmi_rdata_reg [0].
  converting $_DFF_PN0_ cell $auto$simplemap.cc:496:simplemap_adff$2251 to $__DFFE_PN0 for $techmap\dtm.$0\dmi_rdata_reg[31:0] [1] -> \dtm.dmi_rdata_reg [1].
  converting $_DFF_PN0_ cell $auto$simplemap.cc:496:simplemap_adff$2252 to $__DFFE_PN0 for $techmap\dtm.$0\dmi_rdata_reg[31:0] [2] -> \dtm.dmi_rdata_reg [2].
  converting $_DFF_PN0_ cell $auto$simplemap.cc:496:simplemap_adff$2253 to $__DFFE_PN0 for $techmap\dtm.$0\dmi_rdata_reg[31:0] [3] -> \dtm.dmi_rdata_reg [3].
  converting $_DFF_PN0_ cell $auto$simplemap.cc:496:simplemap_adff$2254 to $__DFFE_PN0 for $techmap\dtm.$0\dmi_rdata_reg[31:0] [4] -> \dtm.dmi_rdata_reg [4].
  converting $_DFF_PN0_ cell $auto$simplemap.cc:496:simplemap_adff$2255 to $__DFFE_PN0 for $techmap\dtm.$0\dmi_rdata_reg[31:0] [5] -> \dtm.dmi_rdata_reg [5].
  converting $_DFF_PN0_ cell $auto$simplemap.cc:496:simplemap_adff$2256 to $__DFFE_PN0 for $techmap\dtm.$0\dmi_rdata_reg[31:0] [6] -> \dtm.dmi_rdata_reg [6].
  converting $_DFF_PN0_ cell $auto$simplemap.cc:496:simplemap_adff$2257 to $__DFFE_PN0 for $techmap\dtm.$0\dmi_rdata_reg[31:0] [7] -> \dtm.dmi_rdata_reg [7].
  converting $_DFF_PN0_ cell $auto$simplemap.cc:496:simplemap_adff$2258 to $__DFFE_PN0 for $techmap\dtm.$0\dmi_rdata_reg[31:0] [8] -> \dtm.dmi_rdata_reg [8].
  converting $_DFF_PN0_ cell $auto$simplemap.cc:496:simplemap_adff$2259 to $__DFFE_PN0 for $techmap\dtm.$0\dmi_rdata_reg[31:0] [9] -> \dtm.dmi_rdata_reg [9].
  converting $_DFF_PN0_ cell $auto$simplemap.cc:496:simplemap_adff$2260 to $__DFFE_PN0 for $techmap\dtm.$0\dmi_rdata_reg[31:0] [10] -> \dtm.dmi_rdata_reg [10].
  converting $_DFF_PN0_ cell $auto$simplemap.cc:496:simplemap_adff$2261 to $__DFFE_PN0 for $techmap\dtm.$0\dmi_rdata_reg[31:0] [11] -> \dtm.dmi_rdata_reg [11].
  converting $_DFF_PN0_ cell $auto$simplemap.cc:496:simplemap_adff$2262 to $__DFFE_PN0 for $techmap\dtm.$0\dmi_rdata_reg[31:0] [12] -> \dtm.dmi_rdata_reg [12].
  converting $_DFF_PN0_ cell $auto$simplemap.cc:496:simplemap_adff$2263 to $__DFFE_PN0 for $techmap\dtm.$0\dmi_rdata_reg[31:0] [13] -> \dtm.dmi_rdata_reg [13].
  converting $_DFF_PN0_ cell $auto$simplemap.cc:496:simplemap_adff$2264 to $__DFFE_PN0 for $techmap\dtm.$0\dmi_rdata_reg[31:0] [14] -> \dtm.dmi_rdata_reg [14].
  converting $_DFF_PN0_ cell $auto$simplemap.cc:496:simplemap_adff$2265 to $__DFFE_PN0 for $techmap\dtm.$0\dmi_rdata_reg[31:0] [15] -> \dtm.dmi_rdata_reg [15].
  converting $_DFF_PN0_ cell $auto$simplemap.cc:496:simplemap_adff$2266 to $__DFFE_PN0 for $techmap\dtm.$0\dmi_rdata_reg[31:0] [16] -> \dtm.dmi_rdata_reg [16].
  converting $_DFF_PN0_ cell $auto$simplemap.cc:496:simplemap_adff$2267 to $__DFFE_PN0 for $techmap\dtm.$0\dmi_rdata_reg[31:0] [17] -> \dtm.dmi_rdata_reg [17].
  converting $_DFF_PN0_ cell $auto$simplemap.cc:496:simplemap_adff$2268 to $__DFFE_PN0 for $techmap\dtm.$0\dmi_rdata_reg[31:0] [18] -> \dtm.dmi_rdata_reg [18].
  converting $_DFF_PN0_ cell $auto$simplemap.cc:496:simplemap_adff$2269 to $__DFFE_PN0 for $techmap\dtm.$0\dmi_rdata_reg[31:0] [19] -> \dtm.dmi_rdata_reg [19].
  converting $_DFF_PN0_ cell $auto$simplemap.cc:496:simplemap_adff$2270 to $__DFFE_PN0 for $techmap\dtm.$0\dmi_rdata_reg[31:0] [20] -> \dtm.dmi_rdata_reg [20].
  converting $_DFF_PN0_ cell $auto$simplemap.cc:496:simplemap_adff$2271 to $__DFFE_PN0 for $techmap\dtm.$0\dmi_rdata_reg[31:0] [21] -> \dtm.dmi_rdata_reg [21].
  converting $_DFF_PN0_ cell $auto$simplemap.cc:496:simplemap_adff$2272 to $__DFFE_PN0 for $techmap\dtm.$0\dmi_rdata_reg[31:0] [22] -> \dtm.dmi_rdata_reg [22].
  converting $_DFF_PN0_ cell $auto$simplemap.cc:496:simplemap_adff$2273 to $__DFFE_PN0 for $techmap\dtm.$0\dmi_rdata_reg[31:0] [23] -> \dtm.dmi_rdata_reg [23].
  converting $_DFF_PN0_ cell $auto$simplemap.cc:496:simplemap_adff$2274 to $__DFFE_PN0 for $techmap\dtm.$0\dmi_rdata_reg[31:0] [24] -> \dtm.dmi_rdata_reg [24].
  converting $_DFF_PN0_ cell $auto$simplemap.cc:496:simplemap_adff$2275 to $__DFFE_PN0 for $techmap\dtm.$0\dmi_rdata_reg[31:0] [25] -> \dtm.dmi_rdata_reg [25].
  converting $_DFF_PN0_ cell $auto$simplemap.cc:496:simplemap_adff$2276 to $__DFFE_PN0 for $techmap\dtm.$0\dmi_rdata_reg[31:0] [26] -> \dtm.dmi_rdata_reg [26].
  converting $_DFF_PN0_ cell $auto$simplemap.cc:496:simplemap_adff$2277 to $__DFFE_PN0 for $techmap\dtm.$0\dmi_rdata_reg[31:0] [27] -> \dtm.dmi_rdata_reg [27].
  converting $_DFF_PN0_ cell $auto$simplemap.cc:496:simplemap_adff$2278 to $__DFFE_PN0 for $techmap\dtm.$0\dmi_rdata_reg[31:0] [28] -> \dtm.dmi_rdata_reg [28].
  converting $_DFF_PN0_ cell $auto$simplemap.cc:496:simplemap_adff$2279 to $__DFFE_PN0 for $techmap\dtm.$0\dmi_rdata_reg[31:0] [29] -> \dtm.dmi_rdata_reg [29].
  converting $_DFF_PN0_ cell $auto$simplemap.cc:496:simplemap_adff$2280 to $__DFFE_PN0 for $techmap\dtm.$0\dmi_rdata_reg[31:0] [30] -> \dtm.dmi_rdata_reg [30].
  converting $_DFF_PN0_ cell $auto$simplemap.cc:496:simplemap_adff$2281 to $__DFFE_PN0 for $techmap\dtm.$0\dmi_rdata_reg[31:0] [31] -> \dtm.dmi_rdata_reg [31].
  converting $_DFF_PN0_ cell $auto$simplemap.cc:496:simplemap_adff$2282 to $__DFFE_PN0 for $techmap\dtm.$0\tdo_next[0:0] -> \dtm.tdo_next.
  converting $_DFF_PN0_ cell $auto$simplemap.cc:496:simplemap_adff$2728 to $__DFFE_PN0 for $techmap\dmi_cdc_inst.$0\req_toggle_tck[0:0] -> \dmi_cdc_inst.req_toggle_tck.
  converting $_DFF_PN0_ cell $auto$simplemap.cc:496:simplemap_adff$2729 to $__DFFE_PN0 for $techmap\dmi_cdc_inst.$0\busy[0:0] -> \dmi_cdc_inst.busy.
  converting $_DFF_PN0_ cell $auto$simplemap.cc:496:simplemap_adff$2730 to $__DFFE_PN0 for $techmap\dmi_cdc_inst.$0\rsp_sync_prev[0:0] -> \dmi_cdc_inst.rsp_sync_prev.
  converting $_DFF_PN0_ cell $auto$simplemap.cc:496:simplemap_adff$2774 to $__DFFE_PN0 for $techmap\dmi_cdc_inst.$0\resp_resp[1:0] [0] -> \dmi_cdc_inst.resp_resp [0].
  converting $_DFF_PN0_ cell $auto$simplemap.cc:496:simplemap_adff$2775 to $__DFFE_PN0 for $techmap\dmi_cdc_inst.$0\resp_resp[1:0] [1] -> \dmi_cdc_inst.resp_resp [1].
  converting $_DFF_PN0_ cell $auto$simplemap.cc:496:simplemap_adff$2776 to $__DFFE_PN0 for $techmap\dmi_cdc_inst.$0\resp_data[31:0] [0] -> \dmi_cdc_inst.resp_data [0].
  converting $_DFF_PN0_ cell $auto$simplemap.cc:496:simplemap_adff$2777 to $__DFFE_PN0 for $techmap\dmi_cdc_inst.$0\resp_data[31:0] [1] -> \dmi_cdc_inst.resp_data [1].
  converting $_DFF_PN0_ cell $auto$simplemap.cc:496:simplemap_adff$2778 to $__DFFE_PN0 for $techmap\dmi_cdc_inst.$0\resp_data[31:0] [2] -> \dmi_cdc_inst.resp_data [2].
  converting $_DFF_PN0_ cell $auto$simplemap.cc:496:simplemap_adff$2779 to $__DFFE_PN0 for $techmap\dmi_cdc_inst.$0\resp_data[31:0] [3] -> \dmi_cdc_inst.resp_data [3].
  converting $_DFF_PN0_ cell $auto$simplemap.cc:496:simplemap_adff$2780 to $__DFFE_PN0 for $techmap\dmi_cdc_inst.$0\resp_data[31:0] [4] -> \dmi_cdc_inst.resp_data [4].
  converting $_DFF_PN0_ cell $auto$simplemap.cc:496:simplemap_adff$2781 to $__DFFE_PN0 for $techmap\dmi_cdc_inst.$0\resp_data[31:0] [5] -> \dmi_cdc_inst.resp_data [5].
  converting $_DFF_PN0_ cell $auto$simplemap.cc:496:simplemap_adff$2782 to $__DFFE_PN0 for $techmap\dmi_cdc_inst.$0\resp_data[31:0] [6] -> \dmi_cdc_inst.resp_data [6].
  converting $_DFF_PN0_ cell $auto$simplemap.cc:496:simplemap_adff$2783 to $__DFFE_PN0 for $techmap\dmi_cdc_inst.$0\resp_data[31:0] [7] -> \dmi_cdc_inst.resp_data [7].
  converting $_DFF_PN0_ cell $auto$simplemap.cc:496:simplemap_adff$2784 to $__DFFE_PN0 for $techmap\dmi_cdc_inst.$0\resp_data[31:0] [8] -> \dmi_cdc_inst.resp_data [8].
  converting $_DFF_PN0_ cell $auto$simplemap.cc:496:simplemap_adff$2785 to $__DFFE_PN0 for $techmap\dmi_cdc_inst.$0\resp_data[31:0] [9] -> \dmi_cdc_inst.resp_data [9].
  converting $_DFF_PN0_ cell $auto$simplemap.cc:496:simplemap_adff$2786 to $__DFFE_PN0 for $techmap\dmi_cdc_inst.$0\resp_data[31:0] [10] -> \dmi_cdc_inst.resp_data [10].
  converting $_DFF_PN0_ cell $auto$simplemap.cc:496:simplemap_adff$2787 to $__DFFE_PN0 for $techmap\dmi_cdc_inst.$0\resp_data[31:0] [11] -> \dmi_cdc_inst.resp_data [11].
  converting $_DFF_PN0_ cell $auto$simplemap.cc:496:simplemap_adff$2788 to $__DFFE_PN0 for $techmap\dmi_cdc_inst.$0\resp_data[31:0] [12] -> \dmi_cdc_inst.resp_data [12].
  converting $_DFF_PN0_ cell $auto$simplemap.cc:496:simplemap_adff$2789 to $__DFFE_PN0 for $techmap\dmi_cdc_inst.$0\resp_data[31:0] [13] -> \dmi_cdc_inst.resp_data [13].
  converting $_DFF_PN0_ cell $auto$simplemap.cc:496:simplemap_adff$2790 to $__DFFE_PN0 for $techmap\dmi_cdc_inst.$0\resp_data[31:0] [14] -> \dmi_cdc_inst.resp_data [14].
  converting $_DFF_PN0_ cell $auto$simplemap.cc:496:simplemap_adff$2791 to $__DFFE_PN0 for $techmap\dmi_cdc_inst.$0\resp_data[31:0] [15] -> \dmi_cdc_inst.resp_data [15].
  converting $_DFF_PN0_ cell $auto$simplemap.cc:496:simplemap_adff$2792 to $__DFFE_PN0 for $techmap\dmi_cdc_inst.$0\resp_data[31:0] [16] -> \dmi_cdc_inst.resp_data [16].
  converting $_DFF_PN0_ cell $auto$simplemap.cc:496:simplemap_adff$2793 to $__DFFE_PN0 for $techmap\dmi_cdc_inst.$0\resp_data[31:0] [17] -> \dmi_cdc_inst.resp_data [17].
  converting $_DFF_PN0_ cell $auto$simplemap.cc:496:simplemap_adff$2794 to $__DFFE_PN0 for $techmap\dmi_cdc_inst.$0\resp_data[31:0] [18] -> \dmi_cdc_inst.resp_data [18].
  converting $_DFF_PN0_ cell $auto$simplemap.cc:496:simplemap_adff$2795 to $__DFFE_PN0 for $techmap\dmi_cdc_inst.$0\resp_data[31:0] [19] -> \dmi_cdc_inst.resp_data [19].
  converting $_DFF_PN0_ cell $auto$simplemap.cc:496:simplemap_adff$2796 to $__DFFE_PN0 for $techmap\dmi_cdc_inst.$0\resp_data[31:0] [20] -> \dmi_cdc_inst.resp_data [20].
  converting $_DFF_PN0_ cell $auto$simplemap.cc:496:simplemap_adff$2797 to $__DFFE_PN0 for $techmap\dmi_cdc_inst.$0\resp_data[31:0] [21] -> \dmi_cdc_inst.resp_data [21].
  converting $_DFF_PN0_ cell $auto$simplemap.cc:496:simplemap_adff$2798 to $__DFFE_PN0 for $techmap\dmi_cdc_inst.$0\resp_data[31:0] [22] -> \dmi_cdc_inst.resp_data [22].
  converting $_DFF_PN0_ cell $auto$simplemap.cc:496:simplemap_adff$2799 to $__DFFE_PN0 for $techmap\dmi_cdc_inst.$0\resp_data[31:0] [23] -> \dmi_cdc_inst.resp_data [23].
  converting $_DFF_PN0_ cell $auto$simplemap.cc:496:simplemap_adff$2800 to $__DFFE_PN0 for $techmap\dmi_cdc_inst.$0\resp_data[31:0] [24] -> \dmi_cdc_inst.resp_data [24].
  converting $_DFF_PN0_ cell $auto$simplemap.cc:496:simplemap_adff$2801 to $__DFFE_PN0 for $techmap\dmi_cdc_inst.$0\resp_data[31:0] [25] -> \dmi_cdc_inst.resp_data [25].
  converting $_DFF_PN0_ cell $auto$simplemap.cc:496:simplemap_adff$2802 to $__DFFE_PN0 for $techmap\dmi_cdc_inst.$0\resp_data[31:0] [26] -> \dmi_cdc_inst.resp_data [26].
  converting $_DFF_PN0_ cell $auto$simplemap.cc:496:simplemap_adff$2803 to $__DFFE_PN0 for $techmap\dmi_cdc_inst.$0\resp_data[31:0] [27] -> \dmi_cdc_inst.resp_data [27].
  converting $_DFF_PN0_ cell $auto$simplemap.cc:496:simplemap_adff$2804 to $__DFFE_PN0 for $techmap\dmi_cdc_inst.$0\resp_data[31:0] [28] -> \dmi_cdc_inst.resp_data [28].
  converting $_DFF_PN0_ cell $auto$simplemap.cc:496:simplemap_adff$2805 to $__DFFE_PN0 for $techmap\dmi_cdc_inst.$0\resp_data[31:0] [29] -> \dmi_cdc_inst.resp_data [29].
  converting $_DFF_PN0_ cell $auto$simplemap.cc:496:simplemap_adff$2806 to $__DFFE_PN0 for $techmap\dmi_cdc_inst.$0\resp_data[31:0] [30] -> \dmi_cdc_inst.resp_data [30].
  converting $_DFF_PN0_ cell $auto$simplemap.cc:496:simplemap_adff$2807 to $__DFFE_PN0 for $techmap\dmi_cdc_inst.$0\resp_data[31:0] [31] -> \dmi_cdc_inst.resp_data [31].
  converting $_DFF_PN0_ cell $auto$simplemap.cc:496:simplemap_adff$2810 to $__DFFE_PN0 for $techmap\dmi_cdc_inst.$0\rsp_toggle_clk[0:0] -> \dmi_cdc_inst.rsp_toggle_clk.
  converting $_DFF_PN0_ cell $auto$simplemap.cc:496:simplemap_adff$2811 to $__DFFE_PN0 for $techmap\dmi_cdc_inst.$0\req_sync_prev[0:0] -> \dmi_cdc_inst.req_sync_prev.
  converting $_DFF_PN0_ cell $auto$simplemap.cc:496:simplemap_adff$2848 to $__DFFE_PN0 for $techmap\dmi_cdc_inst.$0\dmi_data[31:0] [0] -> \dmi_cdc_inst.dmi_data [0].
  converting $_DFF_PN0_ cell $auto$simplemap.cc:496:simplemap_adff$2849 to $__DFFE_PN0 for $techmap\dmi_cdc_inst.$0\dmi_data[31:0] [1] -> \dmi_cdc_inst.dmi_data [1].
  converting $_DFF_PN0_ cell $auto$simplemap.cc:496:simplemap_adff$2850 to $__DFFE_PN0 for $techmap\dmi_cdc_inst.$0\dmi_data[31:0] [2] -> \dmi_cdc_inst.dmi_data [2].
  converting $_DFF_PN0_ cell $auto$simplemap.cc:496:simplemap_adff$2851 to $__DFFE_PN0 for $techmap\dmi_cdc_inst.$0\dmi_data[31:0] [3] -> \dmi_cdc_inst.dmi_data [3].
  converting $_DFF_PN0_ cell $auto$simplemap.cc:496:simplemap_adff$2852 to $__DFFE_PN0 for $techmap\dmi_cdc_inst.$0\dmi_data[31:0] [4] -> \dmi_cdc_inst.dmi_data [4].
  converting $_DFF_PN0_ cell $auto$simplemap.cc:496:simplemap_adff$2853 to $__DFFE_PN0 for $techmap\dmi_cdc_inst.$0\dmi_data[31:0] [5] -> \dmi_cdc_inst.dmi_data [5].
  converting $_DFF_PN0_ cell $auto$simplemap.cc:496:simplemap_adff$2854 to $__DFFE_PN0 for $techmap\dmi_cdc_inst.$0\dmi_data[31:0] [6] -> \dmi_cdc_inst.dmi_data [6].
  converting $_DFF_PN0_ cell $auto$simplemap.cc:496:simplemap_adff$2855 to $__DFFE_PN0 for $techmap\dmi_cdc_inst.$0\dmi_data[31:0] [7] -> \dmi_cdc_inst.dmi_data [7].
  converting $_DFF_PN0_ cell $auto$simplemap.cc:496:simplemap_adff$2856 to $__DFFE_PN0 for $techmap\dmi_cdc_inst.$0\dmi_data[31:0] [8] -> \dmi_cdc_inst.dmi_data [8].
  converting $_DFF_PN0_ cell $auto$simplemap.cc:496:simplemap_adff$2857 to $__DFFE_PN0 for $techmap\dmi_cdc_inst.$0\dmi_data[31:0] [9] -> \dmi_cdc_inst.dmi_data [9].
  converting $_DFF_PN0_ cell $auto$simplemap.cc:496:simplemap_adff$2858 to $__DFFE_PN0 for $techmap\dmi_cdc_inst.$0\dmi_data[31:0] [10] -> \dmi_cdc_inst.dmi_data [10].
  converting $_DFF_PN0_ cell $auto$simplemap.cc:496:simplemap_adff$2859 to $__DFFE_PN0 for $techmap\dmi_cdc_inst.$0\dmi_data[31:0] [11] -> \dmi_cdc_inst.dmi_data [11].
  converting $_DFF_PN0_ cell $auto$simplemap.cc:496:simplemap_adff$2860 to $__DFFE_PN0 for $techmap\dmi_cdc_inst.$0\dmi_data[31:0] [12] -> \dmi_cdc_inst.dmi_data [12].
  converting $_DFF_PN0_ cell $auto$simplemap.cc:496:simplemap_adff$2861 to $__DFFE_PN0 for $techmap\dmi_cdc_inst.$0\dmi_data[31:0] [13] -> \dmi_cdc_inst.dmi_data [13].
  converting $_DFF_PN0_ cell $auto$simplemap.cc:496:simplemap_adff$2862 to $__DFFE_PN0 for $techmap\dmi_cdc_inst.$0\dmi_data[31:0] [14] -> \dmi_cdc_inst.dmi_data [14].
  converting $_DFF_PN0_ cell $auto$simplemap.cc:496:simplemap_adff$2863 to $__DFFE_PN0 for $techmap\dmi_cdc_inst.$0\dmi_data[31:0] [15] -> \dmi_cdc_inst.dmi_data [15].
  converting $_DFF_PN0_ cell $auto$simplemap.cc:496:simplemap_adff$2864 to $__DFFE_PN0 for $techmap\dmi_cdc_inst.$0\dmi_data[31:0] [16] -> \dmi_cdc_inst.dmi_data [16].
  converting $_DFF_PN0_ cell $auto$simplemap.cc:496:simplemap_adff$2865 to $__DFFE_PN0 for $techmap\dmi_cdc_inst.$0\dmi_data[31:0] [17] -> \dmi_cdc_inst.dmi_data [17].
  converting $_DFF_PN0_ cell $auto$simplemap.cc:496:simplemap_adff$2866 to $__DFFE_PN0 for $techmap\dmi_cdc_inst.$0\dmi_data[31:0] [18] -> \dmi_cdc_inst.dmi_data [18].
  converting $_DFF_PN0_ cell $auto$simplemap.cc:496:simplemap_adff$2867 to $__DFFE_PN0 for $techmap\dmi_cdc_inst.$0\dmi_data[31:0] [19] -> \dmi_cdc_inst.dmi_data [19].
  converting $_DFF_PN0_ cell $auto$simplemap.cc:496:simplemap_adff$2868 to $__DFFE_PN0 for $techmap\dmi_cdc_inst.$0\dmi_data[31:0] [20] -> \dmi_cdc_inst.dmi_data [20].
  converting $_DFF_PN0_ cell $auto$simplemap.cc:496:simplemap_adff$2869 to $__DFFE_PN0 for $techmap\dmi_cdc_inst.$0\dmi_data[31:0] [21] -> \dmi_cdc_inst.dmi_data [21].
  converting $_DFF_PN0_ cell $auto$simplemap.cc:496:simplemap_adff$2870 to $__DFFE_PN0 for $techmap\dmi_cdc_inst.$0\dmi_data[31:0] [22] -> \dmi_cdc_inst.dmi_data [22].
  converting $_DFF_PN0_ cell $auto$simplemap.cc:496:simplemap_adff$2871 to $__DFFE_PN0 for $techmap\dmi_cdc_inst.$0\dmi_data[31:0] [23] -> \dmi_cdc_inst.dmi_data [23].
  converting $_DFF_PN0_ cell $auto$simplemap.cc:496:simplemap_adff$2872 to $__DFFE_PN0 for $techmap\dmi_cdc_inst.$0\dmi_data[31:0] [24] -> \dmi_cdc_inst.dmi_data [24].
  converting $_DFF_PN0_ cell $auto$simplemap.cc:496:simplemap_adff$2873 to $__DFFE_PN0 for $techmap\dmi_cdc_inst.$0\dmi_data[31:0] [25] -> \dmi_cdc_inst.dmi_data [25].
  converting $_DFF_PN0_ cell $auto$simplemap.cc:496:simplemap_adff$2874 to $__DFFE_PN0 for $techmap\dmi_cdc_inst.$0\dmi_data[31:0] [26] -> \dmi_cdc_inst.dmi_data [26].
  converting $_DFF_PN0_ cell $auto$simplemap.cc:496:simplemap_adff$2875 to $__DFFE_PN0 for $techmap\dmi_cdc_inst.$0\dmi_data[31:0] [27] -> \dmi_cdc_inst.dmi_data [27].
  converting $_DFF_PN0_ cell $auto$simplemap.cc:496:simplemap_adff$2876 to $__DFFE_PN0 for $techmap\dmi_cdc_inst.$0\dmi_data[31:0] [28] -> \dmi_cdc_inst.dmi_data [28].
  converting $_DFF_PN0_ cell $auto$simplemap.cc:496:simplemap_adff$2877 to $__DFFE_PN0 for $techmap\dmi_cdc_inst.$0\dmi_data[31:0] [29] -> \dmi_cdc_inst.dmi_data [29].
  converting $_DFF_PN0_ cell $auto$simplemap.cc:496:simplemap_adff$2878 to $__DFFE_PN0 for $techmap\dmi_cdc_inst.$0\dmi_data[31:0] [30] -> \dmi_cdc_inst.dmi_data [30].
  converting $_DFF_PN0_ cell $auto$simplemap.cc:496:simplemap_adff$2879 to $__DFFE_PN0 for $techmap\dmi_cdc_inst.$0\dmi_data[31:0] [31] -> \dmi_cdc_inst.dmi_data [31].
  converting $_DFF_PN0_ cell $auto$simplemap.cc:496:simplemap_adff$2880 to $__DFFE_PN0 for $techmap\dmi_cdc_inst.$0\dmi_op[1:0] [0] -> \dmi_cdc_inst.dmi_op [0].
  converting $_DFF_PN0_ cell $auto$simplemap.cc:496:simplemap_adff$2881 to $__DFFE_PN0 for $techmap\dmi_cdc_inst.$0\dmi_op[1:0] [1] -> \dmi_cdc_inst.dmi_op [1].
  converting $_DFF_PN0_ cell $auto$simplemap.cc:496:simplemap_adff$2882 to $__DFFE_PN0 for $techmap\dmi_cdc_inst.$0\dmi_addr[6:0] [0] -> \dmi_cdc_inst.dmi_addr [0].
  converting $_DFF_PN0_ cell $auto$simplemap.cc:496:simplemap_adff$2883 to $__DFFE_PN0 for $techmap\dmi_cdc_inst.$0\dmi_addr[6:0] [1] -> \dmi_cdc_inst.dmi_addr [1].
  converting $_DFF_PN0_ cell $auto$simplemap.cc:496:simplemap_adff$2884 to $__DFFE_PN0 for $techmap\dmi_cdc_inst.$0\dmi_addr[6:0] [2] -> \dmi_cdc_inst.dmi_addr [2].
  converting $_DFF_PN0_ cell $auto$simplemap.cc:496:simplemap_adff$2885 to $__DFFE_PN0 for $techmap\dmi_cdc_inst.$0\dmi_addr[6:0] [3] -> \dmi_cdc_inst.dmi_addr [3].
  converting $_DFF_PN0_ cell $auto$simplemap.cc:496:simplemap_adff$2886 to $__DFFE_PN0 for $techmap\dmi_cdc_inst.$0\dmi_addr[6:0] [4] -> \dmi_cdc_inst.dmi_addr [4].
  converting $_DFF_PN0_ cell $auto$simplemap.cc:496:simplemap_adff$2887 to $__DFFE_PN0 for $techmap\dmi_cdc_inst.$0\dmi_addr[6:0] [5] -> \dmi_cdc_inst.dmi_addr [5].
  converting $_DFF_PN0_ cell $auto$simplemap.cc:496:simplemap_adff$2888 to $__DFFE_PN0 for $techmap\dmi_cdc_inst.$0\dmi_addr[6:0] [6] -> \dmi_cdc_inst.dmi_addr [6].
  converting $_DFF_PP0_ cell $auto$simplemap.cc:496:simplemap_adff$3112 to $__DFFE_PP0 for $techmap\dmi_if.$0\dmi_resp[1:0] [0] -> \dmi_if.dmi_resp [0].
  converting $_DFF_PP0_ cell $auto$simplemap.cc:496:simplemap_adff$3113 to $__DFFE_PP0 for $techmap\dmi_if.$0\dmi_resp[1:0] [1] -> \dmi_if.dmi_resp [1].
  converting $_DFF_PP0_ cell $auto$simplemap.cc:496:simplemap_adff$3114 to $__DFFE_PP0 for $techmap\dmi_if.$0\dmi_rdata[31:0] [0] -> \dmi_if.dmi_rdata [0].
  converting $_DFF_PP0_ cell $auto$simplemap.cc:496:simplemap_adff$3115 to $__DFFE_PP0 for $techmap\dmi_if.$0\dmi_rdata[31:0] [1] -> \dmi_if.dmi_rdata [1].
  converting $_DFF_PP0_ cell $auto$simplemap.cc:496:simplemap_adff$3116 to $__DFFE_PP0 for $techmap\dmi_if.$0\dmi_rdata[31:0] [2] -> \dmi_if.dmi_rdata [2].
  converting $_DFF_PP0_ cell $auto$simplemap.cc:496:simplemap_adff$3117 to $__DFFE_PP0 for $techmap\dmi_if.$0\dmi_rdata[31:0] [3] -> \dmi_if.dmi_rdata [3].
  converting $_DFF_PP0_ cell $auto$simplemap.cc:496:simplemap_adff$3118 to $__DFFE_PP0 for $techmap\dmi_if.$0\dmi_rdata[31:0] [4] -> \dmi_if.dmi_rdata [4].
  converting $_DFF_PP0_ cell $auto$simplemap.cc:496:simplemap_adff$3119 to $__DFFE_PP0 for $techmap\dmi_if.$0\dmi_rdata[31:0] [5] -> \dmi_if.dmi_rdata [5].
  converting $_DFF_PP0_ cell $auto$simplemap.cc:496:simplemap_adff$3120 to $__DFFE_PP0 for $techmap\dmi_if.$0\dmi_rdata[31:0] [6] -> \dmi_if.dmi_rdata [6].
  converting $_DFF_PP0_ cell $auto$simplemap.cc:496:simplemap_adff$3121 to $__DFFE_PP0 for $techmap\dmi_if.$0\dmi_rdata[31:0] [7] -> \dmi_if.dmi_rdata [7].
  converting $_DFF_PP0_ cell $auto$simplemap.cc:496:simplemap_adff$3122 to $__DFFE_PP0 for $techmap\dmi_if.$0\dmi_rdata[31:0] [8] -> \dmi_if.dmi_rdata [8].
  converting $_DFF_PP0_ cell $auto$simplemap.cc:496:simplemap_adff$3123 to $__DFFE_PP0 for $techmap\dmi_if.$0\dmi_rdata[31:0] [9] -> \dmi_if.dmi_rdata [9].
  converting $_DFF_PP0_ cell $auto$simplemap.cc:496:simplemap_adff$3124 to $__DFFE_PP0 for $techmap\dmi_if.$0\dmi_rdata[31:0] [10] -> \dmi_if.dmi_rdata [10].
  converting $_DFF_PP0_ cell $auto$simplemap.cc:496:simplemap_adff$3125 to $__DFFE_PP0 for $techmap\dmi_if.$0\dmi_rdata[31:0] [11] -> \dmi_if.dmi_rdata [11].
  converting $_DFF_PP0_ cell $auto$simplemap.cc:496:simplemap_adff$3126 to $__DFFE_PP0 for $techmap\dmi_if.$0\dmi_rdata[31:0] [12] -> \dmi_if.dmi_rdata [12].
  converting $_DFF_PP0_ cell $auto$simplemap.cc:496:simplemap_adff$3127 to $__DFFE_PP0 for $techmap\dmi_if.$0\dmi_rdata[31:0] [13] -> \dmi_if.dmi_rdata [13].
  converting $_DFF_PP0_ cell $auto$simplemap.cc:496:simplemap_adff$3128 to $__DFFE_PP0 for $techmap\dmi_if.$0\dmi_rdata[31:0] [14] -> \dmi_if.dmi_rdata [14].
  converting $_DFF_PP0_ cell $auto$simplemap.cc:496:simplemap_adff$3129 to $__DFFE_PP0 for $techmap\dmi_if.$0\dmi_rdata[31:0] [15] -> \dmi_if.dmi_rdata [15].
  converting $_DFF_PP0_ cell $auto$simplemap.cc:496:simplemap_adff$3130 to $__DFFE_PP0 for $techmap\dmi_if.$0\dmi_rdata[31:0] [16] -> \dmi_if.dmi_rdata [16].
  converting $_DFF_PP0_ cell $auto$simplemap.cc:496:simplemap_adff$3131 to $__DFFE_PP0 for $techmap\dmi_if.$0\dmi_rdata[31:0] [17] -> \dmi_if.dmi_rdata [17].
  converting $_DFF_PP0_ cell $auto$simplemap.cc:496:simplemap_adff$3132 to $__DFFE_PP0 for $techmap\dmi_if.$0\dmi_rdata[31:0] [18] -> \dmi_if.dmi_rdata [18].
  converting $_DFF_PP0_ cell $auto$simplemap.cc:496:simplemap_adff$3133 to $__DFFE_PP0 for $techmap\dmi_if.$0\dmi_rdata[31:0] [19] -> \dmi_if.dmi_rdata [19].
  converting $_DFF_PP0_ cell $auto$simplemap.cc:496:simplemap_adff$3134 to $__DFFE_PP0 for $techmap\dmi_if.$0\dmi_rdata[31:0] [20] -> \dmi_if.dmi_rdata [20].
  converting $_DFF_PP0_ cell $auto$simplemap.cc:496:simplemap_adff$3135 to $__DFFE_PP0 for $techmap\dmi_if.$0\dmi_rdata[31:0] [21] -> \dmi_if.dmi_rdata [21].
  converting $_DFF_PP0_ cell $auto$simplemap.cc:496:simplemap_adff$3136 to $__DFFE_PP0 for $techmap\dmi_if.$0\dmi_rdata[31:0] [22] -> \dmi_if.dmi_rdata [22].
  converting $_DFF_PP0_ cell $auto$simplemap.cc:496:simplemap_adff$3137 to $__DFFE_PP0 for $techmap\dmi_if.$0\dmi_rdata[31:0] [23] -> \dmi_if.dmi_rdata [23].
  converting $_DFF_PP0_ cell $auto$simplemap.cc:496:simplemap_adff$3138 to $__DFFE_PP0 for $techmap\dmi_if.$0\dmi_rdata[31:0] [24] -> \dmi_if.dmi_rdata [24].
  converting $_DFF_PP0_ cell $auto$simplemap.cc:496:simplemap_adff$3139 to $__DFFE_PP0 for $techmap\dmi_if.$0\dmi_rdata[31:0] [25] -> \dmi_if.dmi_rdata [25].
  converting $_DFF_PP0_ cell $auto$simplemap.cc:496:simplemap_adff$3140 to $__DFFE_PP0 for $techmap\dmi_if.$0\dmi_rdata[31:0] [26] -> \dmi_if.dmi_rdata [26].
  converting $_DFF_PP0_ cell $auto$simplemap.cc:496:simplemap_adff$3141 to $__DFFE_PP0 for $techmap\dmi_if.$0\dmi_rdata[31:0] [27] -> \dmi_if.dmi_rdata [27].
  converting $_DFF_PP0_ cell $auto$simplemap.cc:496:simplemap_adff$3142 to $__DFFE_PP0 for $techmap\dmi_if.$0\dmi_rdata[31:0] [28] -> \dmi_if.dmi_rdata [28].
  converting $_DFF_PP0_ cell $auto$simplemap.cc:496:simplemap_adff$3143 to $__DFFE_PP0 for $techmap\dmi_if.$0\dmi_rdata[31:0] [29] -> \dmi_if.dmi_rdata [29].
  converting $_DFF_PP0_ cell $auto$simplemap.cc:496:simplemap_adff$3144 to $__DFFE_PP0 for $techmap\dmi_if.$0\dmi_rdata[31:0] [30] -> \dmi_if.dmi_rdata [30].
  converting $_DFF_PP0_ cell $auto$simplemap.cc:496:simplemap_adff$3145 to $__DFFE_PP0 for $techmap\dmi_if.$0\dmi_rdata[31:0] [31] -> \dmi_if.dmi_rdata [31].
  converting $_DFF_PP0_ cell $auto$simplemap.cc:496:simplemap_adff$3147 to $__DFFE_PP0 for $techmap\dmi_if.$0\dm_op[1:0] [0] -> \dmi_if.dm_op [0].
  converting $_DFF_PP0_ cell $auto$simplemap.cc:496:simplemap_adff$3148 to $__DFFE_PP0 for $techmap\dmi_if.$0\dm_op[1:0] [1] -> \dmi_if.dm_op [1].
  converting $_DFF_PP0_ cell $auto$simplemap.cc:496:simplemap_adff$3149 to $__DFFE_PP0 for $techmap\dmi_if.$0\dm_wdata[31:0] [0] -> \dmi_if.dm_wdata [0].
  converting $_DFF_PP0_ cell $auto$simplemap.cc:496:simplemap_adff$3150 to $__DFFE_PP0 for $techmap\dmi_if.$0\dm_wdata[31:0] [1] -> \dmi_if.dm_wdata [1].
  converting $_DFF_PP0_ cell $auto$simplemap.cc:496:simplemap_adff$3151 to $__DFFE_PP0 for $techmap\dmi_if.$0\dm_wdata[31:0] [2] -> \dmi_if.dm_wdata [2].
  converting $_DFF_PP0_ cell $auto$simplemap.cc:496:simplemap_adff$3152 to $__DFFE_PP0 for $techmap\dmi_if.$0\dm_wdata[31:0] [3] -> \dmi_if.dm_wdata [3].
  converting $_DFF_PP0_ cell $auto$simplemap.cc:496:simplemap_adff$3153 to $__DFFE_PP0 for $techmap\dmi_if.$0\dm_wdata[31:0] [4] -> \dmi_if.dm_wdata [4].
  converting $_DFF_PP0_ cell $auto$simplemap.cc:496:simplemap_adff$3154 to $__DFFE_PP0 for $techmap\dmi_if.$0\dm_wdata[31:0] [5] -> \dmi_if.dm_wdata [5].
  converting $_DFF_PP0_ cell $auto$simplemap.cc:496:simplemap_adff$3155 to $__DFFE_PP0 for $techmap\dmi_if.$0\dm_wdata[31:0] [6] -> \dmi_if.dm_wdata [6].
  converting $_DFF_PP0_ cell $auto$simplemap.cc:496:simplemap_adff$3156 to $__DFFE_PP0 for $techmap\dmi_if.$0\dm_wdata[31:0] [7] -> \dmi_if.dm_wdata [7].
  converting $_DFF_PP0_ cell $auto$simplemap.cc:496:simplemap_adff$3157 to $__DFFE_PP0 for $techmap\dmi_if.$0\dm_wdata[31:0] [8] -> \dmi_if.dm_wdata [8].
  converting $_DFF_PP0_ cell $auto$simplemap.cc:496:simplemap_adff$3158 to $__DFFE_PP0 for $techmap\dmi_if.$0\dm_wdata[31:0] [9] -> \dmi_if.dm_wdata [9].
  converting $_DFF_PP0_ cell $auto$simplemap.cc:496:simplemap_adff$3159 to $__DFFE_PP0 for $techmap\dmi_if.$0\dm_wdata[31:0] [10] -> \dmi_if.dm_wdata [10].
  converting $_DFF_PP0_ cell $auto$simplemap.cc:496:simplemap_adff$3160 to $__DFFE_PP0 for $techmap\dmi_if.$0\dm_wdata[31:0] [11] -> \dmi_if.dm_wdata [11].
  converting $_DFF_PP0_ cell $auto$simplemap.cc:496:simplemap_adff$3161 to $__DFFE_PP0 for $techmap\dmi_if.$0\dm_wdata[31:0] [12] -> \dmi_if.dm_wdata [12].
  converting $_DFF_PP0_ cell $auto$simplemap.cc:496:simplemap_adff$3162 to $__DFFE_PP0 for $techmap\dmi_if.$0\dm_wdata[31:0] [13] -> \dmi_if.dm_wdata [13].
  converting $_DFF_PP0_ cell $auto$simplemap.cc:496:simplemap_adff$3163 to $__DFFE_PP0 for $techmap\dmi_if.$0\dm_wdata[31:0] [14] -> \dmi_if.dm_wdata [14].
  converting $_DFF_PP0_ cell $auto$simplemap.cc:496:simplemap_adff$3164 to $__DFFE_PP0 for $techmap\dmi_if.$0\dm_wdata[31:0] [15] -> \dmi_if.dm_wdata [15].
  converting $_DFF_PP0_ cell $auto$simplemap.cc:496:simplemap_adff$3165 to $__DFFE_PP0 for $techmap\dmi_if.$0\dm_wdata[31:0] [16] -> \dmi_if.dm_wdata [16].
  converting $_DFF_PP0_ cell $auto$simplemap.cc:496:simplemap_adff$3166 to $__DFFE_PP0 for $techmap\dmi_if.$0\dm_wdata[31:0] [17] -> \dmi_if.dm_wdata [17].
  converting $_DFF_PP0_ cell $auto$simplemap.cc:496:simplemap_adff$3167 to $__DFFE_PP0 for $techmap\dmi_if.$0\dm_wdata[31:0] [18] -> \dmi_if.dm_wdata [18].
  converting $_DFF_PP0_ cell $auto$simplemap.cc:496:simplemap_adff$3168 to $__DFFE_PP0 for $techmap\dmi_if.$0\dm_wdata[31:0] [19] -> \dmi_if.dm_wdata [19].
  converting $_DFF_PP0_ cell $auto$simplemap.cc:496:simplemap_adff$3169 to $__DFFE_PP0 for $techmap\dmi_if.$0\dm_wdata[31:0] [20] -> \dmi_if.dm_wdata [20].
  converting $_DFF_PP0_ cell $auto$simplemap.cc:496:simplemap_adff$3170 to $__DFFE_PP0 for $techmap\dmi_if.$0\dm_wdata[31:0] [21] -> \dmi_if.dm_wdata [21].
  converting $_DFF_PP0_ cell $auto$simplemap.cc:496:simplemap_adff$3171 to $__DFFE_PP0 for $techmap\dmi_if.$0\dm_wdata[31:0] [22] -> \dmi_if.dm_wdata [22].
  converting $_DFF_PP0_ cell $auto$simplemap.cc:496:simplemap_adff$3172 to $__DFFE_PP0 for $techmap\dmi_if.$0\dm_wdata[31:0] [23] -> \dmi_if.dm_wdata [23].
  converting $_DFF_PP0_ cell $auto$simplemap.cc:496:simplemap_adff$3173 to $__DFFE_PP0 for $techmap\dmi_if.$0\dm_wdata[31:0] [24] -> \dmi_if.dm_wdata [24].
  converting $_DFF_PP0_ cell $auto$simplemap.cc:496:simplemap_adff$3174 to $__DFFE_PP0 for $techmap\dmi_if.$0\dm_wdata[31:0] [25] -> \dmi_if.dm_wdata [25].
  converting $_DFF_PP0_ cell $auto$simplemap.cc:496:simplemap_adff$3175 to $__DFFE_PP0 for $techmap\dmi_if.$0\dm_wdata[31:0] [26] -> \dmi_if.dm_wdata [26].
  converting $_DFF_PP0_ cell $auto$simplemap.cc:496:simplemap_adff$3176 to $__DFFE_PP0 for $techmap\dmi_if.$0\dm_wdata[31:0] [27] -> \dmi_if.dm_wdata [27].
  converting $_DFF_PP0_ cell $auto$simplemap.cc:496:simplemap_adff$3177 to $__DFFE_PP0 for $techmap\dmi_if.$0\dm_wdata[31:0] [28] -> \dmi_if.dm_wdata [28].
  converting $_DFF_PP0_ cell $auto$simplemap.cc:496:simplemap_adff$3178 to $__DFFE_PP0 for $techmap\dmi_if.$0\dm_wdata[31:0] [29] -> \dmi_if.dm_wdata [29].
  converting $_DFF_PP0_ cell $auto$simplemap.cc:496:simplemap_adff$3179 to $__DFFE_PP0 for $techmap\dmi_if.$0\dm_wdata[31:0] [30] -> \dmi_if.dm_wdata [30].
  converting $_DFF_PP0_ cell $auto$simplemap.cc:496:simplemap_adff$3180 to $__DFFE_PP0 for $techmap\dmi_if.$0\dm_wdata[31:0] [31] -> \dmi_if.dm_wdata [31].
  converting $_DFF_PP0_ cell $auto$simplemap.cc:496:simplemap_adff$3181 to $__DFFE_PP0 for $techmap\dmi_if.$0\dm_addr[6:0] [0] -> \dmi_if.dm_addr [0].
  converting $_DFF_PP0_ cell $auto$simplemap.cc:496:simplemap_adff$3182 to $__DFFE_PP0 for $techmap\dmi_if.$0\dm_addr[6:0] [1] -> \dmi_if.dm_addr [1].
  converting $_DFF_PP0_ cell $auto$simplemap.cc:496:simplemap_adff$3183 to $__DFFE_PP0 for $techmap\dmi_if.$0\dm_addr[6:0] [2] -> \dmi_if.dm_addr [2].
  converting $_DFF_PP0_ cell $auto$simplemap.cc:496:simplemap_adff$3184 to $__DFFE_PP0 for $techmap\dmi_if.$0\dm_addr[6:0] [3] -> \dmi_if.dm_addr [3].
  converting $_DFF_PP0_ cell $auto$simplemap.cc:496:simplemap_adff$3185 to $__DFFE_PP0 for $techmap\dmi_if.$0\dm_addr[6:0] [4] -> \dmi_if.dm_addr [4].
  converting $_DFF_PP0_ cell $auto$simplemap.cc:496:simplemap_adff$3186 to $__DFFE_PP0 for $techmap\dmi_if.$0\dm_addr[6:0] [5] -> \dmi_if.dm_addr [5].
  converting $_DFF_PP0_ cell $auto$simplemap.cc:496:simplemap_adff$3187 to $__DFFE_PP0 for $techmap\dmi_if.$0\dm_addr[6:0] [6] -> \dmi_if.dm_addr [6].
  converting $_DFF_PP0_ cell $auto$simplemap.cc:496:simplemap_adff$3431 to $__DFFE_PP0 for $techmap\debug_module.$0\dmcontrol_reg[31:0] [3] -> \debug_module.dmcontrol_reg [3].
  converting $_DFF_PP0_ cell $auto$simplemap.cc:496:simplemap_adff$3432 to $__DFFE_PP0 for $techmap\debug_module.$0\dmcontrol_reg[31:0] [4] -> \debug_module.dmcontrol_reg [4].
  converting $_DFF_PP0_ cell $auto$simplemap.cc:496:simplemap_adff$3433 to $__DFFE_PP0 for $techmap\debug_module.$0\dmcontrol_reg[31:0] [5] -> \debug_module.dmcontrol_reg [5].
  converting $_DFF_PP0_ cell $auto$simplemap.cc:496:simplemap_adff$3434 to $__DFFE_PP0 for $techmap\debug_module.$0\dmcontrol_reg[31:0] [6] -> \debug_module.dmcontrol_reg [6].
  converting $_DFF_PP0_ cell $auto$simplemap.cc:496:simplemap_adff$3435 to $__DFFE_PP0 for $techmap\debug_module.$0\dmcontrol_reg[31:0] [7] -> \debug_module.dmcontrol_reg [7].
  converting $_DFF_PP0_ cell $auto$simplemap.cc:496:simplemap_adff$3436 to $__DFFE_PP0 for $techmap\debug_module.$0\dmcontrol_reg[31:0] [8] -> \debug_module.dmcontrol_reg [8].
  converting $_DFF_PP0_ cell $auto$simplemap.cc:496:simplemap_adff$3437 to $__DFFE_PP0 for $techmap\debug_module.$0\dmcontrol_reg[31:0] [9] -> \debug_module.dmcontrol_reg [9].
  converting $_DFF_PP0_ cell $auto$simplemap.cc:496:simplemap_adff$3438 to $__DFFE_PP0 for $techmap\debug_module.$0\dmcontrol_reg[31:0] [10] -> \debug_module.dmcontrol_reg [10].
  converting $_DFF_PP0_ cell $auto$simplemap.cc:496:simplemap_adff$3439 to $__DFFE_PP0 for $techmap\debug_module.$0\dmcontrol_reg[31:0] [11] -> \debug_module.dmcontrol_reg [11].
  converting $_DFF_PP0_ cell $auto$simplemap.cc:496:simplemap_adff$3440 to $__DFFE_PP0 for $techmap\debug_module.$0\dmcontrol_reg[31:0] [12] -> \debug_module.dmcontrol_reg [12].
  converting $_DFF_PP0_ cell $auto$simplemap.cc:496:simplemap_adff$3441 to $__DFFE_PP0 for $techmap\debug_module.$0\dmcontrol_reg[31:0] [13] -> \debug_module.dmcontrol_reg [13].
  converting $_DFF_PP0_ cell $auto$simplemap.cc:496:simplemap_adff$3442 to $__DFFE_PP0 for $techmap\debug_module.$0\dmcontrol_reg[31:0] [14] -> \debug_module.dmcontrol_reg [14].
  converting $_DFF_PP0_ cell $auto$simplemap.cc:496:simplemap_adff$3443 to $__DFFE_PP0 for $techmap\debug_module.$0\dmcontrol_reg[31:0] [15] -> \debug_module.dmcontrol_reg [15].
  converting $_DFF_PP0_ cell $auto$simplemap.cc:496:simplemap_adff$3444 to $__DFFE_PP0 for $techmap\debug_module.$0\dmcontrol_reg[31:0] [16] -> \debug_module.dmcontrol_reg [16].
  converting $_DFF_PP0_ cell $auto$simplemap.cc:496:simplemap_adff$3445 to $__DFFE_PP0 for $techmap\debug_module.$0\dmcontrol_reg[31:0] [17] -> \debug_module.dmcontrol_reg [17].
  converting $_DFF_PP0_ cell $auto$simplemap.cc:496:simplemap_adff$3446 to $__DFFE_PP0 for $techmap\debug_module.$0\dmcontrol_reg[31:0] [18] -> \debug_module.dmcontrol_reg [18].
  converting $_DFF_PP0_ cell $auto$simplemap.cc:496:simplemap_adff$3447 to $__DFFE_PP0 for $techmap\debug_module.$0\dmcontrol_reg[31:0] [19] -> \debug_module.dmcontrol_reg [19].
  converting $_DFF_PP0_ cell $auto$simplemap.cc:496:simplemap_adff$3448 to $__DFFE_PP0 for $techmap\debug_module.$0\dmcontrol_reg[31:0] [20] -> \debug_module.dmcontrol_reg [20].
  converting $_DFF_PP0_ cell $auto$simplemap.cc:496:simplemap_adff$3449 to $__DFFE_PP0 for $techmap\debug_module.$0\dmcontrol_reg[31:0] [21] -> \debug_module.dmcontrol_reg [21].
  converting $_DFF_PP0_ cell $auto$simplemap.cc:496:simplemap_adff$3450 to $__DFFE_PP0 for $techmap\debug_module.$0\dmcontrol_reg[31:0] [22] -> \debug_module.dmcontrol_reg [22].
  converting $_DFF_PP0_ cell $auto$simplemap.cc:496:simplemap_adff$3451 to $__DFFE_PP0 for $techmap\debug_module.$0\dmcontrol_reg[31:0] [23] -> \debug_module.dmcontrol_reg [23].
  converting $_DFF_PP0_ cell $auto$simplemap.cc:496:simplemap_adff$3452 to $__DFFE_PP0 for $techmap\debug_module.$0\dmcontrol_reg[31:0] [24] -> \debug_module.dmcontrol_reg [24].
  converting $_DFF_PP0_ cell $auto$simplemap.cc:496:simplemap_adff$3453 to $__DFFE_PP0 for $techmap\debug_module.$0\dmcontrol_reg[31:0] [25] -> \debug_module.dmcontrol_reg [25].
  converting $_DFF_PP0_ cell $auto$simplemap.cc:496:simplemap_adff$3454 to $__DFFE_PP0 for $techmap\debug_module.$0\dmcontrol_reg[31:0] [26] -> \debug_module.dmcontrol_reg [26].
  converting $_DFF_PP0_ cell $auto$simplemap.cc:496:simplemap_adff$3455 to $__DFFE_PP0 for $techmap\debug_module.$0\dmcontrol_reg[31:0] [27] -> \debug_module.dmcontrol_reg [27].
  converting $_DFF_PP0_ cell $auto$simplemap.cc:496:simplemap_adff$3456 to $__DFFE_PP0 for $techmap\debug_module.$0\dmcontrol_reg[31:0] [28] -> \debug_module.dmcontrol_reg [28].
  converting $_DFF_PP0_ cell $auto$simplemap.cc:496:simplemap_adff$3457 to $__DFFE_PP0 for $techmap\debug_module.$0\dmcontrol_reg[31:0] [29] -> \debug_module.dmcontrol_reg [29].
  converting $_DFF_PP0_ cell $auto$simplemap.cc:496:simplemap_adff$3458 to $__DFFE_PP0 for $techmap\debug_module.$0\dmcontrol_reg[31:0] [30] -> \debug_module.dmcontrol_reg [30].
  converting $_DFF_PP0_ cell $auto$simplemap.cc:496:simplemap_adff$3459 to $__DFFE_PP0 for $techmap\debug_module.$0\dmcontrol_reg[31:0] [31] -> \debug_module.dmcontrol_reg [31].
  converting $_DFF_PP0_ cell $auto$simplemap.cc:496:simplemap_adff$3460 to $__DFFE_PP0 for $techmap\debug_module.$0\command_reg[31:0] [0] -> \debug_module.command_reg [0].
  converting $_DFF_PP0_ cell $auto$simplemap.cc:496:simplemap_adff$3461 to $__DFFE_PP0 for $techmap\debug_module.$0\command_reg[31:0] [1] -> \debug_module.command_reg [1].
  converting $_DFF_PP0_ cell $auto$simplemap.cc:496:simplemap_adff$3462 to $__DFFE_PP0 for $techmap\debug_module.$0\command_reg[31:0] [2] -> \debug_module.command_reg [2].
  converting $_DFF_PP0_ cell $auto$simplemap.cc:496:simplemap_adff$3463 to $__DFFE_PP0 for $techmap\debug_module.$0\command_reg[31:0] [3] -> \debug_module.command_reg [3].
  converting $_DFF_PP0_ cell $auto$simplemap.cc:496:simplemap_adff$3464 to $__DFFE_PP0 for $techmap\debug_module.$0\command_reg[31:0] [4] -> \debug_module.command_reg [4].
  converting $_DFF_PP0_ cell $auto$simplemap.cc:496:simplemap_adff$3465 to $__DFFE_PP0 for $techmap\debug_module.$0\command_reg[31:0] [5] -> \debug_module.command_reg [5].
  converting $_DFF_PP0_ cell $auto$simplemap.cc:496:simplemap_adff$3466 to $__DFFE_PP0 for $techmap\debug_module.$0\command_reg[31:0] [6] -> \debug_module.command_reg [6].
  converting $_DFF_PP0_ cell $auto$simplemap.cc:496:simplemap_adff$3467 to $__DFFE_PP0 for $techmap\debug_module.$0\command_reg[31:0] [7] -> \debug_module.command_reg [7].
  converting $_DFF_PP0_ cell $auto$simplemap.cc:496:simplemap_adff$3468 to $__DFFE_PP0 for $techmap\debug_module.$0\command_reg[31:0] [8] -> \debug_module.command_reg [8].
  converting $_DFF_PP0_ cell $auto$simplemap.cc:496:simplemap_adff$3469 to $__DFFE_PP0 for $techmap\debug_module.$0\command_reg[31:0] [9] -> \debug_module.command_reg [9].
  converting $_DFF_PP0_ cell $auto$simplemap.cc:496:simplemap_adff$3470 to $__DFFE_PP0 for $techmap\debug_module.$0\command_reg[31:0] [10] -> \debug_module.command_reg [10].
  converting $_DFF_PP0_ cell $auto$simplemap.cc:496:simplemap_adff$3471 to $__DFFE_PP0 for $techmap\debug_module.$0\command_reg[31:0] [11] -> \debug_module.command_reg [11].
  converting $_DFF_PP0_ cell $auto$simplemap.cc:496:simplemap_adff$3472 to $__DFFE_PP0 for $techmap\debug_module.$0\command_reg[31:0] [12] -> \debug_module.command_reg [12].
  converting $_DFF_PP0_ cell $auto$simplemap.cc:496:simplemap_adff$3473 to $__DFFE_PP0 for $techmap\debug_module.$0\command_reg[31:0] [13] -> \debug_module.command_reg [13].
  converting $_DFF_PP0_ cell $auto$simplemap.cc:496:simplemap_adff$3474 to $__DFFE_PP0 for $techmap\debug_module.$0\command_reg[31:0] [14] -> \debug_module.command_reg [14].
  converting $_DFF_PP0_ cell $auto$simplemap.cc:496:simplemap_adff$3475 to $__DFFE_PP0 for $techmap\debug_module.$0\command_reg[31:0] [15] -> \debug_module.command_reg [15].
  converting $_DFF_PP0_ cell $auto$simplemap.cc:496:simplemap_adff$3476 to $__DFFE_PP0 for $techmap\debug_module.$0\command_reg[31:0] [16] -> \debug_module.command_reg [16].
  converting $_DFF_PP0_ cell $auto$simplemap.cc:496:simplemap_adff$3477 to $__DFFE_PP0 for $techmap\debug_module.$0\command_reg[31:0] [17] -> \debug_module.command_reg [17].
  converting $_DFF_PP0_ cell $auto$simplemap.cc:496:simplemap_adff$3478 to $__DFFE_PP0 for $techmap\debug_module.$0\command_reg[31:0] [18] -> \debug_module.command_reg [18].
  converting $_DFF_PP0_ cell $auto$simplemap.cc:496:simplemap_adff$3479 to $__DFFE_PP0 for $techmap\debug_module.$0\command_reg[31:0] [19] -> \debug_module.command_reg [19].
  converting $_DFF_PP0_ cell $auto$simplemap.cc:496:simplemap_adff$3480 to $__DFFE_PP0 for $techmap\debug_module.$0\command_reg[31:0] [20] -> \debug_module.command_reg [20].
  converting $_DFF_PP0_ cell $auto$simplemap.cc:496:simplemap_adff$3481 to $__DFFE_PP0 for $techmap\debug_module.$0\command_reg[31:0] [21] -> \debug_module.command_reg [21].
  converting $_DFF_PP0_ cell $auto$simplemap.cc:496:simplemap_adff$3482 to $__DFFE_PP0 for $techmap\debug_module.$0\command_reg[31:0] [22] -> \debug_module.command_reg [22].
  converting $_DFF_PP0_ cell $auto$simplemap.cc:496:simplemap_adff$3483 to $__DFFE_PP0 for $techmap\debug_module.$0\command_reg[31:0] [23] -> \debug_module.command_reg [23].
  converting $_DFF_PP0_ cell $auto$simplemap.cc:496:simplemap_adff$3484 to $__DFFE_PP0 for $techmap\debug_module.$0\command_reg[31:0] [24] -> \debug_module.command_reg [24].
  converting $_DFF_PP0_ cell $auto$simplemap.cc:496:simplemap_adff$3485 to $__DFFE_PP0 for $techmap\debug_module.$0\command_reg[31:0] [25] -> \debug_module.command_reg [25].
  converting $_DFF_PP0_ cell $auto$simplemap.cc:496:simplemap_adff$3486 to $__DFFE_PP0 for $techmap\debug_module.$0\command_reg[31:0] [26] -> \debug_module.command_reg [26].
  converting $_DFF_PP0_ cell $auto$simplemap.cc:496:simplemap_adff$3487 to $__DFFE_PP0 for $techmap\debug_module.$0\command_reg[31:0] [27] -> \debug_module.command_reg [27].
  converting $_DFF_PP0_ cell $auto$simplemap.cc:496:simplemap_adff$3488 to $__DFFE_PP0 for $techmap\debug_module.$0\command_reg[31:0] [28] -> \debug_module.command_reg [28].
  converting $_DFF_PP0_ cell $auto$simplemap.cc:496:simplemap_adff$3489 to $__DFFE_PP0 for $techmap\debug_module.$0\command_reg[31:0] [29] -> \debug_module.command_reg [29].
  converting $_DFF_PP0_ cell $auto$simplemap.cc:496:simplemap_adff$3490 to $__DFFE_PP0 for $techmap\debug_module.$0\command_reg[31:0] [30] -> \debug_module.command_reg [30].
  converting $_DFF_PP0_ cell $auto$simplemap.cc:496:simplemap_adff$3491 to $__DFFE_PP0 for $techmap\debug_module.$0\command_reg[31:0] [31] -> \debug_module.command_reg [31].
  converting $_DFF_PP0_ cell $auto$simplemap.cc:496:simplemap_adff$3526 to $__DFFE_PP0 for $techmap\debug_module.$0\dm_rdata[31:0] [0] -> \debug_module.dm_rdata [0].
  converting $_DFF_PP0_ cell $auto$simplemap.cc:496:simplemap_adff$3527 to $__DFFE_PP0 for $techmap\debug_module.$0\dm_rdata[31:0] [1] -> \debug_module.dm_rdata [1].
  converting $_DFF_PP0_ cell $auto$simplemap.cc:496:simplemap_adff$3528 to $__DFFE_PP0 for $techmap\debug_module.$0\dm_rdata[31:0] [2] -> \debug_module.dm_rdata [2].
  converting $_DFF_PP0_ cell $auto$simplemap.cc:496:simplemap_adff$3529 to $__DFFE_PP0 for $techmap\debug_module.$0\dm_rdata[31:0] [3] -> \debug_module.dm_rdata [3].
  converting $_DFF_PP0_ cell $auto$simplemap.cc:496:simplemap_adff$3530 to $__DFFE_PP0 for $techmap\debug_module.$0\dm_rdata[31:0] [4] -> \debug_module.dm_rdata [4].
  converting $_DFF_PP0_ cell $auto$simplemap.cc:496:simplemap_adff$3531 to $__DFFE_PP0 for $techmap\debug_module.$0\dm_rdata[31:0] [5] -> \debug_module.dm_rdata [5].
  converting $_DFF_PP0_ cell $auto$simplemap.cc:496:simplemap_adff$3532 to $__DFFE_PP0 for $techmap\debug_module.$0\dm_rdata[31:0] [6] -> \debug_module.dm_rdata [6].
  converting $_DFF_PP0_ cell $auto$simplemap.cc:496:simplemap_adff$3533 to $__DFFE_PP0 for $techmap\debug_module.$0\dm_rdata[31:0] [7] -> \debug_module.dm_rdata [7].
  converting $_DFF_PP0_ cell $auto$simplemap.cc:496:simplemap_adff$3534 to $__DFFE_PP0 for $techmap\debug_module.$0\dm_rdata[31:0] [8] -> \debug_module.dm_rdata [8].
  converting $_DFF_PP0_ cell $auto$simplemap.cc:496:simplemap_adff$3535 to $__DFFE_PP0 for $techmap\debug_module.$0\dm_rdata[31:0] [9] -> \debug_module.dm_rdata [9].
  converting $_DFF_PP0_ cell $auto$simplemap.cc:496:simplemap_adff$3536 to $__DFFE_PP0 for $techmap\debug_module.$0\dm_rdata[31:0] [10] -> \debug_module.dm_rdata [10].
  converting $_DFF_PP0_ cell $auto$simplemap.cc:496:simplemap_adff$3537 to $__DFFE_PP0 for $techmap\debug_module.$0\dm_rdata[31:0] [11] -> \debug_module.dm_rdata [11].
  converting $_DFF_PP0_ cell $auto$simplemap.cc:496:simplemap_adff$3538 to $__DFFE_PP0 for $techmap\debug_module.$0\dm_rdata[31:0] [12] -> \debug_module.dm_rdata [12].
  converting $_DFF_PP0_ cell $auto$simplemap.cc:496:simplemap_adff$3539 to $__DFFE_PP0 for $techmap\debug_module.$0\dm_rdata[31:0] [13] -> \debug_module.dm_rdata [13].
  converting $_DFF_PP0_ cell $auto$simplemap.cc:496:simplemap_adff$3540 to $__DFFE_PP0 for $techmap\debug_module.$0\dm_rdata[31:0] [14] -> \debug_module.dm_rdata [14].
  converting $_DFF_PP0_ cell $auto$simplemap.cc:496:simplemap_adff$3541 to $__DFFE_PP0 for $techmap\debug_module.$0\dm_rdata[31:0] [15] -> \debug_module.dm_rdata [15].
  converting $_DFF_PP0_ cell $auto$simplemap.cc:496:simplemap_adff$3542 to $__DFFE_PP0 for $techmap\debug_module.$0\dm_rdata[31:0] [16] -> \debug_module.dm_rdata [16].
  converting $_DFF_PP0_ cell $auto$simplemap.cc:496:simplemap_adff$3543 to $__DFFE_PP0 for $techmap\debug_module.$0\dm_rdata[31:0] [17] -> \debug_module.dm_rdata [17].
  converting $_DFF_PP0_ cell $auto$simplemap.cc:496:simplemap_adff$3544 to $__DFFE_PP0 for $techmap\debug_module.$0\dm_rdata[31:0] [18] -> \debug_module.dm_rdata [18].
  converting $_DFF_PP0_ cell $auto$simplemap.cc:496:simplemap_adff$3545 to $__DFFE_PP0 for $techmap\debug_module.$0\dm_rdata[31:0] [19] -> \debug_module.dm_rdata [19].
  converting $_DFF_PP0_ cell $auto$simplemap.cc:496:simplemap_adff$3546 to $__DFFE_PP0 for $techmap\debug_module.$0\dm_rdata[31:0] [20] -> \debug_module.dm_rdata [20].
  converting $_DFF_PP0_ cell $auto$simplemap.cc:496:simplemap_adff$3547 to $__DFFE_PP0 for $techmap\debug_module.$0\dm_rdata[31:0] [21] -> \debug_module.dm_rdata [21].
  converting $_DFF_PP0_ cell $auto$simplemap.cc:496:simplemap_adff$3548 to $__DFFE_PP0 for $techmap\debug_module.$0\dm_rdata[31:0] [22] -> \debug_module.dm_rdata [22].
  converting $_DFF_PP0_ cell $auto$simplemap.cc:496:simplemap_adff$3549 to $__DFFE_PP0 for $techmap\debug_module.$0\dm_rdata[31:0] [23] -> \debug_module.dm_rdata [23].
  converting $_DFF_PP0_ cell $auto$simplemap.cc:496:simplemap_adff$3550 to $__DFFE_PP0 for $techmap\debug_module.$0\dm_rdata[31:0] [24] -> \debug_module.dm_rdata [24].
  converting $_DFF_PP0_ cell $auto$simplemap.cc:496:simplemap_adff$3551 to $__DFFE_PP0 for $techmap\debug_module.$0\dm_rdata[31:0] [25] -> \debug_module.dm_rdata [25].
  converting $_DFF_PP0_ cell $auto$simplemap.cc:496:simplemap_adff$3552 to $__DFFE_PP0 for $techmap\debug_module.$0\dm_rdata[31:0] [26] -> \debug_module.dm_rdata [26].
  converting $_DFF_PP0_ cell $auto$simplemap.cc:496:simplemap_adff$3553 to $__DFFE_PP0 for $techmap\debug_module.$0\dm_rdata[31:0] [27] -> \debug_module.dm_rdata [27].
  converting $_DFF_PP0_ cell $auto$simplemap.cc:496:simplemap_adff$3554 to $__DFFE_PP0 for $techmap\debug_module.$0\dm_rdata[31:0] [28] -> \debug_module.dm_rdata [28].
  converting $_DFF_PP0_ cell $auto$simplemap.cc:496:simplemap_adff$3555 to $__DFFE_PP0 for $techmap\debug_module.$0\dm_rdata[31:0] [29] -> \debug_module.dm_rdata [29].
  converting $_DFF_PP0_ cell $auto$simplemap.cc:496:simplemap_adff$3556 to $__DFFE_PP0 for $techmap\debug_module.$0\dm_rdata[31:0] [30] -> \debug_module.dm_rdata [30].
  converting $_DFF_PP0_ cell $auto$simplemap.cc:496:simplemap_adff$3557 to $__DFFE_PP0 for $techmap\debug_module.$0\dm_rdata[31:0] [31] -> \debug_module.dm_rdata [31].
  converting $_DFF_PP0_ cell $auto$simplemap.cc:496:simplemap_adff$6712 to $__DFFE_PP0 for $techmap$techmap\debug_module.aau.$procmux$1039.$ternary$/usr/bin/../share/yosys/techmap.v:445$3669_Y -> \debug_module.aau.mem_write.
  converting $_DFF_PP0_ cell $auto$simplemap.cc:496:simplemap_adff$6747 to $__DFFE_PP0 for $techmap$techmap\debug_module.aau.$procmux$1065.$ternary$/usr/bin/../share/yosys/techmap.v:445$7189_Y [0] -> \debug_module.aau.state [0].
  converting $_DFF_PP0_ cell $auto$simplemap.cc:496:simplemap_adff$6748 to $__DFFE_PP0 for $techmap$techmap\debug_module.aau.$procmux$1065.$ternary$/usr/bin/../share/yosys/techmap.v:445$7189_Y [1] -> \debug_module.aau.state [1].
  converting $_DFF_PP0_ cell $auto$simplemap.cc:496:simplemap_adff$6749 to $__DFFE_PP0 for $techmap$techmap\debug_module.aau.$procmux$1065.$ternary$/usr/bin/../share/yosys/techmap.v:445$7189_Y [2] -> \debug_module.aau.state [2].
  converting $_DFF_PP0_ cell $auto$simplemap.cc:496:simplemap_adff$6751 to $__DFFE_PP0 for $techmap\debug_module.aau.$0\debug_reg_addr[4:0] [0] -> \debug_module.aau.debug_reg_addr [0].
  converting $_DFF_PP0_ cell $auto$simplemap.cc:496:simplemap_adff$6752 to $__DFFE_PP0 for $techmap\debug_module.aau.$0\debug_reg_addr[4:0] [1] -> \debug_module.aau.debug_reg_addr [1].
  converting $_DFF_PP0_ cell $auto$simplemap.cc:496:simplemap_adff$6753 to $__DFFE_PP0 for $techmap\debug_module.aau.$0\debug_reg_addr[4:0] [2] -> \debug_module.aau.debug_reg_addr [2].
  converting $_DFF_PP0_ cell $auto$simplemap.cc:496:simplemap_adff$6754 to $__DFFE_PP0 for $techmap\debug_module.aau.$0\debug_reg_addr[4:0] [3] -> \debug_module.aau.debug_reg_addr [3].
  converting $_DFF_PP0_ cell $auto$simplemap.cc:496:simplemap_adff$6755 to $__DFFE_PP0 for $techmap\debug_module.aau.$0\debug_reg_addr[4:0] [4] -> \debug_module.aau.debug_reg_addr [4].
  converting $_DFF_PP0_ cell $auto$simplemap.cc:496:simplemap_adff$6790 to $__DFFE_PP0 for $techmap\debug_module.aau.$0\mem_addr[31:0] [2] -> \debug_module.aau.mem_addr [2].
  converting $_DFF_PP0_ cell $auto$simplemap.cc:496:simplemap_adff$6791 to $__DFFE_PP0 for $techmap\debug_module.aau.$0\mem_addr[31:0] [3] -> \debug_module.aau.mem_addr [3].
  converting $_DFF_PP0_ cell $auto$simplemap.cc:496:simplemap_adff$6792 to $__DFFE_PP0 for $techmap\debug_module.aau.$0\mem_addr[31:0] [4] -> \debug_module.aau.mem_addr [4].
  converting $_DFF_PP0_ cell $auto$simplemap.cc:496:simplemap_adff$6793 to $__DFFE_PP0 for $techmap\debug_module.aau.$0\mem_addr[31:0] [5] -> \debug_module.aau.mem_addr [5].
  converting $_DFF_PP0_ cell $auto$simplemap.cc:496:simplemap_adff$6794 to $__DFFE_PP0 for $techmap\debug_module.aau.$0\mem_addr[31:0] [6] -> \debug_module.aau.mem_addr [6].
  converting $_DFF_PP0_ cell $auto$simplemap.cc:496:simplemap_adff$6795 to $__DFFE_PP0 for $techmap\debug_module.aau.$0\mem_addr[31:0] [7] -> \debug_module.aau.mem_addr [7].
  converting $_DFF_PP0_ cell $auto$simplemap.cc:496:simplemap_adff$6796 to $__DFFE_PP0 for $techmap\debug_module.aau.$0\mem_addr[31:0] [8] -> \debug_module.aau.mem_addr [8].
  converting $_DFF_PP0_ cell $auto$simplemap.cc:496:simplemap_adff$6797 to $__DFFE_PP0 for $techmap\debug_module.aau.$0\mem_addr[31:0] [9] -> \debug_module.aau.mem_addr [9].
  converting $_DFF_PP0_ cell $auto$simplemap.cc:496:simplemap_adff$6798 to $__DFFE_PP0 for $techmap\debug_module.aau.$0\mem_addr[31:0] [10] -> \debug_module.aau.mem_addr [10].
  converting $_DFF_PP0_ cell $auto$simplemap.cc:496:simplemap_adff$6799 to $__DFFE_PP0 for $techmap\debug_module.aau.$0\mem_addr[31:0] [11] -> \debug_module.aau.mem_addr [11].
  converting $_DFF_PP0_ cell $auto$simplemap.cc:496:simplemap_adff$6800 to $__DFFE_PP0 for $techmap\debug_module.aau.$0\mem_addr[31:0] [12] -> \debug_module.aau.mem_addr [12].
  converting $_DFF_PP0_ cell $auto$simplemap.cc:496:simplemap_adff$6820 to $__DFFE_PP0 for $techmap\debug_module.aau.$0\mem_wdata[31:0] [0] -> \debug_module.aau.mem_wdata [0].
  converting $_DFF_PP0_ cell $auto$simplemap.cc:496:simplemap_adff$6821 to $__DFFE_PP0 for $techmap\debug_module.aau.$0\mem_wdata[31:0] [1] -> \debug_module.aau.mem_wdata [1].
  converting $_DFF_PP0_ cell $auto$simplemap.cc:496:simplemap_adff$6822 to $__DFFE_PP0 for $techmap\debug_module.aau.$0\mem_wdata[31:0] [2] -> \debug_module.aau.mem_wdata [2].
  converting $_DFF_PP0_ cell $auto$simplemap.cc:496:simplemap_adff$6823 to $__DFFE_PP0 for $techmap\debug_module.aau.$0\mem_wdata[31:0] [3] -> \debug_module.aau.mem_wdata [3].
  converting $_DFF_PP0_ cell $auto$simplemap.cc:496:simplemap_adff$6824 to $__DFFE_PP0 for $techmap\debug_module.aau.$0\mem_wdata[31:0] [4] -> \debug_module.aau.mem_wdata [4].
  converting $_DFF_PP0_ cell $auto$simplemap.cc:496:simplemap_adff$6825 to $__DFFE_PP0 for $techmap\debug_module.aau.$0\mem_wdata[31:0] [5] -> \debug_module.aau.mem_wdata [5].
  converting $_DFF_PP0_ cell $auto$simplemap.cc:496:simplemap_adff$6826 to $__DFFE_PP0 for $techmap\debug_module.aau.$0\mem_wdata[31:0] [6] -> \debug_module.aau.mem_wdata [6].
  converting $_DFF_PP0_ cell $auto$simplemap.cc:496:simplemap_adff$6827 to $__DFFE_PP0 for $techmap\debug_module.aau.$0\mem_wdata[31:0] [7] -> \debug_module.aau.mem_wdata [7].
  converting $_DFF_PP0_ cell $auto$simplemap.cc:496:simplemap_adff$6828 to $__DFFE_PP0 for $techmap\debug_module.aau.$0\mem_wdata[31:0] [8] -> \debug_module.aau.mem_wdata [8].
  converting $_DFF_PP0_ cell $auto$simplemap.cc:496:simplemap_adff$6829 to $__DFFE_PP0 for $techmap\debug_module.aau.$0\mem_wdata[31:0] [9] -> \debug_module.aau.mem_wdata [9].
  converting $_DFF_PP0_ cell $auto$simplemap.cc:496:simplemap_adff$6830 to $__DFFE_PP0 for $techmap\debug_module.aau.$0\mem_wdata[31:0] [10] -> \debug_module.aau.mem_wdata [10].
  converting $_DFF_PP0_ cell $auto$simplemap.cc:496:simplemap_adff$6831 to $__DFFE_PP0 for $techmap\debug_module.aau.$0\mem_wdata[31:0] [11] -> \debug_module.aau.mem_wdata [11].
  converting $_DFF_PP0_ cell $auto$simplemap.cc:496:simplemap_adff$6832 to $__DFFE_PP0 for $techmap\debug_module.aau.$0\mem_wdata[31:0] [12] -> \debug_module.aau.mem_wdata [12].
  converting $_DFF_PP0_ cell $auto$simplemap.cc:496:simplemap_adff$6833 to $__DFFE_PP0 for $techmap\debug_module.aau.$0\mem_wdata[31:0] [13] -> \debug_module.aau.mem_wdata [13].
  converting $_DFF_PP0_ cell $auto$simplemap.cc:496:simplemap_adff$6834 to $__DFFE_PP0 for $techmap\debug_module.aau.$0\mem_wdata[31:0] [14] -> \debug_module.aau.mem_wdata [14].
  converting $_DFF_PP0_ cell $auto$simplemap.cc:496:simplemap_adff$6835 to $__DFFE_PP0 for $techmap\debug_module.aau.$0\mem_wdata[31:0] [15] -> \debug_module.aau.mem_wdata [15].
  converting $_DFF_PP0_ cell $auto$simplemap.cc:496:simplemap_adff$6836 to $__DFFE_PP0 for $techmap\debug_module.aau.$0\mem_wdata[31:0] [16] -> \debug_module.aau.mem_wdata [16].
  converting $_DFF_PP0_ cell $auto$simplemap.cc:496:simplemap_adff$6837 to $__DFFE_PP0 for $techmap\debug_module.aau.$0\mem_wdata[31:0] [17] -> \debug_module.aau.mem_wdata [17].
  converting $_DFF_PP0_ cell $auto$simplemap.cc:496:simplemap_adff$6838 to $__DFFE_PP0 for $techmap\debug_module.aau.$0\mem_wdata[31:0] [18] -> \debug_module.aau.mem_wdata [18].
  converting $_DFF_PP0_ cell $auto$simplemap.cc:496:simplemap_adff$6839 to $__DFFE_PP0 for $techmap\debug_module.aau.$0\mem_wdata[31:0] [19] -> \debug_module.aau.mem_wdata [19].
  converting $_DFF_PP0_ cell $auto$simplemap.cc:496:simplemap_adff$6840 to $__DFFE_PP0 for $techmap\debug_module.aau.$0\mem_wdata[31:0] [20] -> \debug_module.aau.mem_wdata [20].
  converting $_DFF_PP0_ cell $auto$simplemap.cc:496:simplemap_adff$6841 to $__DFFE_PP0 for $techmap\debug_module.aau.$0\mem_wdata[31:0] [21] -> \debug_module.aau.mem_wdata [21].
  converting $_DFF_PP0_ cell $auto$simplemap.cc:496:simplemap_adff$6842 to $__DFFE_PP0 for $techmap\debug_module.aau.$0\mem_wdata[31:0] [22] -> \debug_module.aau.mem_wdata [22].
  converting $_DFF_PP0_ cell $auto$simplemap.cc:496:simplemap_adff$6843 to $__DFFE_PP0 for $techmap\debug_module.aau.$0\mem_wdata[31:0] [23] -> \debug_module.aau.mem_wdata [23].
  converting $_DFF_PP0_ cell $auto$simplemap.cc:496:simplemap_adff$6844 to $__DFFE_PP0 for $techmap\debug_module.aau.$0\mem_wdata[31:0] [24] -> \debug_module.aau.mem_wdata [24].
  converting $_DFF_PP0_ cell $auto$simplemap.cc:496:simplemap_adff$6845 to $__DFFE_PP0 for $techmap\debug_module.aau.$0\mem_wdata[31:0] [25] -> \debug_module.aau.mem_wdata [25].
  converting $_DFF_PP0_ cell $auto$simplemap.cc:496:simplemap_adff$6846 to $__DFFE_PP0 for $techmap\debug_module.aau.$0\mem_wdata[31:0] [26] -> \debug_module.aau.mem_wdata [26].
  converting $_DFF_PP0_ cell $auto$simplemap.cc:496:simplemap_adff$6847 to $__DFFE_PP0 for $techmap\debug_module.aau.$0\mem_wdata[31:0] [27] -> \debug_module.aau.mem_wdata [27].
  converting $_DFF_PP0_ cell $auto$simplemap.cc:496:simplemap_adff$6848 to $__DFFE_PP0 for $techmap\debug_module.aau.$0\mem_wdata[31:0] [28] -> \debug_module.aau.mem_wdata [28].
  converting $_DFF_PP0_ cell $auto$simplemap.cc:496:simplemap_adff$6849 to $__DFFE_PP0 for $techmap\debug_module.aau.$0\mem_wdata[31:0] [29] -> \debug_module.aau.mem_wdata [29].
  converting $_DFF_PP0_ cell $auto$simplemap.cc:496:simplemap_adff$6850 to $__DFFE_PP0 for $techmap\debug_module.aau.$0\mem_wdata[31:0] [30] -> \debug_module.aau.mem_wdata [30].
  converting $_DFF_PP0_ cell $auto$simplemap.cc:496:simplemap_adff$6851 to $__DFFE_PP0 for $techmap\debug_module.aau.$0\mem_wdata[31:0] [31] -> \debug_module.aau.mem_wdata [31].

9.34. Executing TECHMAP pass (map to technology primitives).

9.34.1. Executing Verilog-2005 frontend: /usr/bin/../share/yosys/ice40/cells_map.v
Parsing Verilog input from `/usr/bin/../share/yosys/ice40/cells_map.v' to AST representation.
Generating RTLIL representation for module `\$_DFF_N_'.
Generating RTLIL representation for module `\$_DFF_P_'.
Generating RTLIL representation for module `\$_DFFE_NN_'.
Generating RTLIL representation for module `\$_DFFE_PN_'.
Generating RTLIL representation for module `\$_DFFE_NP_'.
Generating RTLIL representation for module `\$_DFFE_PP_'.
Generating RTLIL representation for module `\$_DFF_NN0_'.
Generating RTLIL representation for module `\$_DFF_NN1_'.
Generating RTLIL representation for module `\$_DFF_PN0_'.
Generating RTLIL representation for module `\$_DFF_PN1_'.
Generating RTLIL representation for module `\$_DFF_NP0_'.
Generating RTLIL representation for module `\$_DFF_NP1_'.
Generating RTLIL representation for module `\$_DFF_PP0_'.
Generating RTLIL representation for module `\$_DFF_PP1_'.
Generating RTLIL representation for module `\$__DFFE_NN0'.
Generating RTLIL representation for module `\$__DFFE_NN1'.
Generating RTLIL representation for module `\$__DFFE_PN0'.
Generating RTLIL representation for module `\$__DFFE_PN1'.
Generating RTLIL representation for module `\$__DFFE_NP0'.
Generating RTLIL representation for module `\$__DFFE_NP1'.
Generating RTLIL representation for module `\$__DFFE_PP0'.
Generating RTLIL representation for module `\$__DFFE_PP1'.
Successfully finished Verilog frontend.

9.34.2. Continuing TECHMAP pass.
Using template \$__DFFE_PN0 for cells of type $__DFFE_PN0.
Using template \$_DFF_PN0_ for cells of type $_DFF_PN0_.
Using template \$_DFFE_PP_ for cells of type $_DFFE_PP_.
Using template \$__DFFE_PP0 for cells of type $__DFFE_PP0.
Using template \$_DFF_PP0_ for cells of type $_DFF_PP0_.
Using template \$__DFFE_PN1 for cells of type $__DFFE_PN1.
Using template \$_DFF_P_ for cells of type $_DFF_P_.
No more expansions possible.
<suppressed ~831 debug messages>

9.35. Executing OPT_EXPR pass (perform const folding).
Optimizing module SOC.
<suppressed ~2601 debug messages>

9.36. Executing SIMPLEMAP pass (map simple cells to gate primitives).
Mapping SOC.$techmap$techmap23757$auto$simplemap.cc:496:simplemap_adff$2075.$logic_not$/usr/bin/../share/yosys/ice40/cells_map.v:22$23277 ($logic_not).
Mapping SOC.$techmap$techmap23667$auto$simplemap.cc:496:simplemap_adff$2730.$logic_not$/usr/bin/../share/yosys/ice40/cells_map.v:22$23277 ($logic_not).
Mapping SOC.$techmap$techmap23315$auto$simplemap.cc:496:simplemap_adff$2219.$logic_not$/usr/bin/../share/yosys/ice40/cells_map.v:22$23277 ($logic_not).
Mapping SOC.$techmap$techmap23532$auto$simplemap.cc:496:simplemap_adff$2879.$logic_not$/usr/bin/../share/yosys/ice40/cells_map.v:22$23277 ($logic_not).
Mapping SOC.$techmap$techmap23527$auto$simplemap.cc:496:simplemap_adff$2881.$logic_not$/usr/bin/../share/yosys/ice40/cells_map.v:22$23277 ($logic_not).
Mapping SOC.$techmap$techmap23524$auto$simplemap.cc:496:simplemap_adff$2883.$logic_not$/usr/bin/../share/yosys/ice40/cells_map.v:22$23277 ($logic_not).
Mapping SOC.$techmap$techmap23521$auto$simplemap.cc:496:simplemap_adff$2880.$logic_not$/usr/bin/../share/yosys/ice40/cells_map.v:22$23277 ($logic_not).
Mapping SOC.$techmap$techmap23518$auto$simplemap.cc:496:simplemap_adff$2885.$logic_not$/usr/bin/../share/yosys/ice40/cells_map.v:22$23277 ($logic_not).
Mapping SOC.$techmap$techmap23515$auto$simplemap.cc:496:simplemap_adff$2886.$logic_not$/usr/bin/../share/yosys/ice40/cells_map.v:22$23277 ($logic_not).
Mapping SOC.$techmap$techmap23512$auto$simplemap.cc:496:simplemap_adff$2884.$logic_not$/usr/bin/../share/yosys/ice40/cells_map.v:22$23277 ($logic_not).
Mapping SOC.$techmap$techmap23509$auto$simplemap.cc:496:simplemap_adff$2889.$logic_not$/usr/bin/../share/yosys/ice40/cells_map.v:12$23273 ($logic_not).
Mapping SOC.$techmap$techmap23507$auto$simplemap.cc:496:simplemap_adff$2776.$logic_not$/usr/bin/../share/yosys/ice40/cells_map.v:22$23277 ($logic_not).
Mapping SOC.$techmap$techmap23678$auto$simplemap.cc:496:simplemap_adff$2812.$logic_not$/usr/bin/../share/yosys/ice40/cells_map.v:12$23273 ($logic_not).
Mapping SOC.$techmap$techmap23673$auto$simplemap.cc:496:simplemap_adff$2784.$logic_not$/usr/bin/../share/yosys/ice40/cells_map.v:22$23277 ($logic_not).
Mapping SOC.$techmap$techmap23367$auto$simplemap.cc:496:simplemap_adff$2805.$logic_not$/usr/bin/../share/yosys/ice40/cells_map.v:22$23277 ($logic_not).
Mapping SOC.$techmap$techmap23363$auto$simplemap.cc:496:simplemap_adff$2806.$logic_not$/usr/bin/../share/yosys/ice40/cells_map.v:22$23277 ($logic_not).
Mapping SOC.$techmap$techmap23352$auto$simplemap.cc:496:simplemap_adff$2049.$logic_not$/usr/bin/../share/yosys/ice40/cells_map.v:22$23277 ($logic_not).
Mapping SOC.$techmap$techmap23336$auto$simplemap.cc:496:simplemap_adff$2848.$logic_not$/usr/bin/../share/yosys/ice40/cells_map.v:22$23277 ($logic_not).
Mapping SOC.$techmap$techmap23780$auto$simplemap.cc:496:simplemap_adff$2004.$logic_not$/usr/bin/../share/yosys/ice40/cells_map.v:12$23273 ($logic_not).
Mapping SOC.$techmap$techmap23703$auto$simplemap.cc:496:simplemap_adff$1979.$logic_not$/usr/bin/../share/yosys/ice40/cells_map.v:22$23277 ($logic_not).
Mapping SOC.$techmap$techmap23718$auto$simplemap.cc:496:simplemap_adff$1880.$logic_not$/usr/bin/../share/yosys/ice40/cells_map.v:12$23273 ($logic_not).
Mapping SOC.$techmap$techmap23729$auto$simplemap.cc:496:simplemap_adff$2050.$logic_not$/usr/bin/../share/yosys/ice40/cells_map.v:22$23277 ($logic_not).
Mapping SOC.$techmap$techmap23742$auto$simplemap.cc:496:simplemap_adff$1879.$logic_not$/usr/bin/../share/yosys/ice40/cells_map.v:12$23273 ($logic_not).
Mapping SOC.$techmap$techmap23749$auto$simplemap.cc:496:simplemap_adff$2046.$logic_not$/usr/bin/../share/yosys/ice40/cells_map.v:22$23277 ($logic_not).
Mapping SOC.$techmap$techmap23310$auto$simplemap.cc:496:simplemap_adff$2849.$logic_not$/usr/bin/../share/yosys/ice40/cells_map.v:22$23277 ($logic_not).
Mapping SOC.$techmap$techmap23764$auto$simplemap.cc:496:simplemap_adff$2066.$logic_not$/usr/bin/../share/yosys/ice40/cells_map.v:22$23277 ($logic_not).
Mapping SOC.$techmap$techmap23303$auto$simplemap.cc:496:simplemap_adff$1877.$logic_not$/usr/bin/../share/yosys/ice40/cells_map.v:12$23273 ($logic_not).
Mapping SOC.$techmap$techmap23301$auto$simplemap.cc:496:simplemap_adff$2083.$logic_not$/usr/bin/../share/yosys/ice40/cells_map.v:22$23277 ($logic_not).
Mapping SOC.$techmap$techmap23302$auto$simplemap.cc:496:simplemap_adff$1876.$logic_not$/usr/bin/../share/yosys/ice40/cells_map.v:12$23273 ($logic_not).
Mapping SOC.$techmap$techmap23311$auto$simplemap.cc:496:simplemap_adff$1872.$logic_not$/usr/bin/../share/yosys/ice40/cells_map.v:12$23273 ($logic_not).
Mapping SOC.$techmap$techmap23741$auto$simplemap.cc:496:simplemap_adff$1887.$logic_not$/usr/bin/../share/yosys/ice40/cells_map.v:12$23273 ($logic_not).
Mapping SOC.$techmap$techmap23739$auto$simplemap.cc:496:simplemap_adff$1883.$logic_not$/usr/bin/../share/yosys/ice40/cells_map.v:12$23273 ($logic_not).
Mapping SOC.$techmap$techmap23738$auto$simplemap.cc:496:simplemap_adff$2077.$logic_not$/usr/bin/../share/yosys/ice40/cells_map.v:22$23277 ($logic_not).
Mapping SOC.$techmap$techmap23736$auto$simplemap.cc:496:simplemap_adff$1885.$logic_not$/usr/bin/../share/yosys/ice40/cells_map.v:12$23273 ($logic_not).
Mapping SOC.$techmap$techmap23735$auto$simplemap.cc:496:simplemap_adff$2021.$logic_not$/usr/bin/../share/yosys/ice40/cells_map.v:12$23273 ($logic_not).
Mapping SOC.$techmap$techmap23751$auto$simplemap.cc:496:simplemap_adff$2000.$logic_not$/usr/bin/../share/yosys/ice40/cells_map.v:22$23277 ($logic_not).
Mapping SOC.$techmap$techmap23740$auto$simplemap.cc:496:simplemap_adff$1882.$logic_not$/usr/bin/../share/yosys/ice40/cells_map.v:12$23273 ($logic_not).
Mapping SOC.$techmap$techmap23640$auto$simplemap.cc:496:simplemap_adff$2080.$logic_not$/usr/bin/../share/yosys/ice40/cells_map.v:22$23277 ($logic_not).
Mapping SOC.$techmap$techmap23610$auto$simplemap.cc:496:simplemap_adff$2855.$logic_not$/usr/bin/../share/yosys/ice40/cells_map.v:22$23277 ($logic_not).
Mapping SOC.$techmap$techmap23627$auto$simplemap.cc:496:simplemap_adff$2074.$logic_not$/usr/bin/../share/yosys/ice40/cells_map.v:22$23277 ($logic_not).
Mapping SOC.$techmap$techmap23636$auto$simplemap.cc:496:simplemap_adff$2015.$logic_not$/usr/bin/../share/yosys/ice40/cells_map.v:12$23273 ($logic_not).
Mapping SOC.$techmap$techmap23618$auto$simplemap.cc:496:simplemap_adff$1981.$logic_not$/usr/bin/../share/yosys/ice40/cells_map.v:22$23277 ($logic_not).
Mapping SOC.$techmap$techmap23702$auto$simplemap.cc:496:simplemap_adff$1989.$logic_not$/usr/bin/../share/yosys/ice40/cells_map.v:22$23277 ($logic_not).
Mapping SOC.$techmap$techmap23722$auto$simplemap.cc:496:simplemap_adff$2060.$logic_not$/usr/bin/../share/yosys/ice40/cells_map.v:22$23277 ($logic_not).
Mapping SOC.$techmap$techmap23617$auto$simplemap.cc:496:simplemap_adff$2061.$logic_not$/usr/bin/../share/yosys/ice40/cells_map.v:22$23277 ($logic_not).
Mapping SOC.$techmap$techmap23535$auto$simplemap.cc:496:simplemap_adff$2878.$logic_not$/usr/bin/../share/yosys/ice40/cells_map.v:22$23277 ($logic_not).
Mapping SOC.$techmap$techmap23752$auto$simplemap.cc:496:simplemap_adff$1886.$logic_not$/usr/bin/../share/yosys/ice40/cells_map.v:12$23273 ($logic_not).
Mapping SOC.$techmap$techmap23699$auto$simplemap.cc:496:simplemap_adff$2063.$logic_not$/usr/bin/../share/yosys/ice40/cells_map.v:22$23277 ($logic_not).
Mapping SOC.$techmap$techmap23759$auto$simplemap.cc:496:simplemap_adff$2064.$logic_not$/usr/bin/../share/yosys/ice40/cells_map.v:22$23277 ($logic_not).
Mapping SOC.$techmap$techmap23745$auto$simplemap.cc:496:simplemap_adff$2009.$logic_not$/usr/bin/../share/yosys/ice40/cells_map.v:12$23273 ($logic_not).
Mapping SOC.$techmap$techmap23697$auto$simplemap.cc:496:simplemap_adff$2018.$logic_not$/usr/bin/../share/yosys/ice40/cells_map.v:12$23273 ($logic_not).
Mapping SOC.$techmap$techmap23701$auto$simplemap.cc:496:simplemap_adff$2017.$logic_not$/usr/bin/../share/yosys/ice40/cells_map.v:12$23273 ($logic_not).
Mapping SOC.$techmap$techmap23753$auto$simplemap.cc:496:simplemap_adff$1983.$logic_not$/usr/bin/../share/yosys/ice40/cells_map.v:22$23277 ($logic_not).
Mapping SOC.$techmap$techmap23663$auto$simplemap.cc:496:simplemap_adff$2069.$logic_not$/usr/bin/../share/yosys/ice40/cells_map.v:22$23277 ($logic_not).
Mapping SOC.$techmap$techmap23634$auto$simplemap.cc:496:simplemap_adff$2003.$logic_not$/usr/bin/../share/yosys/ice40/cells_map.v:12$23273 ($logic_not).
Mapping SOC.$techmap$techmap23760$auto$simplemap.cc:496:simplemap_adff$1986.$logic_not$/usr/bin/../share/yosys/ice40/cells_map.v:22$23277 ($logic_not).
Mapping SOC.$techmap$techmap23778$auto$simplemap.cc:496:simplemap_adff$1985.$logic_not$/usr/bin/../share/yosys/ice40/cells_map.v:22$23277 ($logic_not).
Mapping SOC.$techmap$techmap23630$auto$simplemap.cc:496:simplemap_adff$2012.$logic_not$/usr/bin/../share/yosys/ice40/cells_map.v:12$23273 ($logic_not).
Mapping SOC.$techmap$techmap23637$auto$simplemap.cc:496:simplemap_adff$1977.$logic_not$/usr/bin/../share/yosys/ice40/cells_map.v:22$23277 ($logic_not).
Mapping SOC.$techmap$techmap23297$auto$simplemap.cc:496:simplemap_adff$2268.$logic_not$/usr/bin/../share/yosys/ice40/cells_map.v:22$23277 ($logic_not).
Mapping SOC.$techmap$techmap23638$auto$simplemap.cc:496:simplemap_adff$1996.$logic_not$/usr/bin/../share/yosys/ice40/cells_map.v:22$23277 ($logic_not).
Mapping SOC.$techmap$techmap23622$auto$simplemap.cc:496:simplemap_adff$2082.$logic_not$/usr/bin/../share/yosys/ice40/cells_map.v:22$23277 ($logic_not).
Mapping SOC.$techmap$techmap23633$auto$simplemap.cc:496:simplemap_adff$2073.$logic_not$/usr/bin/../share/yosys/ice40/cells_map.v:22$23277 ($logic_not).
Mapping SOC.$techmap$techmap23779$auto$simplemap.cc:496:simplemap_adff$1994.$logic_not$/usr/bin/../share/yosys/ice40/cells_map.v:22$23277 ($logic_not).
Mapping SOC.$techmap$techmap23625$auto$simplemap.cc:496:simplemap_adff$2045.$logic_not$/usr/bin/../share/yosys/ice40/cells_map.v:22$23277 ($logic_not).
Mapping SOC.$techmap$techmap23619$auto$simplemap.cc:496:simplemap_adff$1978.$logic_not$/usr/bin/../share/yosys/ice40/cells_map.v:22$23277 ($logic_not).
Mapping SOC.$techmap$techmap23611$auto$simplemap.cc:496:simplemap_adff$1975.$logic_not$/usr/bin/../share/yosys/ice40/cells_map.v:22$23277 ($logic_not).
Mapping SOC.$techmap$techmap23652$auto$simplemap.cc:496:simplemap_adff$2079.$logic_not$/usr/bin/../share/yosys/ice40/cells_map.v:22$23277 ($logic_not).
Mapping SOC.$techmap$techmap23744$auto$simplemap.cc:496:simplemap_adff$1999.$logic_not$/usr/bin/../share/yosys/ice40/cells_map.v:12$23273 ($logic_not).
Mapping SOC.$techmap$techmap23653$auto$simplemap.cc:496:simplemap_adff$2008.$logic_not$/usr/bin/../share/yosys/ice40/cells_map.v:12$23273 ($logic_not).
Mapping SOC.$techmap$techmap23631$auto$simplemap.cc:496:simplemap_adff$1995.$logic_not$/usr/bin/../share/yosys/ice40/cells_map.v:22$23277 ($logic_not).
Mapping SOC.$techmap$techmap23629$auto$simplemap.cc:496:simplemap_adff$2051.$logic_not$/usr/bin/../share/yosys/ice40/cells_map.v:22$23277 ($logic_not).
Mapping SOC.$techmap$techmap23724$auto$simplemap.cc:496:simplemap_adff$2059.$logic_not$/usr/bin/../share/yosys/ice40/cells_map.v:22$23277 ($logic_not).
Mapping SOC.$techmap$techmap23655$auto$simplemap.cc:496:simplemap_adff$2078.$logic_not$/usr/bin/../share/yosys/ice40/cells_map.v:22$23277 ($logic_not).
Mapping SOC.$techmap$techmap23635$auto$simplemap.cc:496:simplemap_adff$1992.$logic_not$/usr/bin/../share/yosys/ice40/cells_map.v:22$23277 ($logic_not).
Mapping SOC.$techmap$techmap23727$auto$simplemap.cc:496:simplemap_adff$2057.$logic_not$/usr/bin/../share/yosys/ice40/cells_map.v:22$23277 ($logic_not).
Mapping SOC.$techmap$techmap23700$auto$simplemap.cc:496:simplemap_adff$1984.$logic_not$/usr/bin/../share/yosys/ice40/cells_map.v:22$23277 ($logic_not).
Mapping SOC.$techmap$techmap23696$auto$simplemap.cc:496:simplemap_adff$2020.$logic_not$/usr/bin/../share/yosys/ice40/cells_map.v:12$23273 ($logic_not).
Mapping SOC.$techmap$techmap23695$auto$simplemap.cc:496:simplemap_adff$2019.$logic_not$/usr/bin/../share/yosys/ice40/cells_map.v:12$23273 ($logic_not).
Mapping SOC.$techmap$techmap23734$auto$simplemap.cc:496:simplemap_adff$1881.$logic_not$/usr/bin/../share/yosys/ice40/cells_map.v:12$23273 ($logic_not).
Mapping SOC.$techmap$techmap23687$auto$simplemap.cc:496:simplemap_adff$2085.$logic_not$/usr/bin/../share/yosys/ice40/cells_map.v:22$23277 ($logic_not).
Mapping SOC.$techmap$techmap23624$auto$simplemap.cc:496:simplemap_adff$2081.$logic_not$/usr/bin/../share/yosys/ice40/cells_map.v:22$23277 ($logic_not).
Mapping SOC.$techmap$techmap23748$auto$simplemap.cc:496:simplemap_adff$2047.$logic_not$/usr/bin/../share/yosys/ice40/cells_map.v:22$23277 ($logic_not).
Mapping SOC.$techmap$techmap23747$auto$simplemap.cc:496:simplemap_adff$2048.$logic_not$/usr/bin/../share/yosys/ice40/cells_map.v:22$23277 ($logic_not).
Mapping SOC.$techmap$techmap23746$auto$simplemap.cc:496:simplemap_adff$1987.$logic_not$/usr/bin/../share/yosys/ice40/cells_map.v:22$23277 ($logic_not).
Mapping SOC.$techmap$techmap23728$auto$simplemap.cc:496:simplemap_adff$2016.$logic_not$/usr/bin/../share/yosys/ice40/cells_map.v:12$23273 ($logic_not).
Mapping SOC.$techmap$techmap23628$auto$simplemap.cc:496:simplemap_adff$1976.$logic_not$/usr/bin/../share/yosys/ice40/cells_map.v:22$23277 ($logic_not).
Mapping SOC.$techmap$techmap23620$auto$simplemap.cc:496:simplemap_adff$2006.$logic_not$/usr/bin/../share/yosys/ice40/cells_map.v:12$23273 ($logic_not).
Mapping SOC.$techmap$techmap23298$auto$simplemap.cc:496:simplemap_adff$1998.$logic_not$/usr/bin/../share/yosys/ice40/cells_map.v:22$23277 ($logic_not).
Mapping SOC.$techmap$techmap23720$auto$simplemap.cc:496:simplemap_adff$1997.$logic_not$/usr/bin/../share/yosys/ice40/cells_map.v:22$23277 ($logic_not).
Mapping SOC.$techmap$techmap23705$auto$simplemap.cc:496:simplemap_adff$2062.$logic_not$/usr/bin/../share/yosys/ice40/cells_map.v:22$23277 ($logic_not).
Mapping SOC.$techmap$techmap23726$auto$simplemap.cc:496:simplemap_adff$2058.$logic_not$/usr/bin/../share/yosys/ice40/cells_map.v:22$23277 ($logic_not).
Mapping SOC.$techmap$techmap23725$auto$simplemap.cc:496:simplemap_adff$2013.$logic_not$/usr/bin/../share/yosys/ice40/cells_map.v:12$23273 ($logic_not).
Mapping SOC.$techmap$techmap23723$auto$simplemap.cc:496:simplemap_adff$1980.$logic_not$/usr/bin/../share/yosys/ice40/cells_map.v:22$23277 ($logic_not).
Mapping SOC.$techmap$techmap23721$auto$simplemap.cc:496:simplemap_adff$2055.$logic_not$/usr/bin/../share/yosys/ice40/cells_map.v:22$23277 ($logic_not).
Mapping SOC.$techmap$techmap23616$auto$simplemap.cc:496:simplemap_adff$2222.$logic_not$/usr/bin/../share/yosys/ice40/cells_map.v:22$23277 ($logic_not).
Mapping SOC.$techmap$techmap23698$auto$simplemap.cc:496:simplemap_adff$1988.$logic_not$/usr/bin/../share/yosys/ice40/cells_map.v:22$23277 ($logic_not).
Mapping SOC.$techmap$techmap23755$auto$simplemap.cc:496:simplemap_adff$2076.$logic_not$/usr/bin/../share/yosys/ice40/cells_map.v:22$23277 ($logic_not).
Mapping SOC.$techmap$techmap23761$auto$simplemap.cc:496:simplemap_adff$1993.$logic_not$/usr/bin/../share/yosys/ice40/cells_map.v:22$23277 ($logic_not).
Mapping SOC.$techmap$techmap23661$auto$simplemap.cc:496:simplemap_adff$2070.$logic_not$/usr/bin/../share/yosys/ice40/cells_map.v:22$23277 ($logic_not).
Mapping SOC.$techmap$techmap23662$auto$simplemap.cc:496:simplemap_adff$2068.$logic_not$/usr/bin/../share/yosys/ice40/cells_map.v:22$23277 ($logic_not).
Mapping SOC.$techmap$techmap23660$auto$simplemap.cc:496:simplemap_adff$2728.$logic_not$/usr/bin/../share/yosys/ice40/cells_map.v:22$23277 ($logic_not).
Mapping SOC.$techmap$techmap23665$auto$simplemap.cc:496:simplemap_adff$2729.$logic_not$/usr/bin/../share/yosys/ice40/cells_map.v:22$23277 ($logic_not).
Mapping SOC.$techmap$techmap23632$auto$simplemap.cc:496:simplemap_adff$2011.$logic_not$/usr/bin/../share/yosys/ice40/cells_map.v:12$23273 ($logic_not).
Mapping SOC.$techmap$techmap23626$auto$simplemap.cc:496:simplemap_adff$2005.$logic_not$/usr/bin/../share/yosys/ice40/cells_map.v:12$23273 ($logic_not).
Mapping SOC.$techmap$techmap23756$auto$simplemap.cc:496:simplemap_adff$2065.$logic_not$/usr/bin/../share/yosys/ice40/cells_map.v:22$23277 ($logic_not).
Mapping SOC.$techmap$techmap23754$auto$simplemap.cc:496:simplemap_adff$1990.$logic_not$/usr/bin/../share/yosys/ice40/cells_map.v:22$23277 ($logic_not).
Mapping SOC.$techmap$techmap23737$auto$simplemap.cc:496:simplemap_adff$1884.$logic_not$/usr/bin/../share/yosys/ice40/cells_map.v:12$23273 ($logic_not).
Mapping SOC.$techmap$techmap23654$auto$simplemap.cc:496:simplemap_adff$2010.$logic_not$/usr/bin/../share/yosys/ice40/cells_map.v:12$23273 ($logic_not).
Mapping SOC.$techmap$techmap23651$auto$simplemap.cc:496:simplemap_adff$2250.$logic_not$/usr/bin/../share/yosys/ice40/cells_map.v:22$23277 ($logic_not).
Mapping SOC.$techmap$techmap23639$auto$simplemap.cc:496:simplemap_adff$2001.$logic_not$/usr/bin/../share/yosys/ice40/cells_map.v:12$23273 ($logic_not).
Mapping SOC.$techmap$techmap23623$auto$simplemap.cc:496:simplemap_adff$2002.$logic_not$/usr/bin/../share/yosys/ice40/cells_map.v:12$23273 ($logic_not).
Mapping SOC.$techmap$techmap23621$auto$simplemap.cc:496:simplemap_adff$2052.$logic_not$/usr/bin/../share/yosys/ice40/cells_map.v:22$23277 ($logic_not).
Mapping SOC.$techmap$techmap23300$auto$simplemap.cc:496:simplemap_adff$2084.$logic_not$/usr/bin/../share/yosys/ice40/cells_map.v:22$23277 ($logic_not).
Mapping SOC.$techmap$techmap23299$auto$simplemap.cc:496:simplemap_adff$2054.$logic_not$/usr/bin/../share/yosys/ice40/cells_map.v:22$23277 ($logic_not).
Mapping SOC.$techmap$techmap23686$auto$simplemap.cc:496:simplemap_adff$2071.$logic_not$/usr/bin/../share/yosys/ice40/cells_map.v:22$23277 ($logic_not).
Mapping SOC.$techmap$techmap23578$auto$simplemap.cc:496:simplemap_adff$2193.$logic_not$/usr/bin/../share/yosys/ice40/cells_map.v:12$23273 ($logic_not).
Mapping SOC.$techmap$techmap23574$auto$simplemap.cc:496:simplemap_adff$2197.$logic_not$/usr/bin/../share/yosys/ice40/cells_map.v:22$23277 ($logic_not).
Mapping SOC.$techmap$techmap23577$auto$simplemap.cc:496:simplemap_adff$2194.$logic_not$/usr/bin/../share/yosys/ice40/cells_map.v:12$23273 ($logic_not).
Mapping SOC.$techmap$techmap23576$auto$simplemap.cc:496:simplemap_adff$2196.$logic_not$/usr/bin/../share/yosys/ice40/cells_map.v:22$23277 ($logic_not).
Mapping SOC.$techmap$techmap23642$auto$simplemap.cc:496:simplemap_adff$2199.$logic_not$/usr/bin/../share/yosys/ice40/cells_map.v:22$23277 ($logic_not).
Mapping SOC.$techmap$techmap23575$auto$simplemap.cc:496:simplemap_adff$2192.$logic_not$/usr/bin/../share/yosys/ice40/cells_map.v:12$23273 ($logic_not).
Mapping SOC.$techmap$techmap23573$auto$simplemap.cc:496:simplemap_adff$2198.$logic_not$/usr/bin/../share/yosys/ice40/cells_map.v:22$23277 ($logic_not).
Mapping SOC.$techmap$techmap23572$auto$simplemap.cc:496:simplemap_adff$2200.$logic_not$/usr/bin/../share/yosys/ice40/cells_map.v:23$23278 ($logic_not).
Mapping SOC.$techmap$techmap23641$auto$simplemap.cc:496:simplemap_adff$1974.$logic_not$/usr/bin/../share/yosys/ice40/cells_map.v:12$23273 ($logic_not).
Mapping SOC.$techmap$techmap23571$auto$simplemap.cc:496:simplemap_adff$2201.$logic_not$/usr/bin/../share/yosys/ice40/cells_map.v:22$23277 ($logic_not).
Mapping SOC.$techmap$techmap23570$auto$simplemap.cc:496:simplemap_adff$2202.$logic_not$/usr/bin/../share/yosys/ice40/cells_map.v:22$23277 ($logic_not).
Mapping SOC.$techmap$techmap23569$auto$simplemap.cc:496:simplemap_adff$2203.$logic_not$/usr/bin/../share/yosys/ice40/cells_map.v:22$23277 ($logic_not).
Mapping SOC.$techmap$techmap23568$auto$simplemap.cc:496:simplemap_adff$2204.$logic_not$/usr/bin/../share/yosys/ice40/cells_map.v:22$23277 ($logic_not).
Mapping SOC.$techmap$techmap23567$auto$simplemap.cc:496:simplemap_adff$2207.$logic_not$/usr/bin/../share/yosys/ice40/cells_map.v:22$23277 ($logic_not).
Mapping SOC.$techmap$techmap23644$auto$simplemap.cc:496:simplemap_adff$2208.$logic_not$/usr/bin/../share/yosys/ice40/cells_map.v:22$23277 ($logic_not).
Mapping SOC.$techmap$techmap23645$auto$simplemap.cc:496:simplemap_adff$2205.$logic_not$/usr/bin/../share/yosys/ice40/cells_map.v:22$23277 ($logic_not).
Mapping SOC.$techmap$techmap23566$auto$simplemap.cc:496:simplemap_adff$2209.$logic_not$/usr/bin/../share/yosys/ice40/cells_map.v:22$23277 ($logic_not).
Mapping SOC.$techmap$techmap23643$auto$simplemap.cc:496:simplemap_adff$2195.$logic_not$/usr/bin/../share/yosys/ice40/cells_map.v:23$23278 ($logic_not).
Mapping SOC.$techmap$techmap23565$auto$simplemap.cc:496:simplemap_adff$2210.$logic_not$/usr/bin/../share/yosys/ice40/cells_map.v:22$23277 ($logic_not).
Mapping SOC.$techmap$techmap23564$auto$simplemap.cc:496:simplemap_adff$2211.$logic_not$/usr/bin/../share/yosys/ice40/cells_map.v:22$23277 ($logic_not).
Mapping SOC.$techmap$techmap23563$auto$simplemap.cc:496:simplemap_adff$2212.$logic_not$/usr/bin/../share/yosys/ice40/cells_map.v:22$23277 ($logic_not).
Mapping SOC.$techmap$techmap23562$auto$simplemap.cc:496:simplemap_adff$2238.$logic_not$/usr/bin/../share/yosys/ice40/cells_map.v:22$23277 ($logic_not).
Mapping SOC.$techmap$techmap23412$auto$simplemap.cc:496:simplemap_adff$2214.$logic_not$/usr/bin/../share/yosys/ice40/cells_map.v:22$23277 ($logic_not).
Mapping SOC.$techmap$techmap23411$auto$simplemap.cc:496:simplemap_adff$2215.$logic_not$/usr/bin/../share/yosys/ice40/cells_map.v:22$23277 ($logic_not).
Mapping SOC.$techmap$techmap23410$auto$simplemap.cc:496:simplemap_adff$2230.$logic_not$/usr/bin/../share/yosys/ice40/cells_map.v:22$23277 ($logic_not).
Mapping SOC.$techmap$techmap23646$auto$simplemap.cc:496:simplemap_adff$2206.$logic_not$/usr/bin/../share/yosys/ice40/cells_map.v:22$23277 ($logic_not).
Mapping SOC.$techmap$techmap23415$auto$simplemap.cc:496:simplemap_adff$2218.$logic_not$/usr/bin/../share/yosys/ice40/cells_map.v:22$23277 ($logic_not).
Mapping SOC.$techmap$techmap23414$auto$simplemap.cc:496:simplemap_adff$2234.$logic_not$/usr/bin/../share/yosys/ice40/cells_map.v:22$23277 ($logic_not).
Mapping SOC.$techmap$techmap23314$auto$simplemap.cc:496:simplemap_adff$2220.$logic_not$/usr/bin/../share/yosys/ice40/cells_map.v:22$23277 ($logic_not).
Mapping SOC.$techmap$techmap23313$auto$simplemap.cc:496:simplemap_adff$2221.$logic_not$/usr/bin/../share/yosys/ice40/cells_map.v:22$23277 ($logic_not).
Mapping SOC.$techmap$techmap23312$auto$simplemap.cc:496:simplemap_adff$1878.$logic_not$/usr/bin/../share/yosys/ice40/cells_map.v:12$23273 ($logic_not).
Mapping SOC.$techmap$techmap23615$auto$simplemap.cc:496:simplemap_adff$2223.$logic_not$/usr/bin/../share/yosys/ice40/cells_map.v:22$23277 ($logic_not).
Mapping SOC.$techmap$techmap23614$auto$simplemap.cc:496:simplemap_adff$2224.$logic_not$/usr/bin/../share/yosys/ice40/cells_map.v:22$23277 ($logic_not).
Mapping SOC.$techmap$techmap23613$auto$simplemap.cc:496:simplemap_adff$2232.$logic_not$/usr/bin/../share/yosys/ice40/cells_map.v:22$23277 ($logic_not).
Mapping SOC.$techmap$techmap23281$auto$simplemap.cc:496:simplemap_adff$2229.$logic_not$/usr/bin/../share/yosys/ice40/cells_map.v:22$23277 ($logic_not).
Mapping SOC.$techmap$techmap23421$auto$simplemap.cc:496:simplemap_adff$2233.$logic_not$/usr/bin/../share/yosys/ice40/cells_map.v:22$23277 ($logic_not).
Mapping SOC.$techmap$techmap23419$auto$simplemap.cc:496:simplemap_adff$2236.$logic_not$/usr/bin/../share/yosys/ice40/cells_map.v:22$23277 ($logic_not).
Mapping SOC.$techmap$techmap23417$auto$simplemap.cc:496:simplemap_adff$2235.$logic_not$/usr/bin/../share/yosys/ice40/cells_map.v:22$23277 ($logic_not).
Mapping SOC.$techmap$techmap23280$auto$simplemap.cc:496:simplemap_adff$2237.$logic_not$/usr/bin/../share/yosys/ice40/cells_map.v:22$23277 ($logic_not).
Mapping SOC.$techmap$techmap23612$auto$simplemap.cc:496:simplemap_adff$2007.$logic_not$/usr/bin/../share/yosys/ice40/cells_map.v:12$23273 ($logic_not).
Mapping SOC.$techmap$techmap23420$auto$simplemap.cc:496:simplemap_adff$2227.$logic_not$/usr/bin/../share/yosys/ice40/cells_map.v:22$23277 ($logic_not).
Mapping SOC.$techmap$techmap23413$auto$simplemap.cc:496:simplemap_adff$2213.$logic_not$/usr/bin/../share/yosys/ice40/cells_map.v:22$23277 ($logic_not).
Mapping SOC.$techmap$techmap23416$auto$simplemap.cc:496:simplemap_adff$2217.$logic_not$/usr/bin/../share/yosys/ice40/cells_map.v:22$23277 ($logic_not).
Mapping SOC.$techmap$techmap23418$auto$simplemap.cc:496:simplemap_adff$2228.$logic_not$/usr/bin/../share/yosys/ice40/cells_map.v:22$23277 ($logic_not).
Mapping SOC.$techmap$techmap23279$auto$simplemap.cc:496:simplemap_adff$2231.$logic_not$/usr/bin/../share/yosys/ice40/cells_map.v:22$23277 ($logic_not).
Mapping SOC.$techmap$techmap23561$auto$simplemap.cc:496:simplemap_adff$2239.$logic_not$/usr/bin/../share/yosys/ice40/cells_map.v:22$23277 ($logic_not).
Mapping SOC.$techmap$techmap23560$auto$simplemap.cc:496:simplemap_adff$2240.$logic_not$/usr/bin/../share/yosys/ice40/cells_map.v:22$23277 ($logic_not).
Mapping SOC.$techmap$techmap23559$auto$simplemap.cc:496:simplemap_adff$2241.$logic_not$/usr/bin/../share/yosys/ice40/cells_map.v:22$23277 ($logic_not).
Mapping SOC.$techmap$techmap23558$auto$simplemap.cc:496:simplemap_adff$2242.$logic_not$/usr/bin/../share/yosys/ice40/cells_map.v:22$23277 ($logic_not).
Mapping SOC.$techmap$techmap23557$auto$simplemap.cc:496:simplemap_adff$2243.$logic_not$/usr/bin/../share/yosys/ice40/cells_map.v:22$23277 ($logic_not).
Mapping SOC.$techmap$techmap23556$auto$simplemap.cc:496:simplemap_adff$2244.$logic_not$/usr/bin/../share/yosys/ice40/cells_map.v:22$23277 ($logic_not).
Mapping SOC.$techmap$techmap23555$auto$simplemap.cc:496:simplemap_adff$2245.$logic_not$/usr/bin/../share/yosys/ice40/cells_map.v:22$23277 ($logic_not).
Mapping SOC.$techmap$techmap23554$auto$simplemap.cc:496:simplemap_adff$2246.$logic_not$/usr/bin/../share/yosys/ice40/cells_map.v:22$23277 ($logic_not).
Mapping SOC.$techmap$techmap23553$auto$simplemap.cc:496:simplemap_adff$2249.$logic_not$/usr/bin/../share/yosys/ice40/cells_map.v:22$23277 ($logic_not).
Mapping SOC.$techmap$techmap23648$auto$simplemap.cc:496:simplemap_adff$2248.$logic_not$/usr/bin/../share/yosys/ice40/cells_map.v:22$23277 ($logic_not).
Mapping SOC.$techmap$techmap23647$auto$simplemap.cc:496:simplemap_adff$2216.$logic_not$/usr/bin/../share/yosys/ice40/cells_map.v:22$23277 ($logic_not).
Mapping SOC.$techmap$techmap23552$auto$simplemap.cc:496:simplemap_adff$2251.$logic_not$/usr/bin/../share/yosys/ice40/cells_map.v:22$23277 ($logic_not).
Mapping SOC.$techmap$techmap23650$auto$simplemap.cc:496:simplemap_adff$2256.$logic_not$/usr/bin/../share/yosys/ice40/cells_map.v:22$23277 ($logic_not).
Mapping SOC.$techmap$techmap23551$auto$simplemap.cc:496:simplemap_adff$2252.$logic_not$/usr/bin/../share/yosys/ice40/cells_map.v:22$23277 ($logic_not).
Mapping SOC.$techmap$techmap23550$auto$simplemap.cc:496:simplemap_adff$2253.$logic_not$/usr/bin/../share/yosys/ice40/cells_map.v:22$23277 ($logic_not).
Mapping SOC.$techmap$techmap23549$auto$simplemap.cc:496:simplemap_adff$2254.$logic_not$/usr/bin/../share/yosys/ice40/cells_map.v:22$23277 ($logic_not).
Mapping SOC.$techmap$techmap23548$auto$simplemap.cc:496:simplemap_adff$2255.$logic_not$/usr/bin/../share/yosys/ice40/cells_map.v:22$23277 ($logic_not).
Mapping SOC.$techmap$techmap23547$auto$simplemap.cc:496:simplemap_adff$2257.$logic_not$/usr/bin/../share/yosys/ice40/cells_map.v:22$23277 ($logic_not).
Mapping SOC.$techmap$techmap23649$auto$simplemap.cc:496:simplemap_adff$2247.$logic_not$/usr/bin/../share/yosys/ice40/cells_map.v:12$23273 ($logic_not).
Mapping SOC.$techmap$techmap23546$auto$simplemap.cc:496:simplemap_adff$2258.$logic_not$/usr/bin/../share/yosys/ice40/cells_map.v:22$23277 ($logic_not).
Mapping SOC.$techmap$techmap23545$auto$simplemap.cc:496:simplemap_adff$2259.$logic_not$/usr/bin/../share/yosys/ice40/cells_map.v:22$23277 ($logic_not).
Mapping SOC.$techmap$techmap23544$auto$simplemap.cc:496:simplemap_adff$2260.$logic_not$/usr/bin/../share/yosys/ice40/cells_map.v:22$23277 ($logic_not).
Mapping SOC.$techmap$techmap23543$auto$simplemap.cc:496:simplemap_adff$2261.$logic_not$/usr/bin/../share/yosys/ice40/cells_map.v:22$23277 ($logic_not).
Mapping SOC.$techmap$techmap23542$auto$simplemap.cc:496:simplemap_adff$2262.$logic_not$/usr/bin/../share/yosys/ice40/cells_map.v:22$23277 ($logic_not).
Mapping SOC.$techmap$techmap23541$auto$simplemap.cc:496:simplemap_adff$2263.$logic_not$/usr/bin/../share/yosys/ice40/cells_map.v:22$23277 ($logic_not).
Mapping SOC.$techmap$techmap23540$auto$simplemap.cc:496:simplemap_adff$2264.$logic_not$/usr/bin/../share/yosys/ice40/cells_map.v:22$23277 ($logic_not).
Mapping SOC.$techmap$techmap23539$auto$simplemap.cc:496:simplemap_adff$2265.$logic_not$/usr/bin/../share/yosys/ice40/cells_map.v:22$23277 ($logic_not).
Mapping SOC.$techmap$techmap23538$auto$simplemap.cc:496:simplemap_adff$2266.$logic_not$/usr/bin/../share/yosys/ice40/cells_map.v:22$23277 ($logic_not).
Mapping SOC.$techmap$techmap23537$auto$simplemap.cc:496:simplemap_adff$2267.$logic_not$/usr/bin/../share/yosys/ice40/cells_map.v:22$23277 ($logic_not).
Mapping SOC.$techmap$techmap23536$auto$simplemap.cc:496:simplemap_adff$1982.$logic_not$/usr/bin/../share/yosys/ice40/cells_map.v:22$23277 ($logic_not).
Mapping SOC.$techmap$techmap23296$auto$simplemap.cc:496:simplemap_adff$2269.$logic_not$/usr/bin/../share/yosys/ice40/cells_map.v:22$23277 ($logic_not).
Mapping SOC.$techmap$techmap23295$auto$simplemap.cc:496:simplemap_adff$2270.$logic_not$/usr/bin/../share/yosys/ice40/cells_map.v:22$23277 ($logic_not).
Mapping SOC.$techmap$techmap23294$auto$simplemap.cc:496:simplemap_adff$2271.$logic_not$/usr/bin/../share/yosys/ice40/cells_map.v:22$23277 ($logic_not).
Mapping SOC.$techmap$techmap23293$auto$simplemap.cc:496:simplemap_adff$2272.$logic_not$/usr/bin/../share/yosys/ice40/cells_map.v:22$23277 ($logic_not).
Mapping SOC.$techmap$techmap23292$auto$simplemap.cc:496:simplemap_adff$2273.$logic_not$/usr/bin/../share/yosys/ice40/cells_map.v:22$23277 ($logic_not).
Mapping SOC.$techmap$techmap23291$auto$simplemap.cc:496:simplemap_adff$2275.$logic_not$/usr/bin/../share/yosys/ice40/cells_map.v:22$23277 ($logic_not).
Mapping SOC.$techmap$techmap23283$auto$simplemap.cc:496:simplemap_adff$2282.$logic_not$/usr/bin/../share/yosys/ice40/cells_map.v:22$23277 ($logic_not).
Mapping SOC.$techmap$techmap23290$auto$simplemap.cc:496:simplemap_adff$2276.$logic_not$/usr/bin/../share/yosys/ice40/cells_map.v:22$23277 ($logic_not).
Mapping SOC.$techmap$techmap23289$auto$simplemap.cc:496:simplemap_adff$2277.$logic_not$/usr/bin/../share/yosys/ice40/cells_map.v:22$23277 ($logic_not).
Mapping SOC.$techmap$techmap23288$auto$simplemap.cc:496:simplemap_adff$2278.$logic_not$/usr/bin/../share/yosys/ice40/cells_map.v:22$23277 ($logic_not).
Mapping SOC.$techmap$techmap23287$auto$simplemap.cc:496:simplemap_adff$2279.$logic_not$/usr/bin/../share/yosys/ice40/cells_map.v:22$23277 ($logic_not).
Mapping SOC.$techmap$techmap23286$auto$simplemap.cc:496:simplemap_adff$2280.$logic_not$/usr/bin/../share/yosys/ice40/cells_map.v:22$23277 ($logic_not).
Mapping SOC.$techmap$techmap23285$auto$simplemap.cc:496:simplemap_adff$2281.$logic_not$/usr/bin/../share/yosys/ice40/cells_map.v:22$23277 ($logic_not).
Mapping SOC.$techmap$techmap23284$auto$simplemap.cc:496:simplemap_adff$2274.$logic_not$/usr/bin/../share/yosys/ice40/cells_map.v:22$23277 ($logic_not).
Mapping SOC.$techmap$techmap23282$auto$simplemap.cc:496:simplemap_adff$2225.$logic_not$/usr/bin/../share/yosys/ice40/cells_map.v:22$23277 ($logic_not).
Mapping SOC.$techmap$techmap23659$auto$simplemap.cc:496:simplemap_adff$2731.$logic_not$/usr/bin/../share/yosys/ice40/cells_map.v:12$23273 ($logic_not).
Mapping SOC.$techmap$techmap23664$auto$simplemap.cc:496:simplemap_adff$1991.$logic_not$/usr/bin/../share/yosys/ice40/cells_map.v:22$23277 ($logic_not).
Mapping SOC.$techmap$techmap23666$auto$simplemap.cc:496:simplemap_adff$2072.$logic_not$/usr/bin/../share/yosys/ice40/cells_map.v:22$23277 ($logic_not).
Mapping SOC.$techmap$techmap23658$auto$simplemap.cc:496:simplemap_adff$2732.$logic_not$/usr/bin/../share/yosys/ice40/cells_map.v:12$23273 ($logic_not).
Mapping SOC.$techmap$techmap23657$auto$simplemap.cc:496:simplemap_adff$2810.$logic_not$/usr/bin/../share/yosys/ice40/cells_map.v:22$23277 ($logic_not).
Mapping SOC.$techmap$techmap23671$auto$simplemap.cc:496:simplemap_adff$2775.$logic_not$/usr/bin/../share/yosys/ice40/cells_map.v:22$23277 ($logic_not).
Mapping SOC.$techmap$techmap23506$auto$simplemap.cc:496:simplemap_adff$2777.$logic_not$/usr/bin/../share/yosys/ice40/cells_map.v:22$23277 ($logic_not).
Mapping SOC.$techmap$techmap23505$auto$simplemap.cc:496:simplemap_adff$2778.$logic_not$/usr/bin/../share/yosys/ice40/cells_map.v:22$23277 ($logic_not).
Mapping SOC.$techmap$techmap23504$auto$simplemap.cc:496:simplemap_adff$2887.$logic_not$/usr/bin/../share/yosys/ice40/cells_map.v:22$23277 ($logic_not).
Mapping SOC.$techmap$techmap23502$auto$simplemap.cc:496:simplemap_adff$2780.$logic_not$/usr/bin/../share/yosys/ice40/cells_map.v:22$23277 ($logic_not).
Mapping SOC.$techmap$techmap23501$auto$simplemap.cc:496:simplemap_adff$2781.$logic_not$/usr/bin/../share/yosys/ice40/cells_map.v:22$23277 ($logic_not).
Mapping SOC.$techmap$techmap23500$auto$simplemap.cc:496:simplemap_adff$2782.$logic_not$/usr/bin/../share/yosys/ice40/cells_map.v:22$23277 ($logic_not).
Mapping SOC.$techmap$techmap23499$auto$simplemap.cc:496:simplemap_adff$2783.$logic_not$/usr/bin/../share/yosys/ice40/cells_map.v:22$23277 ($logic_not).
Mapping SOC.$techmap$techmap23498$auto$simplemap.cc:496:simplemap_adff$2785.$logic_not$/usr/bin/../share/yosys/ice40/cells_map.v:22$23277 ($logic_not).
Mapping SOC.$techmap$techmap23672$auto$simplemap.cc:496:simplemap_adff$2774.$logic_not$/usr/bin/../share/yosys/ice40/cells_map.v:22$23277 ($logic_not).
Mapping SOC.$techmap$techmap23497$auto$simplemap.cc:496:simplemap_adff$2786.$logic_not$/usr/bin/../share/yosys/ice40/cells_map.v:22$23277 ($logic_not).
Mapping SOC.$techmap$techmap23496$auto$simplemap.cc:496:simplemap_adff$2787.$logic_not$/usr/bin/../share/yosys/ice40/cells_map.v:22$23277 ($logic_not).
Mapping SOC.$techmap$techmap23495$auto$simplemap.cc:496:simplemap_adff$2788.$logic_not$/usr/bin/../share/yosys/ice40/cells_map.v:22$23277 ($logic_not).
Mapping SOC.$techmap$techmap23494$auto$simplemap.cc:496:simplemap_adff$2789.$logic_not$/usr/bin/../share/yosys/ice40/cells_map.v:22$23277 ($logic_not).
Mapping SOC.$techmap$techmap23493$auto$simplemap.cc:496:simplemap_adff$2790.$logic_not$/usr/bin/../share/yosys/ice40/cells_map.v:22$23277 ($logic_not).
Mapping SOC.$techmap$techmap23492$auto$simplemap.cc:496:simplemap_adff$2791.$logic_not$/usr/bin/../share/yosys/ice40/cells_map.v:22$23277 ($logic_not).
Mapping SOC.$techmap$techmap23491$auto$simplemap.cc:496:simplemap_adff$2792.$logic_not$/usr/bin/../share/yosys/ice40/cells_map.v:22$23277 ($logic_not).
Mapping SOC.$techmap$techmap23490$auto$simplemap.cc:496:simplemap_adff$2793.$logic_not$/usr/bin/../share/yosys/ice40/cells_map.v:22$23277 ($logic_not).
Mapping SOC.$techmap$techmap23489$auto$simplemap.cc:496:simplemap_adff$2794.$logic_not$/usr/bin/../share/yosys/ice40/cells_map.v:22$23277 ($logic_not).
Mapping SOC.$techmap$techmap23488$auto$simplemap.cc:496:simplemap_adff$2795.$logic_not$/usr/bin/../share/yosys/ice40/cells_map.v:22$23277 ($logic_not).
Mapping SOC.$techmap$techmap23487$auto$simplemap.cc:496:simplemap_adff$2796.$logic_not$/usr/bin/../share/yosys/ice40/cells_map.v:22$23277 ($logic_not).
Mapping SOC.$techmap$techmap23486$auto$simplemap.cc:496:simplemap_adff$2797.$logic_not$/usr/bin/../share/yosys/ice40/cells_map.v:22$23277 ($logic_not).
Mapping SOC.$techmap$techmap23485$auto$simplemap.cc:496:simplemap_adff$2798.$logic_not$/usr/bin/../share/yosys/ice40/cells_map.v:22$23277 ($logic_not).
Mapping SOC.$techmap$techmap23484$auto$simplemap.cc:496:simplemap_adff$2799.$logic_not$/usr/bin/../share/yosys/ice40/cells_map.v:22$23277 ($logic_not).
Mapping SOC.$techmap$techmap23374$auto$simplemap.cc:496:simplemap_adff$2803.$logic_not$/usr/bin/../share/yosys/ice40/cells_map.v:22$23277 ($logic_not).
Mapping SOC.$techmap$techmap23377$auto$simplemap.cc:496:simplemap_adff$2802.$logic_not$/usr/bin/../share/yosys/ice40/cells_map.v:22$23277 ($logic_not).
Mapping SOC.$techmap$techmap23373$auto$simplemap.cc:496:simplemap_adff$2804.$logic_not$/usr/bin/../share/yosys/ice40/cells_map.v:22$23277 ($logic_not).
Mapping SOC.$techmap$techmap23372$auto$simplemap.cc:496:simplemap_adff$2807.$logic_not$/usr/bin/../share/yosys/ice40/cells_map.v:22$23277 ($logic_not).
Mapping SOC.$techmap$techmap23371$auto$simplemap.cc:496:simplemap_adff$2808.$logic_not$/usr/bin/../share/yosys/ice40/cells_map.v:12$23273 ($logic_not).
Mapping SOC.$techmap$techmap23656$auto$simplemap.cc:496:simplemap_adff$2014.$logic_not$/usr/bin/../share/yosys/ice40/cells_map.v:12$23273 ($logic_not).
Mapping SOC.$techmap$techmap23675$auto$simplemap.cc:496:simplemap_adff$2809.$logic_not$/usr/bin/../share/yosys/ice40/cells_map.v:12$23273 ($logic_not).
Mapping SOC.$techmap$techmap23677$auto$simplemap.cc:496:simplemap_adff$2813.$logic_not$/usr/bin/../share/yosys/ice40/cells_map.v:12$23273 ($logic_not).
Mapping SOC.$techmap$techmap23676$auto$simplemap.cc:496:simplemap_adff$2811.$logic_not$/usr/bin/../share/yosys/ice40/cells_map.v:22$23277 ($logic_not).
Mapping SOC.$techmap$techmap23309$auto$simplemap.cc:496:simplemap_adff$2850.$logic_not$/usr/bin/../share/yosys/ice40/cells_map.v:22$23277 ($logic_not).
Mapping SOC.$techmap$techmap23308$auto$simplemap.cc:496:simplemap_adff$2851.$logic_not$/usr/bin/../share/yosys/ice40/cells_map.v:22$23277 ($logic_not).
Mapping SOC.$techmap$techmap23307$auto$simplemap.cc:496:simplemap_adff$2852.$logic_not$/usr/bin/../share/yosys/ice40/cells_map.v:22$23277 ($logic_not).
Mapping SOC.$techmap$techmap23306$auto$simplemap.cc:496:simplemap_adff$2853.$logic_not$/usr/bin/../share/yosys/ice40/cells_map.v:22$23277 ($logic_not).
Mapping SOC.$techmap$techmap23305$auto$simplemap.cc:496:simplemap_adff$2854.$logic_not$/usr/bin/../share/yosys/ice40/cells_map.v:22$23277 ($logic_not).
Mapping SOC.$techmap$techmap23304$auto$simplemap.cc:496:simplemap_adff$1875.$logic_not$/usr/bin/../share/yosys/ice40/cells_map.v:12$23273 ($logic_not).
Mapping SOC.$techmap$techmap23609$auto$simplemap.cc:496:simplemap_adff$2857.$logic_not$/usr/bin/../share/yosys/ice40/cells_map.v:22$23277 ($logic_not).
Mapping SOC.$techmap$techmap23608$auto$simplemap.cc:496:simplemap_adff$2858.$logic_not$/usr/bin/../share/yosys/ice40/cells_map.v:22$23277 ($logic_not).
Mapping SOC.$techmap$techmap23607$auto$simplemap.cc:496:simplemap_adff$2859.$logic_not$/usr/bin/../share/yosys/ice40/cells_map.v:22$23277 ($logic_not).
Mapping SOC.$techmap$techmap23606$auto$simplemap.cc:496:simplemap_adff$2860.$logic_not$/usr/bin/../share/yosys/ice40/cells_map.v:22$23277 ($logic_not).
Mapping SOC.$techmap$techmap23605$auto$simplemap.cc:496:simplemap_adff$2861.$logic_not$/usr/bin/../share/yosys/ice40/cells_map.v:22$23277 ($logic_not).
Mapping SOC.$techmap$techmap23604$auto$simplemap.cc:496:simplemap_adff$2862.$logic_not$/usr/bin/../share/yosys/ice40/cells_map.v:22$23277 ($logic_not).
Mapping SOC.$techmap$techmap23603$auto$simplemap.cc:496:simplemap_adff$2863.$logic_not$/usr/bin/../share/yosys/ice40/cells_map.v:22$23277 ($logic_not).
Mapping SOC.$techmap$techmap23602$auto$simplemap.cc:496:simplemap_adff$2864.$logic_not$/usr/bin/../share/yosys/ice40/cells_map.v:22$23277 ($logic_not).
Mapping SOC.$techmap$techmap23601$auto$simplemap.cc:496:simplemap_adff$2865.$logic_not$/usr/bin/../share/yosys/ice40/cells_map.v:22$23277 ($logic_not).
Mapping SOC.$techmap$techmap23600$auto$simplemap.cc:496:simplemap_adff$2866.$logic_not$/usr/bin/../share/yosys/ice40/cells_map.v:22$23277 ($logic_not).
Mapping SOC.$techmap$techmap23599$auto$simplemap.cc:496:simplemap_adff$2867.$logic_not$/usr/bin/../share/yosys/ice40/cells_map.v:22$23277 ($logic_not).
Mapping SOC.$techmap$techmap23598$auto$simplemap.cc:496:simplemap_adff$2868.$logic_not$/usr/bin/../share/yosys/ice40/cells_map.v:22$23277 ($logic_not).
Mapping SOC.$techmap$techmap23597$auto$simplemap.cc:496:simplemap_adff$2869.$logic_not$/usr/bin/../share/yosys/ice40/cells_map.v:22$23277 ($logic_not).
Mapping SOC.$techmap$techmap23596$auto$simplemap.cc:496:simplemap_adff$2870.$logic_not$/usr/bin/../share/yosys/ice40/cells_map.v:22$23277 ($logic_not).
Mapping SOC.$techmap$techmap23595$auto$simplemap.cc:496:simplemap_adff$2871.$logic_not$/usr/bin/../share/yosys/ice40/cells_map.v:22$23277 ($logic_not).
Mapping SOC.$techmap$techmap23594$auto$simplemap.cc:496:simplemap_adff$2872.$logic_not$/usr/bin/../share/yosys/ice40/cells_map.v:22$23277 ($logic_not).
Mapping SOC.$techmap$techmap23593$auto$simplemap.cc:496:simplemap_adff$2873.$logic_not$/usr/bin/../share/yosys/ice40/cells_map.v:22$23277 ($logic_not).
Mapping SOC.$techmap$techmap23592$auto$simplemap.cc:496:simplemap_adff$2874.$logic_not$/usr/bin/../share/yosys/ice40/cells_map.v:22$23277 ($logic_not).
Mapping SOC.$techmap$techmap23591$auto$simplemap.cc:496:simplemap_adff$2875.$logic_not$/usr/bin/../share/yosys/ice40/cells_map.v:22$23277 ($logic_not).
Mapping SOC.$techmap$techmap23590$auto$simplemap.cc:496:simplemap_adff$2876.$logic_not$/usr/bin/../share/yosys/ice40/cells_map.v:22$23277 ($logic_not).
Mapping SOC.$techmap$techmap23589$auto$simplemap.cc:496:simplemap_adff$2877.$logic_not$/usr/bin/../share/yosys/ice40/cells_map.v:22$23277 ($logic_not).
Mapping SOC.$techmap$techmap23682$auto$simplemap.cc:496:simplemap_adff$2888.$logic_not$/usr/bin/../share/yosys/ice40/cells_map.v:22$23277 ($logic_not).
Mapping SOC.$techmap$techmap23503$auto$simplemap.cc:496:simplemap_adff$2779.$logic_not$/usr/bin/../share/yosys/ice40/cells_map.v:22$23277 ($logic_not).
Mapping SOC.$techmap$techmap23681$auto$simplemap.cc:496:simplemap_adff$2856.$logic_not$/usr/bin/../share/yosys/ice40/cells_map.v:22$23277 ($logic_not).
Mapping SOC.$techmap$techmap23683$auto$simplemap.cc:496:simplemap_adff$2882.$logic_not$/usr/bin/../share/yosys/ice40/cells_map.v:22$23277 ($logic_not).
Mapping SOC.$techmap$techmap23688$auto$simplemap.cc:496:simplemap_adff$2022.$logic_not$/usr/bin/../share/yosys/ice40/cells_map.v:12$23273 ($logic_not).
Mapping SOC.$techmap$techmap23422$auto$simplemap.cc:496:simplemap_adff$2226.$logic_not$/usr/bin/../share/yosys/ice40/cells_map.v:22$23277 ($logic_not).
Mapping SOC.$techmap$techmap23375$auto$simplemap.cc:496:simplemap_adff$2800.$logic_not$/usr/bin/../share/yosys/ice40/cells_map.v:22$23277 ($logic_not).
Mapping SOC.$techmap$techmap23378$auto$simplemap.cc:496:simplemap_adff$2801.$logic_not$/usr/bin/../share/yosys/ice40/cells_map.v:22$23277 ($logic_not).
Mapping SOC.$techmap$techmap23579$auto$simplemap.cc:496:simplemap_adff$2191.$logic_not$/usr/bin/../share/yosys/ice40/cells_map.v:12$23273 ($logic_not).
Mapping SOC.$techmap$techmap23706$auto$simplemap.cc:496:simplemap_adff$2056.$logic_not$/usr/bin/../share/yosys/ice40/cells_map.v:22$23277 ($logic_not).
Mapping SOC.$techmap$techmap23765$auto$simplemap.cc:496:simplemap_adff$1873.$logic_not$/usr/bin/../share/yosys/ice40/cells_map.v:12$23273 ($logic_not).
Mapping SOC.$techmap$techmap23767$auto$simplemap.cc:496:simplemap_adff$1874.$logic_not$/usr/bin/../share/yosys/ice40/cells_map.v:12$23273 ($logic_not).
Mapping SOC.$techmap$techmap23762$auto$simplemap.cc:496:simplemap_adff$2067.$logic_not$/usr/bin/../share/yosys/ice40/cells_map.v:22$23277 ($logic_not).
Mapping SOC.$techmap$techmap23770$auto$simplemap.cc:496:simplemap_adff$2053.$logic_not$/usr/bin/../share/yosys/ice40/cells_map.v:22$23277 ($logic_not).

9.37. Executing ICE40_FFINIT pass (implement FF init values).
Handling FF init values in SOC.
FF init value for cell $auto$simplemap.cc:496:simplemap_adff$2085 (SB_DFFER): \dtm.dr_shift [40] = 0
FF init value for cell $auto$simplemap.cc:496:simplemap_adff$2071 (SB_DFFER): \dtm.dr_shift [26] = 0
FF init value for cell $auto$simplemap.cc:496:simplemap_adff$2072 (SB_DFFER): \dtm.dr_shift [27] = 0
FF init value for cell $auto$simplemap.cc:496:simplemap_adff$1887 (SB_DFFR): \CW.reset_cnt [15] = 0
FF init value for cell $auto$simplemap.cc:496:simplemap_adff$1882 (SB_DFFR): \CW.reset_cnt [10] = 0
FF init value for cell $auto$simplemap.cc:496:simplemap_adff$1883 (SB_DFFR): \CW.reset_cnt [11] = 0
FF init value for cell $auto$simplemap.cc:496:simplemap_adff$2077 (SB_DFFER): \dtm.dr_shift [32] = 0
FF init value for cell $auto$simplemap.cc:496:simplemap_adff$2050 (SB_DFFER): \dtm.dr_shift [5] = 0
FF init value for cell $auto$simplemap.cc:496:simplemap_adff$2057 (SB_DFFER): \dtm.dr_shift [12] = 0
FF init value for cell $auto$simplemap.cc:496:simplemap_adff$2058 (SB_DFFER): \dtm.dr_shift [13] = 0
FF init value for cell $auto$simplemap.cc:496:simplemap_adff$2060 (SB_DFFER): \dtm.dr_shift [15] = 0
FF init value for cell $auto$simplemap.cc:496:simplemap_adff$2067 (SB_DFFER): \dtm.dr_shift [22] = 0
FF init value for cell $auto$simplemap.cc:496:simplemap_adff$2066 (SB_DFFER): \dtm.dr_shift [21] = 0
FF init value for cell $auto$simplemap.cc:496:simplemap_adff$2083 (SB_DFFER): \dtm.dr_shift [38] = 0
FF init value for cell $auto$simplemap.cc:496:simplemap_adff$1876 (SB_DFFR): \CW.reset_cnt [4] = 0
FF init value for cell $auto$simplemap.cc:496:simplemap_adff$2261 (SB_DFFER): \dtm.dmi_rdata_reg [11] = 0
FF init value for cell $auto$simplemap.cc:496:simplemap_adff$2268 (SB_DFFER): \dtm.dmi_rdata_reg [18] = 0
FF init value for cell $auto$simplemap.cc:496:simplemap_adff$2069 (SB_DFFER): \dtm.dr_shift [24] = 0
FF init value for cell $auto$simplemap.cc:496:simplemap_adff$2068 (SB_DFFER): \dtm.dr_shift [23] = 0
FF init value for cell $auto$simplemap.cc:496:simplemap_adff$2264 (SB_DFFER): \dtm.dmi_rdata_reg [14] = 0
FF init value for cell $auto$simplemap.cc:496:simplemap_adff$2063 (SB_DFFER): \dtm.dr_shift [18] = 0
FF init value for cell $auto$simplemap.cc:496:simplemap_adff$2048 (SB_DFFER): \dtm.dr_shift [3] = 0
FF init value for cell $auto$simplemap.cc:496:simplemap_adff$2046 (SB_DFFER): \dtm.dr_shift [1] = 0
FF init value for cell $auto$simplemap.cc:496:simplemap_adff$2047 (SB_DFFER): \dtm.dr_shift [2] = 0
FF init value for cell $auto$simplemap.cc:496:simplemap_adff$2075 (SB_DFFER): \dtm.dr_shift [30] = 0
FF init value for cell $auto$simplemap.cc:496:simplemap_adff$2064 (SB_DFFER): \dtm.dr_shift [19] = 0
FF init value for cell $auto$simplemap.cc:496:simplemap_adff$2065 (SB_DFFER): \dtm.dr_shift [20] = 0
FF init value for cell $auto$simplemap.cc:496:simplemap_adff$2076 (SB_DFFER): \dtm.dr_shift [31] = 0
FF init value for cell $auto$simplemap.cc:496:simplemap_adff$1886 (SB_DFFR): \CW.reset_cnt [14] = 0
FF init value for cell $auto$simplemap.cc:496:simplemap_adff$2059 (SB_DFFER): \dtm.dr_shift [14] = 0
FF init value for cell $auto$simplemap.cc:496:simplemap_adff$1880 (SB_DFFR): \CW.reset_cnt [8] = 0
FF init value for cell $auto$simplemap.cc:496:simplemap_adff$2056 (SB_DFFER): \dtm.dr_shift [11] = 0
FF init value for cell $auto$simplemap.cc:496:simplemap_adff$2266 (SB_DFFER): \dtm.dmi_rdata_reg [16] = 0
FF init value for cell $auto$simplemap.cc:496:simplemap_adff$2262 (SB_DFFER): \dtm.dmi_rdata_reg [12] = 0
FF init value for cell $auto$simplemap.cc:496:simplemap_adff$2227 (SB_DFFER): \dtm.dmi_wdata [19] = 0
FF init value for cell $auto$simplemap.cc:496:simplemap_adff$2263 (SB_DFFER): \dtm.dmi_rdata_reg [13] = 0
FF init value for cell $auto$simplemap.cc:496:simplemap_adff$2265 (SB_DFFER): \dtm.dmi_rdata_reg [15] = 0
FF init value for cell $auto$simplemap.cc:496:simplemap_adff$2260 (SB_DFFER): \dtm.dmi_rdata_reg [10] = 0
FF init value for cell $auto$simplemap.cc:496:simplemap_adff$2259 (SB_DFFER): \dtm.dmi_rdata_reg [9] = 0
FF init value for cell $auto$simplemap.cc:496:simplemap_adff$2258 (SB_DFFER): \dtm.dmi_rdata_reg [8] = 0
FF init value for cell $auto$simplemap.cc:496:simplemap_adff$2257 (SB_DFFER): \dtm.dmi_rdata_reg [7] = 0
FF init value for cell $auto$simplemap.cc:496:simplemap_adff$2255 (SB_DFFER): \dtm.dmi_rdata_reg [5] = 0
FF init value for cell $auto$simplemap.cc:496:simplemap_adff$2254 (SB_DFFER): \dtm.dmi_rdata_reg [4] = 0
FF init value for cell $auto$simplemap.cc:496:simplemap_adff$2253 (SB_DFFER): \dtm.dmi_rdata_reg [3] = 0
FF init value for cell $auto$simplemap.cc:496:simplemap_adff$2252 (SB_DFFER): \dtm.dmi_rdata_reg [2] = 0
FF init value for cell $auto$simplemap.cc:496:simplemap_adff$2251 (SB_DFFER): \dtm.dmi_rdata_reg [1] = 0
FF init value for cell $auto$simplemap.cc:496:simplemap_adff$2246 (SB_DFFER): \dtm.dmi_addr [6] = 0
FF init value for cell $auto$simplemap.cc:496:simplemap_adff$2245 (SB_DFFER): \dtm.dmi_addr [5] = 0
FF init value for cell $auto$simplemap.cc:496:simplemap_adff$2244 (SB_DFFER): \dtm.dmi_addr [4] = 0
FF init value for cell $auto$simplemap.cc:496:simplemap_adff$2243 (SB_DFFER): \dtm.dmi_addr [3] = 0
FF init value for cell $auto$simplemap.cc:496:simplemap_adff$2242 (SB_DFFER): \dtm.dmi_addr [2] = 0
FF init value for cell $auto$simplemap.cc:496:simplemap_adff$2241 (SB_DFFER): \dtm.dmi_addr [1] = 0
FF init value for cell $auto$simplemap.cc:496:simplemap_adff$2240 (SB_DFFER): \dtm.dmi_addr [0] = 0
FF init value for cell $auto$simplemap.cc:496:simplemap_adff$2239 (SB_DFFER): \dtm.dmi_wdata [31] = 0
FF init value for cell $auto$simplemap.cc:496:simplemap_adff$2238 (SB_DFFER): \dtm.dmi_wdata [30] = 0
FF init value for cell $auto$simplemap.cc:496:simplemap_adff$2212 (SB_DFFER): \dtm.dmi_wdata [4] = 0
FF init value for cell $auto$simplemap.cc:496:simplemap_adff$2211 (SB_DFFER): \dtm.dmi_wdata [3] = 0
FF init value for cell $auto$simplemap.cc:496:simplemap_adff$2210 (SB_DFFER): \dtm.dmi_wdata [2] = 0
FF init value for cell $auto$simplemap.cc:496:simplemap_adff$2209 (SB_DFFER): \dtm.dmi_wdata [1] = 0
FF init value for cell $auto$simplemap.cc:496:simplemap_adff$2207 (SB_DFFER): \dtm.dmi_op [1] = 0
FF init value for cell $auto$simplemap.cc:496:simplemap_adff$2204 (SB_DFFER): \dtm.ir [4] = 0
FF init value for cell $auto$simplemap.cc:496:simplemap_adff$2203 (SB_DFFER): \dtm.ir [3] = 0
FF init value for cell $auto$simplemap.cc:496:simplemap_adff$2202 (SB_DFFER): \dtm.ir [2] = 0
FF init value for cell $auto$simplemap.cc:496:simplemap_adff$2201 (SB_DFFER): \dtm.ir [1] = 0
FF init value for cell $auto$simplemap.cc:496:simplemap_adff$2200 (SB_DFFES): \dtm.ir [0] = 0
FF init value for cell $auto$simplemap.cc:496:simplemap_adff$2198 (SB_DFFER): \dtm.ir_shift [3] = 0
FF init value for cell $auto$simplemap.cc:496:simplemap_adff$2197 (SB_DFFER): \dtm.ir_shift [2] = 0
FF init value for cell $auto$simplemap.cc:496:simplemap_adff$2192 (SB_DFFR): \dtm.state [1] = 0
FF init value for cell $auto$simplemap.cc:496:simplemap_adff$2196 (SB_DFFER): \dtm.ir_shift [1] = 0
FF init value for cell $auto$simplemap.cc:496:simplemap_adff$2194 (SB_DFFR): \dtm.state [3] = 0
FF init value for cell $auto$simplemap.cc:496:simplemap_adff$2191 (SB_DFFR): \dtm.state [0] = 0
FF init value for cell $auto$simplemap.cc:496:simplemap_adff$2249 (SB_DFFER): \dtm.dmi_resp_reg [1] = 0
FF init value for cell $auto$simplemap.cc:496:simplemap_adff$2232 (SB_DFFER): \dtm.dmi_wdata [24] = 0
FF init value for cell $auto$simplemap.cc:496:simplemap_adff$2081 (SB_DFFER): \dtm.dr_shift [36] = 0
FF init value for cell $auto$simplemap.cc:496:simplemap_adff$2224 (SB_DFFER): \dtm.dmi_wdata [16] = 0
FF init value for cell $auto$simplemap.cc:496:simplemap_adff$2223 (SB_DFFER): \dtm.dmi_wdata [15] = 0
FF init value for cell $auto$simplemap.cc:496:simplemap_adff$2222 (SB_DFFER): \dtm.dmi_wdata [14] = 0
FF init value for cell $auto$simplemap.cc:496:simplemap_adff$2193 (SB_DFFR): \dtm.state [2] = 0
FF init value for cell $auto$simplemap.cc:496:simplemap_adff$2061 (SB_DFFER): \dtm.dr_shift [16] = 0
FF init value for cell $auto$simplemap.cc:496:simplemap_adff$2052 (SB_DFFER): \dtm.dr_shift [7] = 0
FF init value for cell $auto$simplemap.cc:496:simplemap_adff$2082 (SB_DFFER): \dtm.dr_shift [37] = 0
FF init value for cell $auto$simplemap.cc:496:simplemap_adff$2045 (SB_DFFER): \dtm.dr_shift [0] = 0
FF init value for cell $auto$simplemap.cc:496:simplemap_adff$2074 (SB_DFFER): \dtm.dr_shift [29] = 0
FF init value for cell $auto$simplemap.cc:496:simplemap_adff$2073 (SB_DFFER): \dtm.dr_shift [28] = 0
FF init value for cell $auto$simplemap.cc:496:simplemap_adff$2080 (SB_DFFER): \dtm.dr_shift [35] = 0
FF init value for cell $auto$simplemap.cc:496:simplemap_adff$2199 (SB_DFFER): \dtm.ir_shift [4] = 0
FF init value for cell $auto$simplemap.cc:496:simplemap_adff$2205 (SB_DFFER): \dtm.bypass_bit = 0
FF init value for cell $auto$simplemap.cc:496:simplemap_adff$2206 (SB_DFFER): \dtm.dmi_op [0] = 0
FF init value for cell $auto$simplemap.cc:496:simplemap_adff$2216 (SB_DFFER): \dtm.dmi_wdata [8] = 0
FF init value for cell $auto$simplemap.cc:496:simplemap_adff$2256 (SB_DFFER): \dtm.dmi_rdata_reg [6] = 0
FF init value for cell $auto$simplemap.cc:496:simplemap_adff$2248 (SB_DFFER): \dtm.dmi_resp_reg [0] = 0
FF init value for cell $auto$simplemap.cc:496:simplemap_adff$2079 (SB_DFFER): \dtm.dr_shift [34] = 0
FF init value for cell $auto$simplemap.cc:496:simplemap_adff$2247 (SB_DFFR): \dtm.dmi_valid = 0
FF init value for cell $auto$simplemap.cc:496:simplemap_adff$2250 (SB_DFFER): \dtm.dmi_rdata_reg [0] = 0
FF init value for cell $auto$simplemap.cc:496:simplemap_adff$2078 (SB_DFFER): \dtm.dr_shift [33] = 0
FF init value for cell $auto$simplemap.cc:496:simplemap_adff$2070 (SB_DFFER): \dtm.dr_shift [25] = 0
FF init value for cell $auto$simplemap.cc:496:simplemap_adff$2267 (SB_DFFER): \dtm.dmi_rdata_reg [17] = 0
FF init value for cell $auto$simplemap.cc:496:simplemap_adff$2236 (SB_DFFER): \dtm.dmi_wdata [28] = 0
FF init value for cell $auto$simplemap.cc:496:simplemap_adff$2233 (SB_DFFER): \dtm.dmi_wdata [25] = 0
FF init value for cell $auto$simplemap.cc:496:simplemap_adff$2226 (SB_DFFER): \dtm.dmi_wdata [18] = 0
FF init value for cell $auto$simplemap.cc:496:simplemap_adff$2051 (SB_DFFER): \dtm.dr_shift [6] = 0
FF init value for cell $auto$simplemap.cc:496:simplemap_adff$2208 (SB_DFFER): \dtm.dmi_wdata [0] = 0
FF init value for cell $auto$simplemap.cc:496:simplemap_adff$2195 (SB_DFFES): \dtm.ir_shift [0] = 0
FF init value for cell $auto$simplemap.cc:496:simplemap_adff$2214 (SB_DFFER): \dtm.dmi_wdata [6] = 0
FF init value for cell $auto$simplemap.cc:496:simplemap_adff$2213 (SB_DFFER): \dtm.dmi_wdata [5] = 0
FF init value for cell $auto$simplemap.cc:496:simplemap_adff$2234 (SB_DFFER): \dtm.dmi_wdata [26] = 0
FF init value for cell $auto$simplemap.cc:496:simplemap_adff$2218 (SB_DFFER): \dtm.dmi_wdata [10] = 0
FF init value for cell $auto$simplemap.cc:496:simplemap_adff$2217 (SB_DFFER): \dtm.dmi_wdata [9] = 0
FF init value for cell $auto$simplemap.cc:496:simplemap_adff$2235 (SB_DFFER): \dtm.dmi_wdata [27] = 0
FF init value for cell $auto$simplemap.cc:496:simplemap_adff$2228 (SB_DFFER): \dtm.dmi_wdata [20] = 0
FF init value for cell $auto$simplemap.cc:496:simplemap_adff$1879 (SB_DFFR): \CW.reset_cnt [7] = 0
FF init value for cell $auto$simplemap.cc:496:simplemap_adff$1885 (SB_DFFR): \CW.reset_cnt [13] = 0
FF init value for cell $auto$simplemap.cc:496:simplemap_adff$1881 (SB_DFFR): \CW.reset_cnt [9] = 0
FF init value for cell $auto$simplemap.cc:496:simplemap_adff$1884 (SB_DFFR): \CW.reset_cnt [12] = 0
FF init value for cell $auto$simplemap.cc:496:simplemap_adff$2062 (SB_DFFER): \dtm.dr_shift [17] = 0
FF init value for cell $auto$simplemap.cc:496:simplemap_adff$2055 (SB_DFFER): \dtm.dr_shift [10] = 0
FF init value for cell $auto$simplemap.cc:496:simplemap_adff$2231 (SB_DFFER): \dtm.dmi_wdata [23] = 0
FF init value for cell $auto$simplemap.cc:496:simplemap_adff$2237 (SB_DFFER): \dtm.dmi_wdata [29] = 0
FF init value for cell $auto$simplemap.cc:496:simplemap_adff$2229 (SB_DFFER): \dtm.dmi_wdata [21] = 0
FF init value for cell $auto$simplemap.cc:496:simplemap_adff$2279 (SB_DFFER): \dtm.dmi_rdata_reg [29] = 0
FF init value for cell $auto$simplemap.cc:496:simplemap_adff$2225 (SB_DFFER): \dtm.dmi_wdata [17] = 0
FF init value for cell $auto$simplemap.cc:496:simplemap_adff$2281 (SB_DFFER): \dtm.dmi_rdata_reg [31] = 0
FF init value for cell $auto$simplemap.cc:496:simplemap_adff$2278 (SB_DFFER): \dtm.dmi_rdata_reg [28] = 0
FF init value for cell $auto$simplemap.cc:496:simplemap_adff$2276 (SB_DFFER): \dtm.dmi_rdata_reg [26] = 0
FF init value for cell $auto$simplemap.cc:496:simplemap_adff$2270 (SB_DFFER): \dtm.dmi_rdata_reg [20] = 0
FF init value for cell $auto$simplemap.cc:496:simplemap_adff$2273 (SB_DFFER): \dtm.dmi_rdata_reg [23] = 0
FF init value for cell $auto$simplemap.cc:496:simplemap_adff$2272 (SB_DFFER): \dtm.dmi_rdata_reg [22] = 0
FF init value for cell $auto$simplemap.cc:496:simplemap_adff$2271 (SB_DFFER): \dtm.dmi_rdata_reg [21] = 0
FF init value for cell $auto$simplemap.cc:496:simplemap_adff$2269 (SB_DFFER): \dtm.dmi_rdata_reg [19] = 0
FF init value for cell $auto$simplemap.cc:496:simplemap_adff$2054 (SB_DFFER): \dtm.dr_shift [9] = 0
FF init value for cell $auto$simplemap.cc:496:simplemap_adff$2084 (SB_DFFER): \dtm.dr_shift [39] = 0
FF init value for cell $auto$simplemap.cc:496:simplemap_adff$1877 (SB_DFFR): \CW.reset_cnt [5] = 0
FF init value for cell $auto$simplemap.cc:496:simplemap_adff$1875 (SB_DFFR): \CW.reset_cnt [3] = 0
FF init value for cell $auto$simplemap.cc:496:simplemap_adff$1878 (SB_DFFR): \CW.reset_cnt [6] = 0
FF init value for cell $auto$simplemap.cc:496:simplemap_adff$1872 (SB_DFFR): \CW.reset_cnt [0] = 0
FF init value for cell $auto$simplemap.cc:496:simplemap_adff$2221 (SB_DFFER): \dtm.dmi_wdata [13] = 0
FF init value for cell $auto$simplemap.cc:496:simplemap_adff$2220 (SB_DFFER): \dtm.dmi_wdata [12] = 0
FF init value for cell $auto$simplemap.cc:496:simplemap_adff$2219 (SB_DFFER): \dtm.dmi_wdata [11] = 0
FF init value for cell $auto$simplemap.cc:496:simplemap_adff$2049 (SB_DFFER): \dtm.dr_shift [4] = 0
FF init value for cell $auto$simplemap.cc:496:simplemap_adff$2230 (SB_DFFER): \dtm.dmi_wdata [22] = 0
FF init value for cell $auto$simplemap.cc:496:simplemap_adff$2215 (SB_DFFER): \dtm.dmi_wdata [7] = 0
FF init value for cell $auto$simplemap.cc:496:simplemap_adff$2274 (SB_DFFER): \dtm.dmi_rdata_reg [24] = 0
FF init value for cell $auto$simplemap.cc:496:simplemap_adff$2280 (SB_DFFER): \dtm.dmi_rdata_reg [30] = 0
FF init value for cell $auto$simplemap.cc:496:simplemap_adff$2277 (SB_DFFER): \dtm.dmi_rdata_reg [27] = 0
FF init value for cell $auto$simplemap.cc:496:simplemap_adff$2275 (SB_DFFER): \dtm.dmi_rdata_reg [25] = 0
FF init value for cell $auto$simplemap.cc:496:simplemap_adff$1873 (SB_DFFR): \CW.reset_cnt [1] = 0
FF init value for cell $auto$simplemap.cc:496:simplemap_adff$1874 (SB_DFFR): \CW.reset_cnt [2] = 0
FF init value for cell $auto$simplemap.cc:496:simplemap_adff$2053 (SB_DFFER): \dtm.dr_shift [8] = 0
FF init value for cell $auto$simplemap.cc:420:simplemap_dff$4617 (SB_DFFE): \CPU.state [1] = 0
FF init value for cell $auto$simplemap.cc:420:simplemap_dff$4616 (SB_DFFE): \CPU.state [0] = 0
FF init value for cell $auto$simplemap.cc:420:simplemap_dff$4618 (SB_DFFE): \CPU.state [2] = 0
FF init value for cell $auto$simplemap.cc:420:simplemap_dff$4651 (SB_DFFE): \CPU.PC [0] = 0
FF init value for cell $auto$simplemap.cc:420:simplemap_dff$4652 (SB_DFFE): \CPU.PC [1] = 0
FF init value for cell $auto$simplemap.cc:420:simplemap_dff$4653 (SB_DFFE): \CPU.PC [2] = 0
FF init value for cell $auto$simplemap.cc:420:simplemap_dff$4654 (SB_DFFE): \CPU.PC [3] = 0
FF init value for cell $auto$simplemap.cc:420:simplemap_dff$4655 (SB_DFFE): \CPU.PC [4] = 0
FF init value for cell $auto$simplemap.cc:420:simplemap_dff$4656 (SB_DFFE): \CPU.PC [5] = 0
FF init value for cell $auto$simplemap.cc:420:simplemap_dff$4657 (SB_DFFE): \CPU.PC [6] = 0
FF init value for cell $auto$simplemap.cc:420:simplemap_dff$4658 (SB_DFFE): \CPU.PC [7] = 0
FF init value for cell $auto$simplemap.cc:420:simplemap_dff$4660 (SB_DFFE): \CPU.PC [9] = 0
FF init value for cell $auto$simplemap.cc:420:simplemap_dff$4661 (SB_DFFE): \CPU.PC [10] = 0
FF init value for cell $auto$simplemap.cc:420:simplemap_dff$4662 (SB_DFFE): \CPU.PC [11] = 0
FF init value for cell $auto$simplemap.cc:420:simplemap_dff$4663 (SB_DFFE): \CPU.PC [12] = 0
FF init value for cell $auto$simplemap.cc:420:simplemap_dff$4664 (SB_DFFE): \CPU.PC [13] = 0
FF init value for cell $auto$simplemap.cc:420:simplemap_dff$4665 (SB_DFFE): \CPU.PC [14] = 0
FF init value for cell $auto$simplemap.cc:420:simplemap_dff$4666 (SB_DFFE): \CPU.PC [15] = 0
FF init value for cell $auto$simplemap.cc:420:simplemap_dff$4667 (SB_DFFE): \CPU.PC [16] = 0
FF init value for cell $auto$simplemap.cc:420:simplemap_dff$4668 (SB_DFFE): \CPU.PC [17] = 0
FF init value for cell $auto$simplemap.cc:420:simplemap_dff$4669 (SB_DFFE): \CPU.PC [18] = 0
FF init value for cell $auto$simplemap.cc:420:simplemap_dff$4670 (SB_DFFE): \CPU.PC [19] = 0
FF init value for cell $auto$simplemap.cc:420:simplemap_dff$4671 (SB_DFFE): \CPU.PC [20] = 0
FF init value for cell $auto$simplemap.cc:420:simplemap_dff$4672 (SB_DFFE): \CPU.PC [21] = 0
FF init value for cell $auto$simplemap.cc:420:simplemap_dff$4673 (SB_DFFE): \CPU.PC [22] = 0
FF init value for cell $auto$simplemap.cc:420:simplemap_dff$4674 (SB_DFFE): \CPU.PC [23] = 0
FF init value for cell $auto$simplemap.cc:420:simplemap_dff$4675 (SB_DFFE): \CPU.PC [24] = 0
FF init value for cell $auto$simplemap.cc:420:simplemap_dff$4676 (SB_DFFE): \CPU.PC [25] = 0
FF init value for cell $auto$simplemap.cc:420:simplemap_dff$4677 (SB_DFFE): \CPU.PC [26] = 0
FF init value for cell $auto$simplemap.cc:420:simplemap_dff$4678 (SB_DFFE): \CPU.PC [27] = 0
FF init value for cell $auto$simplemap.cc:420:simplemap_dff$4679 (SB_DFFE): \CPU.PC [28] = 0
FF init value for cell $auto$simplemap.cc:420:simplemap_dff$4680 (SB_DFFE): \CPU.PC [29] = 0
FF init value for cell $auto$simplemap.cc:420:simplemap_dff$4681 (SB_DFFE): \CPU.PC [30] = 0
FF init value for cell $auto$simplemap.cc:420:simplemap_dff$4682 (SB_DFFE): \CPU.PC [31] = 0
FF init value for cell $auto$simplemap.cc:420:simplemap_dff$4659 (SB_DFFE): \CPU.PC [8] = 0

9.38. Executing ICE40_FFSSR pass (merge synchronous set/reset into FF cells).
Merging set/reset $_MUX_ cells into SB_FFs in SOC.
  Merging $auto$simplemap.cc:277:simplemap_mux$5608 (A=$techmap\CPU.$procmux$849_Y [1], B=1'0, S=\adapter.reset_req) into $auto$simplemap.cc:420:simplemap_dff$4617 (SB_DFFE).
  Merging $auto$simplemap.cc:277:simplemap_mux$5607 (A=$techmap\CPU.$procmux$849_Y [0], B=1'0, S=\adapter.reset_req) into $auto$simplemap.cc:420:simplemap_dff$4616 (SB_DFFE).
  Merging $auto$simplemap.cc:277:simplemap_mux$5609 (A=$techmap\CPU.$procmux$849_Y [2], B=1'0, S=\adapter.reset_req) into $auto$simplemap.cc:420:simplemap_dff$4618 (SB_DFFE).
  Merging $auto$simplemap.cc:277:simplemap_mux$5350 (A=$techmap\CPU.$procmux$909_Y [0], B=1'0, S=\adapter.reset_req) into $auto$simplemap.cc:420:simplemap_dff$4651 (SB_DFFE).
  Merging $auto$simplemap.cc:277:simplemap_mux$5351 (A=$techmap\CPU.$procmux$909_Y [1], B=1'0, S=\adapter.reset_req) into $auto$simplemap.cc:420:simplemap_dff$4652 (SB_DFFE).
  Merging $auto$simplemap.cc:277:simplemap_mux$5352 (A=$techmap\CPU.$procmux$909_Y [2], B=1'0, S=\adapter.reset_req) into $auto$simplemap.cc:420:simplemap_dff$4653 (SB_DFFE).
  Merging $auto$simplemap.cc:277:simplemap_mux$5353 (A=$techmap\CPU.$procmux$909_Y [3], B=1'0, S=\adapter.reset_req) into $auto$simplemap.cc:420:simplemap_dff$4654 (SB_DFFE).
  Merging $auto$simplemap.cc:277:simplemap_mux$5354 (A=$techmap\CPU.$procmux$909_Y [4], B=1'0, S=\adapter.reset_req) into $auto$simplemap.cc:420:simplemap_dff$4655 (SB_DFFE).
  Merging $auto$simplemap.cc:277:simplemap_mux$5355 (A=$techmap\CPU.$procmux$909_Y [5], B=1'0, S=\adapter.reset_req) into $auto$simplemap.cc:420:simplemap_dff$4656 (SB_DFFE).
  Merging $auto$simplemap.cc:277:simplemap_mux$5356 (A=$techmap\CPU.$procmux$909_Y [6], B=1'0, S=\adapter.reset_req) into $auto$simplemap.cc:420:simplemap_dff$4657 (SB_DFFE).
  Merging $auto$simplemap.cc:277:simplemap_mux$5357 (A=$techmap\CPU.$procmux$909_Y [7], B=1'0, S=\adapter.reset_req) into $auto$simplemap.cc:420:simplemap_dff$4658 (SB_DFFE).
  Merging $auto$simplemap.cc:277:simplemap_mux$5359 (A=$techmap\CPU.$procmux$909_Y [9], B=1'0, S=\adapter.reset_req) into $auto$simplemap.cc:420:simplemap_dff$4660 (SB_DFFE).
  Merging $auto$simplemap.cc:277:simplemap_mux$5360 (A=$techmap\CPU.$procmux$909_Y [10], B=1'0, S=\adapter.reset_req) into $auto$simplemap.cc:420:simplemap_dff$4661 (SB_DFFE).
  Merging $auto$simplemap.cc:277:simplemap_mux$5361 (A=$techmap\CPU.$procmux$909_Y [11], B=1'0, S=\adapter.reset_req) into $auto$simplemap.cc:420:simplemap_dff$4662 (SB_DFFE).
  Merging $auto$simplemap.cc:277:simplemap_mux$5362 (A=$techmap\CPU.$procmux$909_Y [12], B=1'0, S=\adapter.reset_req) into $auto$simplemap.cc:420:simplemap_dff$4663 (SB_DFFE).
  Merging $auto$simplemap.cc:277:simplemap_mux$5363 (A=$techmap\CPU.$procmux$909_Y [13], B=1'0, S=\adapter.reset_req) into $auto$simplemap.cc:420:simplemap_dff$4664 (SB_DFFE).
  Merging $auto$simplemap.cc:277:simplemap_mux$5364 (A=$techmap\CPU.$procmux$909_Y [14], B=1'0, S=\adapter.reset_req) into $auto$simplemap.cc:420:simplemap_dff$4665 (SB_DFFE).
  Merging $auto$simplemap.cc:277:simplemap_mux$5365 (A=$techmap\CPU.$procmux$909_Y [15], B=1'0, S=\adapter.reset_req) into $auto$simplemap.cc:420:simplemap_dff$4666 (SB_DFFE).
  Merging $auto$simplemap.cc:277:simplemap_mux$5366 (A=$techmap\CPU.$procmux$909_Y [16], B=1'0, S=\adapter.reset_req) into $auto$simplemap.cc:420:simplemap_dff$4667 (SB_DFFE).
  Merging $auto$simplemap.cc:277:simplemap_mux$5367 (A=$techmap\CPU.$procmux$909_Y [17], B=1'0, S=\adapter.reset_req) into $auto$simplemap.cc:420:simplemap_dff$4668 (SB_DFFE).
  Merging $auto$simplemap.cc:277:simplemap_mux$5368 (A=$techmap\CPU.$procmux$909_Y [18], B=1'0, S=\adapter.reset_req) into $auto$simplemap.cc:420:simplemap_dff$4669 (SB_DFFE).
  Merging $auto$simplemap.cc:277:simplemap_mux$5369 (A=$techmap\CPU.$procmux$909_Y [19], B=1'0, S=\adapter.reset_req) into $auto$simplemap.cc:420:simplemap_dff$4670 (SB_DFFE).
  Merging $auto$simplemap.cc:277:simplemap_mux$5370 (A=$techmap\CPU.$procmux$909_Y [20], B=1'0, S=\adapter.reset_req) into $auto$simplemap.cc:420:simplemap_dff$4671 (SB_DFFE).
  Merging $auto$simplemap.cc:277:simplemap_mux$5371 (A=$techmap\CPU.$procmux$909_Y [21], B=1'0, S=\adapter.reset_req) into $auto$simplemap.cc:420:simplemap_dff$4672 (SB_DFFE).
  Merging $auto$simplemap.cc:277:simplemap_mux$5372 (A=$techmap\CPU.$procmux$909_Y [22], B=1'0, S=\adapter.reset_req) into $auto$simplemap.cc:420:simplemap_dff$4673 (SB_DFFE).
  Merging $auto$simplemap.cc:277:simplemap_mux$5373 (A=$techmap\CPU.$procmux$909_Y [23], B=1'0, S=\adapter.reset_req) into $auto$simplemap.cc:420:simplemap_dff$4674 (SB_DFFE).
  Merging $auto$simplemap.cc:277:simplemap_mux$5374 (A=$techmap\CPU.$procmux$909_Y [24], B=1'0, S=\adapter.reset_req) into $auto$simplemap.cc:420:simplemap_dff$4675 (SB_DFFE).
  Merging $auto$simplemap.cc:277:simplemap_mux$5375 (A=$techmap\CPU.$procmux$909_Y [25], B=1'0, S=\adapter.reset_req) into $auto$simplemap.cc:420:simplemap_dff$4676 (SB_DFFE).
  Merging $auto$simplemap.cc:277:simplemap_mux$5376 (A=$techmap\CPU.$procmux$909_Y [26], B=1'0, S=\adapter.reset_req) into $auto$simplemap.cc:420:simplemap_dff$4677 (SB_DFFE).
  Merging $auto$simplemap.cc:277:simplemap_mux$5377 (A=$techmap\CPU.$procmux$909_Y [27], B=1'0, S=\adapter.reset_req) into $auto$simplemap.cc:420:simplemap_dff$4678 (SB_DFFE).
  Merging $auto$simplemap.cc:277:simplemap_mux$5378 (A=$techmap\CPU.$procmux$909_Y [28], B=1'0, S=\adapter.reset_req) into $auto$simplemap.cc:420:simplemap_dff$4679 (SB_DFFE).
  Merging $auto$simplemap.cc:277:simplemap_mux$5379 (A=$techmap\CPU.$procmux$909_Y [29], B=1'0, S=\adapter.reset_req) into $auto$simplemap.cc:420:simplemap_dff$4680 (SB_DFFE).
  Merging $auto$simplemap.cc:277:simplemap_mux$5380 (A=$techmap\CPU.$procmux$909_Y [30], B=1'0, S=\adapter.reset_req) into $auto$simplemap.cc:420:simplemap_dff$4681 (SB_DFFE).
  Merging $auto$simplemap.cc:277:simplemap_mux$5381 (A=$techmap\CPU.$procmux$909_Y [31], B=1'0, S=\adapter.reset_req) into $auto$simplemap.cc:420:simplemap_dff$4682 (SB_DFFE).
  Merging $auto$simplemap.cc:277:simplemap_mux$5346 (A=$techmap\CPU.$procmux$919_Y, B=1'0, S=\adapter.reset_req) into $auto$simplemap.cc:420:simplemap_dff$4683 (SB_DFF).
  Merging $auto$simplemap.cc:277:simplemap_mux$5358 (A=$techmap\CPU.$procmux$909_Y [8], B=1'0, S=\adapter.reset_req) into $auto$simplemap.cc:420:simplemap_dff$4659 (SB_DFFE).

9.39. Executing ICE40_OPT pass (performing simple optimizations).

9.39.1. Running ICE40 specific optimizations.

9.39.2. Executing OPT_EXPR pass (perform const folding).
Optimizing module SOC.
<suppressed ~240 debug messages>

9.39.3. Executing OPT_MERGE pass (detect identical cells).
Finding identical cells in module `\SOC'.
<suppressed ~8400 debug messages>
Removed a total of 2800 cells.

9.39.4. Executing OPT_RMDFF pass (remove dff with constant values).

9.39.5. Executing OPT_CLEAN pass (remove unused cells and wires).
Finding unused cells or wires in module \SOC..
Removed 36 unused cells and 8444 unused wires.
<suppressed ~37 debug messages>

9.39.6. Rerunning OPT passes. (Removed registers in this run.)

9.39.7. Running ICE40 specific optimizations.

9.39.8. Executing OPT_EXPR pass (perform const folding).
Optimizing module SOC.
<suppressed ~3 debug messages>

9.39.9. Executing OPT_MERGE pass (detect identical cells).
Finding identical cells in module `\SOC'.
Removed a total of 0 cells.

9.39.10. Executing OPT_RMDFF pass (remove dff with constant values).

9.39.11. Executing OPT_CLEAN pass (remove unused cells and wires).
Finding unused cells or wires in module \SOC..

9.39.12. Rerunning OPT passes. (Removed registers in this run.)

9.39.13. Running ICE40 specific optimizations.

9.39.14. Executing OPT_EXPR pass (perform const folding).
Optimizing module SOC.

9.39.15. Executing OPT_MERGE pass (detect identical cells).
Finding identical cells in module `\SOC'.
Removed a total of 0 cells.

9.39.16. Executing OPT_RMDFF pass (remove dff with constant values).

9.39.17. Executing OPT_CLEAN pass (remove unused cells and wires).
Finding unused cells or wires in module \SOC..

9.39.18. Finished OPT passes. (There is nothing left to do.)

9.40. Executing TECHMAP pass (map to technology primitives).

9.40.1. Executing Verilog-2005 frontend: /usr/bin/../share/yosys/ice40/latches_map.v
Parsing Verilog input from `/usr/bin/../share/yosys/ice40/latches_map.v' to AST representation.
Generating RTLIL representation for module `\$_DLATCH_N_'.
Generating RTLIL representation for module `\$_DLATCH_P_'.
Successfully finished Verilog frontend.

9.40.2. Continuing TECHMAP pass.
No more expansions possible.

9.41. Executing ABC pass (technology mapping using ABC).

9.41.1. Extracting gate netlist of module `\SOC' to `<abc-temp-dir>/input.blif'..
Extracted 3555 gates and 4478 wires to a netlist network with 921 inputs and 555 outputs.

9.41.1.1. Executing ABC.
Running ABC command: berkeley-abc -s -f <abc-temp-dir>/abc.script 2>&1
ABC: ABC command line: "source <abc-temp-dir>/abc.script".
ABC: 
ABC: + read_blif <abc-temp-dir>/input.blif 
ABC: + read_lut <abc-temp-dir>/lutdefs.txt 
ABC: + strash 
ABC: + ifraig 
ABC: + scorr 
ABC: Warning: The network is combinational (run "fraig" or "fraig_sweep").
ABC: + dc2 
ABC: + dretime 
ABC: + retime 
ABC: + strash 
ABC: + dch -f 
ABC: + if 
ABC: + mfs2 
ABC: + lutpack -S 1 
ABC: + dress 
ABC: Total number of equiv classes                =     949.
ABC: Participating nodes from both networks       =    2055.
ABC: Participating nodes from the first network   =     987. (  62.51 % of nodes)
ABC: Participating nodes from the second network  =    1068. (  67.64 % of nodes)
ABC: Node pairs (any polarity)                    =     987. (  62.51 % of names can be moved)
ABC: Node pairs (same polarity)                   =     730. (  46.23 % of names can be moved)
ABC: Total runtime =     0.27 sec
ABC: + write_blif <abc-temp-dir>/output.blif 

9.41.1.2. Re-integrating ABC results.
ABC RESULTS:              $lut cells:     3156
ABC RESULTS:        internal signals:     3002
ABC RESULTS:           input signals:      921
ABC RESULTS:          output signals:      555
Removing temp directory.
Removed 0 unused cells and 1916 unused wires.

9.42. Executing TECHMAP pass (map to technology primitives).

9.42.1. Executing Verilog-2005 frontend: /usr/bin/../share/yosys/ice40/cells_map.v
Parsing Verilog input from `/usr/bin/../share/yosys/ice40/cells_map.v' to AST representation.
Generating RTLIL representation for module `\$_DFF_N_'.
Generating RTLIL representation for module `\$_DFF_P_'.
Generating RTLIL representation for module `\$_DFFE_NN_'.
Generating RTLIL representation for module `\$_DFFE_PN_'.
Generating RTLIL representation for module `\$_DFFE_NP_'.
Generating RTLIL representation for module `\$_DFFE_PP_'.
Generating RTLIL representation for module `\$_DFF_NN0_'.
Generating RTLIL representation for module `\$_DFF_NN1_'.
Generating RTLIL representation for module `\$_DFF_PN0_'.
Generating RTLIL representation for module `\$_DFF_PN1_'.
Generating RTLIL representation for module `\$_DFF_NP0_'.
Generating RTLIL representation for module `\$_DFF_NP1_'.
Generating RTLIL representation for module `\$_DFF_PP0_'.
Generating RTLIL representation for module `\$_DFF_PP1_'.
Generating RTLIL representation for module `\$__DFFE_NN0'.
Generating RTLIL representation for module `\$__DFFE_NN1'.
Generating RTLIL representation for module `\$__DFFE_PN0'.
Generating RTLIL representation for module `\$__DFFE_PN1'.
Generating RTLIL representation for module `\$__DFFE_NP0'.
Generating RTLIL representation for module `\$__DFFE_NP1'.
Generating RTLIL representation for module `\$__DFFE_PP0'.
Generating RTLIL representation for module `\$__DFFE_PP1'.
Generating RTLIL representation for module `\$lut'.
Successfully finished Verilog frontend.

9.42.2. Continuing TECHMAP pass.
Using template $paramod\$lut\WIDTH=4\LUT=16'0001000000000000 for cells of type $lut.
Using template $paramod\$lut\WIDTH=3\LUT=8'10011111 for cells of type $lut.
Using template $paramod\$lut\WIDTH=2\LUT=4'0100 for cells of type $lut.
Using template $paramod\$lut\WIDTH=3\LUT=8'00110101 for cells of type $lut.
Using template $paramod\$lut\WIDTH=4\LUT=16'0011010100110011 for cells of type $lut.
Using template $paramod\$lut\WIDTH=3\LUT=8'00010000 for cells of type $lut.
Using template $paramod\$lut\WIDTH=3\LUT=8'11001010 for cells of type $lut.
Using template $paramod\$lut\WIDTH=2\LUT=4'1000 for cells of type $lut.
Using template $paramod\$lut\WIDTH=3\LUT=8'10000000 for cells of type $lut.
Using template $paramod\$lut\WIDTH=4\LUT=16'0100000000000000 for cells of type $lut.
Using template $paramod\$lut\WIDTH=3\LUT=8'00001011 for cells of type $lut.
Using template $paramod\$lut\WIDTH=4\LUT=16'1000000000000000 for cells of type $lut.
Using template $paramod\$lut\WIDTH=4\LUT=16'0111111111111111 for cells of type $lut.
Using template $paramod\$lut\WIDTH=3\LUT=8'00010111 for cells of type $lut.
Using template $paramod\$lut\WIDTH=4\LUT=16'0000000000000001 for cells of type $lut.
Using template $paramod\$lut\WIDTH=3\LUT=8'00000001 for cells of type $lut.
Using template $paramod\$lut\WIDTH=3\LUT=8'01000000 for cells of type $lut.
Using template $paramod\$lut\WIDTH=3\LUT=8'10101100 for cells of type $lut.
Using template $paramod\$lut\WIDTH=4\LUT=16'0000001100000101 for cells of type $lut.
Using template $paramod\$lut\WIDTH=4\LUT=16'0011010100000000 for cells of type $lut.
Using template $paramod\$lut\WIDTH=4\LUT=16'0000101111111111 for cells of type $lut.
Using template $paramod\$lut\WIDTH=4\LUT=16'0000001100001010 for cells of type $lut.
Using template $paramod\$lut\WIDTH=4\LUT=16'0000111110111011 for cells of type $lut.
Using template $paramod\$lut\WIDTH=3\LUT=8'10001111 for cells of type $lut.
Using template $paramod\$lut\WIDTH=3\LUT=8'01010011 for cells of type $lut.
Using template $paramod\$lut\WIDTH=4\LUT=16'0000101110111011 for cells of type $lut.
Using template $paramod\$lut\WIDTH=4\LUT=16'1100111101010000 for cells of type $lut.
Using template $paramod\$lut\WIDTH=4\LUT=16'1100111110100000 for cells of type $lut.
Using template $paramod\$lut\WIDTH=4\LUT=16'1111110000001010 for cells of type $lut.
Using template $paramod\$lut\WIDTH=2\LUT=4'0001 for cells of type $lut.
Using template $paramod\$lut\WIDTH=4\LUT=16'1100101000000000 for cells of type $lut.
Using template $paramod\$lut\WIDTH=3\LUT=8'11000101 for cells of type $lut.
Using template $paramod\$lut\WIDTH=4\LUT=16'0000110000001010 for cells of type $lut.
Using template $paramod\$lut\WIDTH=3\LUT=8'11110100 for cells of type $lut.
Using template $paramod\$lut\WIDTH=4\LUT=16'0000101000001100 for cells of type $lut.
Using template $paramod\$lut\WIDTH=4\LUT=16'1010110000000000 for cells of type $lut.
Using template $paramod\$lut\WIDTH=4\LUT=16'0000000000000111 for cells of type $lut.
Using template $paramod\$lut\WIDTH=4\LUT=16'1010001100110011 for cells of type $lut.
Using template $paramod\$lut\WIDTH=4\LUT=16'1111010000000000 for cells of type $lut.
Using template $paramod\$lut\WIDTH=4\LUT=16'0011101000000011 for cells of type $lut.
Using template $paramod\$lut\WIDTH=4\LUT=16'0011010111111111 for cells of type $lut.
Using template $paramod\$lut\WIDTH=3\LUT=8'00001110 for cells of type $lut.
Using template $paramod\$lut\WIDTH=4\LUT=16'1110001111111111 for cells of type $lut.
Using template $paramod\$lut\WIDTH=3\LUT=8'10110000 for cells of type $lut.
Using template $paramod\$lut\WIDTH=4\LUT=16'0111011111110000 for cells of type $lut.
Using template $paramod\$lut\WIDTH=4\LUT=16'1111110000000101 for cells of type $lut.
Using template $paramod\$lut\WIDTH=4\LUT=16'0001000100001111 for cells of type $lut.
Using template $paramod\$lut\WIDTH=4\LUT=16'0100111111110000 for cells of type $lut.
Using template $paramod\$lut\WIDTH=4\LUT=16'0000101100000000 for cells of type $lut.
Using template $paramod\$lut\WIDTH=3\LUT=8'01110000 for cells of type $lut.
Using template $paramod\$lut\WIDTH=4\LUT=16'1111000000010001 for cells of type $lut.
Using template $paramod\$lut\WIDTH=4\LUT=16'0011101000000000 for cells of type $lut.
Using template $paramod\$lut\WIDTH=4\LUT=16'1111111100010000 for cells of type $lut.
Using template $paramod\$lut\WIDTH=4\LUT=16'0000000000001011 for cells of type $lut.
Using template $paramod\$lut\WIDTH=4\LUT=16'0000000010001111 for cells of type $lut.
Using template $paramod\$lut\WIDTH=4\LUT=16'0001111100000000 for cells of type $lut.
Using template $paramod\$lut\WIDTH=4\LUT=16'0001000111110000 for cells of type $lut.
Using template $paramod\$lut\WIDTH=4\LUT=16'0000000011111000 for cells of type $lut.
Using template $paramod\$lut\WIDTH=4\LUT=16'0000011100000000 for cells of type $lut.
Using template $paramod\$lut\WIDTH=3\LUT=8'11010000 for cells of type $lut.
Using template $paramod\$lut\WIDTH=4\LUT=16'1111001100000101 for cells of type $lut.
Using template $paramod\$lut\WIDTH=4\LUT=16'0000111100010001 for cells of type $lut.
Using template $paramod\$lut\WIDTH=4\LUT=16'0000000100000000 for cells of type $lut.
Using template $paramod\$lut\WIDTH=4\LUT=16'1111100000000000 for cells of type $lut.
Using template $paramod\$lut\WIDTH=2\LUT=4'1110 for cells of type $lut.
Using template $paramod\$lut\WIDTH=3\LUT=8'11101111 for cells of type $lut.
Using template $paramod\$lut\WIDTH=2\LUT=4'0111 for cells of type $lut.
Using template $paramod\$lut\WIDTH=4\LUT=16'0100000011111111 for cells of type $lut.
Using template $paramod\$lut\WIDTH=3\LUT=8'00011111 for cells of type $lut.
Using template $paramod\$lut\WIDTH=4\LUT=16'1011000011111111 for cells of type $lut.
Using template $paramod\$lut\WIDTH=2\LUT=4'1011 for cells of type $lut.
Using template $paramod\$lut\WIDTH=3\LUT=8'01111111 for cells of type $lut.
Using template $paramod\$lut\WIDTH=2\LUT=4'1001 for cells of type $lut.
Using template $paramod\$lut\WIDTH=4\LUT=16'1111000111111111 for cells of type $lut.
Using template $paramod\$lut\WIDTH=3\LUT=8'00111010 for cells of type $lut.
Using template $paramod\$lut\WIDTH=4\LUT=16'1011000000000000 for cells of type $lut.
Using template $paramod\$lut\WIDTH=4\LUT=16'0000011101110111 for cells of type $lut.
Using template $paramod\$lut\WIDTH=3\LUT=8'01001111 for cells of type $lut.
Using template $paramod\$lut\WIDTH=4\LUT=16'1000111110001000 for cells of type $lut.
Using template $paramod\$lut\WIDTH=4\LUT=16'1110101111111111 for cells of type $lut.
Using template $paramod\$lut\WIDTH=3\LUT=8'00000111 for cells of type $lut.
Using template $paramod\$lut\WIDTH=4\LUT=16'1111001011111111 for cells of type $lut.
Using template $paramod\$lut\WIDTH=4\LUT=16'1111010001000100 for cells of type $lut.
Using template $paramod\$lut\WIDTH=4\LUT=16'1111000010001000 for cells of type $lut.
Using template $paramod\$lut\WIDTH=3\LUT=8'11111000 for cells of type $lut.
Using template $paramod\$lut\WIDTH=4\LUT=16'1111000011001110 for cells of type $lut.
Using template $paramod\$lut\WIDTH=3\LUT=8'01011100 for cells of type $lut.
Using template $paramod\$lut\WIDTH=4\LUT=16'0101110000000000 for cells of type $lut.
Using template $paramod\$lut\WIDTH=4\LUT=16'1010001100000000 for cells of type $lut.
Using template $paramod\$lut\WIDTH=4\LUT=16'0100111100000000 for cells of type $lut.
Using template $paramod\$lut\WIDTH=4\LUT=16'1111100011111111 for cells of type $lut.
Using template $paramod\$lut\WIDTH=4\LUT=16'1110111011110000 for cells of type $lut.
Using template $paramod\$lut\WIDTH=3\LUT=8'10100011 for cells of type $lut.
Using template $paramod\$lut\WIDTH=4\LUT=16'0000111101110111 for cells of type $lut.
Using template $paramod\$lut\WIDTH=4\LUT=16'1111001111110101 for cells of type $lut.
Using template $paramod\$lut\WIDTH=4\LUT=16'1111000010111011 for cells of type $lut.
Using template $paramod\$lut\WIDTH=4\LUT=16'1111111111100000 for cells of type $lut.
Using template $paramod\$lut\WIDTH=4\LUT=16'1111111100001110 for cells of type $lut.
Using template $paramod\$lut\WIDTH=4\LUT=16'0000010100001100 for cells of type $lut.
Using template $paramod\$lut\WIDTH=4\LUT=16'1111000001000100 for cells of type $lut.
Using template $paramod\$lut\WIDTH=4\LUT=16'0000000011101111 for cells of type $lut.
Using template $paramod\$lut\WIDTH=3\LUT=8'00001101 for cells of type $lut.
Using template $paramod\$lut\WIDTH=4\LUT=16'1100010100000000 for cells of type $lut.
Using template $paramod\$lut\WIDTH=4\LUT=16'1110110000001110 for cells of type $lut.
Using template $paramod\$lut\WIDTH=4\LUT=16'1011111100000000 for cells of type $lut.
Using template $paramod\$lut\WIDTH=4\LUT=16'0000101011111100 for cells of type $lut.
Using template $paramod\$lut\WIDTH=4\LUT=16'1100010111111111 for cells of type $lut.
Using template $paramod\$lut\WIDTH=4\LUT=16'0000000010111111 for cells of type $lut.
Using template $paramod\$lut\WIDTH=4\LUT=16'1011101111110000 for cells of type $lut.
Using template $paramod\$lut\WIDTH=4\LUT=16'1111000011010101 for cells of type $lut.
Using template $paramod\$lut\WIDTH=4\LUT=16'0000000001001111 for cells of type $lut.
Using template $paramod\$lut\WIDTH=4\LUT=16'1101011100000000 for cells of type $lut.
Using template $paramod\$lut\WIDTH=4\LUT=16'0000000011110100 for cells of type $lut.
Using template $paramod\$lut\WIDTH=4\LUT=16'0101001100000000 for cells of type $lut.
Using template $paramod\$lut\WIDTH=3\LUT=8'11100000 for cells of type $lut.
Using template $paramod\$lut\WIDTH=4\LUT=16'1111000100000000 for cells of type $lut.
Using template $paramod\$lut\WIDTH=4\LUT=16'1111111011111111 for cells of type $lut.
Using template $paramod\$lut\WIDTH=4\LUT=16'1100011100000000 for cells of type $lut.
Using template $paramod\$lut\WIDTH=4\LUT=16'0000000000011111 for cells of type $lut.
Using template $paramod\$lut\WIDTH=4\LUT=16'1110111100000000 for cells of type $lut.
Using template $paramod\$lut\WIDTH=4\LUT=16'1011101100001111 for cells of type $lut.
Using template $paramod\$lut\WIDTH=4\LUT=16'0101010111000011 for cells of type $lut.
Using template $paramod\$lut\WIDTH=4\LUT=16'0000110000000101 for cells of type $lut.
Using template $paramod\$lut\WIDTH=4\LUT=16'1100101011001100 for cells of type $lut.
Using template $paramod\$lut\WIDTH=4\LUT=16'0000000100010000 for cells of type $lut.
Using template $paramod\$lut\WIDTH=4\LUT=16'1100110011001010 for cells of type $lut.
Using template $paramod\$lut\WIDTH=4\LUT=16'0000001000110000 for cells of type $lut.
Using template $paramod\$lut\WIDTH=4\LUT=16'1111100110000111 for cells of type $lut.
Using template $paramod\$lut\WIDTH=4\LUT=16'1011111011111111 for cells of type $lut.
Using template $paramod\$lut\WIDTH=4\LUT=16'1101011000111101 for cells of type $lut.
Using template $paramod\$lut\WIDTH=4\LUT=16'0011101011111111 for cells of type $lut.
Using template $paramod\$lut\WIDTH=4\LUT=16'0111110100000000 for cells of type $lut.
Using template $paramod\$lut\WIDTH=4\LUT=16'1110111111111111 for cells of type $lut.
Using template $paramod\$lut\WIDTH=4\LUT=16'1011010011111111 for cells of type $lut.
Using template $paramod\$lut\WIDTH=4\LUT=16'1000111111111111 for cells of type $lut.
Using template $paramod\$lut\WIDTH=1\LUT=2'01 for cells of type $lut.
Using template $paramod\$lut\WIDTH=2\LUT=4'0110 for cells of type $lut.
Using template $paramod\$lut\WIDTH=4\LUT=16'0111011101110000 for cells of type $lut.
Using template $paramod\$lut\WIDTH=4\LUT=16'1000111111110000 for cells of type $lut.
Using template $paramod\$lut\WIDTH=3\LUT=8'01111100 for cells of type $lut.
Using template $paramod\$lut\WIDTH=4\LUT=16'0000011111111111 for cells of type $lut.
Using template $paramod\$lut\WIDTH=4\LUT=16'1100010111001100 for cells of type $lut.
Using template $paramod\$lut\WIDTH=4\LUT=16'1110111100110000 for cells of type $lut.
Using template $paramod\$lut\WIDTH=4\LUT=16'1100101100000000 for cells of type $lut.
No more expansions possible.
<suppressed ~3157 debug messages>
Removed 0 unused cells and 3146 unused wires.

9.43. Executing HIERARCHY pass (managing design hierarchy).

9.43.1. Analyzing design hierarchy..
Top module:  \SOC

9.43.2. Analyzing design hierarchy..
Top module:  \SOC
Removed 0 unused modules.

9.44. Printing statistics.

=== SOC ===

   Number of wires:               1837
   Number of wire bits:           5435
   Number of public wires:         252
   Number of public wire bits:    3392
   Number of memories:               0
   Number of memory bits:            0
   Number of processes:              0
   Number of cells:               2852
     SB_CARRY                      211
     SB_DFF                         32
     SB_DFFE                       147
     SB_DFFER                      451
     SB_DFFES                        2
     SB_DFFESR                      35
     SB_DFFR                       163
     SB_DFFSR                        1
     SB_LUT4                      1792
     SB_RAM40_4K                    18

9.45. Executing CHECK pass (checking for obvious problems).
checking module SOC..
found and reported 0 problems.

10. Printing statistics.

=== SOC ===

   Number of wires:               1837
   Number of wire bits:           5435
   Number of public wires:         252
   Number of public wire bits:    3392
   Number of memories:               0
   Number of memory bits:            0
   Number of processes:              0
   Number of cells:               2852
     SB_CARRY                      211
     SB_DFF                         32
     SB_DFFE                       147
     SB_DFFER                      451
     SB_DFFES                        2
     SB_DFFESR                      35
     SB_DFFR                       163
     SB_DFFSR                        1
     SB_LUT4                      1792
     SB_RAM40_4K                    18

11. Executing JSON backend.

Warnings: 57 unique messages, 57 total
End of script. Logfile hash: ec05ce3880
CPU: user 9.42s system 0.12s, MEM: 188.50 MB total, 183.19 MB resident
Yosys 0.9 (git sha1 1979e0b)
Time spent: 23% 24x opt_clean (2 sec), 19% 24x opt_expr (1 sec), ...
